# Blender 4.4.3
# www.blender.org
mtllib Enemy.mtl
o Suzanne
v 0.771812 1.601266 1.330737
v -0.771812 1.601266 1.330737
v 0.849260 1.518476 1.204073
v -0.849260 1.518476 1.204073
v 0.927090 1.448277 1.023233
v -0.927090 1.448277 1.023233
v 0.618060 1.324665 1.082750
v -0.618060 1.324665 1.082750
v 0.618442 1.423860 1.250236
v -0.618442 1.423860 1.250236
v 0.619968 1.541368 1.361258
v -0.619968 1.541368 1.361258
v 0.473464 1.601266 1.386820
v -0.473465 1.601266 1.386820
v 0.388767 1.518476 1.286862
v -0.388767 1.518476 1.286862
v 0.309030 1.448277 1.133110
v -0.309030 1.448277 1.133110
v 0.183129 1.748151 1.149134
v -0.183129 1.748151 1.149134
v 0.293769 1.746624 1.294874
v -0.293769 1.746624 1.294874
v 0.413566 1.747769 1.391780
v -0.413566 1.747769 1.391780
v 0.473465 1.899995 1.386820
v -0.473465 1.899995 1.386820
v 0.388767 1.977062 1.286862
v -0.388767 1.977062 1.286862
v 0.309030 2.054892 1.133110
v -0.309030 2.054892 1.133110
v 0.618060 2.180793 1.082750
v -0.618060 2.180793 1.082750
v 0.618442 2.072441 1.250236
v -0.618442 2.072441 1.250236
v 0.619968 1.961801 1.361258
v -0.619968 1.961801 1.361258
v 0.771812 1.899995 1.330737
v -0.771812 1.899995 1.330737
v 0.849260 1.977062 1.204073
v -0.849260 1.977062 1.204073
v 0.927090 2.054892 1.023233
v -0.927090 2.054892 1.023233
v 1.052991 1.748151 0.998053
v -1.052991 1.748151 0.998053
v 0.944640 1.746624 1.182708
v -0.944640 1.746624 1.182708
v 0.832474 1.747769 1.317002
v -0.832474 1.747769 1.317002
v 0.790761 1.747896 1.371687
v -0.790761 1.747896 1.371687
v 0.743325 1.872780 1.383259
v -0.743325 1.872780 1.383259
v 0.620095 1.924921 1.411492
v -0.620095 1.924921 1.411492
v 0.501061 1.872780 1.432984
v -0.501061 1.872780 1.432984
v 0.450955 1.747896 1.437053
v -0.450955 1.747896 1.437053
v 0.501061 1.628862 1.432984
v -0.501061 1.628862 1.432984
v 0.619293 1.747710 1.438619
v -0.619293 1.747710 1.438619
v 0.620095 1.578756 1.411492
v -0.620095 1.578756 1.411492
v 0.743325 1.628862 1.383259
v -0.743325 1.628862 1.383259
v 0.000000 2.083124 1.292585
v 0.000000 1.941476 1.411757
v 0.000000 0.170656 1.292584
v 0.000000 0.788353 1.378203
v -0.000000 1.019388 1.383375
v 0.000000 -0.017062 1.263909
v 0.000000 2.107795 1.095721
v 0.000000 2.316197 0.936871
v 0.000000 2.796564 -0.834000
v 0.000000 2.209788 -1.310898
v 0.000000 1.496348 -1.325396
v 0.000000 0.718050 -0.509709
v 0.413185 1.014109 1.021325
v -0.413185 1.014109 1.021325
v 0.494067 0.537974 0.991948
v -0.494067 0.537974 0.991948
v 0.553965 0.168664 0.977069
v -0.553965 0.168664 0.977069
v 0.579908 -0.143418 0.936247
v -0.579908 -0.143419 0.936247
v 0.516195 -0.305183 0.925946
v -0.516195 -0.305183 0.925946
v 0.296058 -0.363173 0.961808
v -0.296058 -0.363173 0.961808
v 0.000000 -0.386064 0.988133
v 0.743961 1.127801 0.967913
v -0.743961 1.127801 0.967913
v 1.093814 1.312838 0.918315
v -1.093814 1.312838 0.918315
v 1.366218 1.624920 0.865284
v -1.366218 1.624920 0.865284
v 1.412763 1.992322 0.998434
v -1.412763 1.992322 0.998434
v 1.206743 2.161335 1.097247
v -1.206743 2.161335 1.097247
v 0.864521 2.355147 1.196061
v -0.864521 2.355146 1.196061
v 0.568081 2.545906 1.273127
v -0.568081 2.545906 1.273127
v 0.316660 2.484481 1.309753
v -0.316660 2.484481 1.309753
v 0.140017 2.202539 1.304030
v -0.140017 2.202539 1.304030
v 0.294532 2.034289 1.376901
v -0.294532 2.034289 1.376901
v 0.214413 1.867184 1.365074
v -0.214413 1.867184 1.365074
v 0.379611 1.436068 1.317384
v -0.379611 1.436068 1.317384
v 0.650489 1.373881 1.245277
v -0.650489 1.373881 1.245277
v 0.895043 1.459341 1.183089
v -0.895043 1.459341 1.183089
v 1.082750 1.654678 1.146082
v -1.082750 1.654679 1.146082
v 1.124335 1.848490 1.157527
v -1.124335 1.848490 1.157527
v 1.030100 1.984692 1.205980
v -1.030100 1.984692 1.205980
v 0.777916 2.102581 1.290296
v -0.777916 2.102582 1.290296
v 0.431497 2.154849 1.362784
v -0.431498 2.154849 1.362784
v 0.000000 0.020803 1.270110
v 0.199977 0.011566 1.259326
v -0.199977 0.011566 1.259326
v 0.217084 -0.148538 1.228184
v -0.217084 -0.148538 1.228184
v 0.128953 -0.232085 1.208340
v -0.128953 -0.232084 1.208340
v 0.000000 -0.252398 1.201315
v 0.000000 1.025772 1.345998
v -0.000000 1.088678 1.321026
v 0.165961 1.059891 1.329974
v -0.165961 1.059891 1.329974
v 0.217084 0.925978 1.321199
v -0.217084 0.925978 1.321199
v 0.160421 0.782871 1.316102
v -0.160421 0.782871 1.316102
v 0.689786 1.246454 1.169736
v -0.689786 1.246454 1.169736
v 1.032389 1.408218 1.087328
v -1.032389 1.408218 1.087328
v 1.245277 1.664979 1.053754
v -1.245277 1.664979 1.053754
v 1.284191 1.933950 1.131203
v -1.284191 1.933950 1.131203
v 1.142267 2.077783 1.232687
v -1.142267 2.077783 1.232687
v 0.813016 2.258622 1.337604
v -0.813016 2.258622 1.337604
v 0.560832 2.397877 1.406278
v -0.560832 2.397877 1.406277
v 0.361680 2.347898 1.436036
v -0.361680 2.347898 1.436036
v 0.189233 2.115934 1.431076
v -0.189233 2.115934 1.431076
v 0.269491 1.155063 1.329350
v -0.269491 1.155063 1.329350
v 0.364732 0.504400 1.213611
v -0.364732 0.504400 1.213611
v 0.422341 0.131722 1.186472
v -0.422341 0.131722 1.186472
v 0.439891 -0.105384 1.146261
v -0.439891 -0.105384 1.146262
v 0.389149 -0.252848 1.111313
v -0.389149 -0.252848 1.111313
v 0.243027 -0.309761 1.109456
v -0.243027 -0.309761 1.109456
v 0.000000 -0.328837 1.117086
v 0.000000 1.389176 1.309788
v 0.000000 1.688634 1.344471
v 0.581053 2.175451 1.335697
v -0.581053 2.175451 1.335697
v 0.255999 1.550524 1.325396
v -0.255999 1.550524 1.325396
v 0.211743 1.697409 1.341801
v -0.211743 1.697409 1.341801
v 0.200297 0.164815 1.278864
v -0.200297 0.164814 1.278864
v 0.162908 0.507809 1.305372
v -0.162908 0.507809 1.305373
v 0.000000 0.502775 1.332289
v 0.000000 0.725388 1.355411
v 0.142688 0.841688 1.375795
v -0.142688 0.841688 1.375795
v 0.206783 0.933990 1.387583
v -0.206783 0.933990 1.387583
v 0.170920 1.051879 1.375374
v -0.170920 1.051879 1.375374
v 0.070581 1.069223 1.374227
v -0.070581 1.069223 1.374227
v 0.000000 0.969975 1.418180
v 0.085842 1.041294 1.414654
v -0.085842 1.041294 1.414654
v 0.152226 1.027916 1.419817
v -0.152226 1.027916 1.419817
v 0.157186 0.939369 1.430409
v -0.157186 0.939369 1.430409
v 0.120751 0.869941 1.408799
v -0.120751 0.869941 1.408798
v 0.000000 0.847636 1.400537
v 0.426156 0.763833 0.988133
v -0.426156 0.763833 0.988133
v 0.289573 0.911099 1.234976
v -0.289573 0.911099 1.234976
v 0.317423 0.757728 1.214755
v -0.317423 0.757728 1.214755
v 0.381900 0.893167 1.001868
v -0.381900 0.893167 1.001868
v 0.000000 -0.217385 1.233311
v 0.082408 -0.196227 1.236543
v -0.082408 -0.196227 1.236543
v 0.151081 -0.113152 1.249232
v -0.151081 -0.113152 1.249232
v 0.137347 -0.014900 1.264239
v -0.137347 -0.014900 1.264239
v 0.000000 -0.057246 1.168263
v 0.127427 -0.047348 1.168954
v -0.127427 -0.047348 1.168954
v 0.146503 -0.102087 1.161950
v -0.146503 -0.102087 1.161950
v 0.090801 -0.148532 1.142591
v -0.090801 -0.148532 1.142591
v 0.000000 -0.166174 1.140272
v 0.303689 1.709617 1.356299
v -0.303689 1.709617 1.356299
v 0.333829 1.599358 1.349431
v -0.333829 1.599358 1.349431
v 0.595169 2.071297 1.331881
v -0.595169 2.071297 1.331881
v 0.476135 2.057181 1.350194
v -0.476135 2.057181 1.350194
v 0.757696 2.023607 1.313568
v -0.757696 2.023607 1.313568
v 0.957230 1.936621 1.227345
v -0.957230 1.936621 1.227345
v 1.026666 1.819876 1.193771
v -1.026666 1.819876 1.193772
v 0.993093 1.663835 1.195298
v -0.993093 1.663835 1.195298
v 0.838578 1.509320 1.242224
v -0.838578 1.509320 1.242225
v 0.645148 1.449422 1.292585
v -0.645148 1.449422 1.292585
v 0.428445 1.511227 1.342564
v -0.428445 1.511227 1.342564
v 0.313227 1.844675 1.361640
v -0.313227 1.844675 1.361640
v 0.372744 1.976299 1.362021
v -0.372744 1.976299 1.362021
v 0.414329 1.945014 1.334552
v -0.414329 1.945014 1.334552
v 0.354812 1.839715 1.329974
v -0.354812 1.839715 1.329974
v 0.453244 1.542130 1.320817
v -0.453244 1.542130 1.320817
v 0.645530 1.491770 1.279613
v -0.645530 1.491770 1.279613
v 0.810345 1.544420 1.233831
v -0.810345 1.544420 1.233831
v 0.938536 1.684055 1.190338
v -0.938536 1.684055 1.190338
v 0.966005 1.809957 1.183471
v -0.966005 1.809957 1.183471
v 0.906488 1.910677 1.213229
v -0.906488 1.910678 1.213229
v 0.739383 1.995375 1.297926
v -0.739383 1.995375 1.297926
v 0.496737 2.011398 1.339130
v -0.496737 2.011398 1.339130
v 0.597458 2.027422 1.323106
v -0.597458 2.027422 1.323106
v 0.366258 1.624539 1.320817
v -0.366258 1.624539 1.320817
v 0.345656 1.722970 1.320817
v -0.345656 1.722970 1.320817
v 0.235321 2.203043 1.080369
v -0.235321 2.203043 1.080369
v 0.368547 2.437173 1.130821
v -0.368547 2.437173 1.130821
v 0.569989 2.482955 1.100490
v -0.569989 2.482955 1.100490
v 0.783426 2.294149 0.982578
v -0.783426 2.294149 0.982578
v 1.167828 2.140733 0.859943
v -1.167828 2.140733 0.859943
v 1.363929 1.985837 0.779824
v -1.363929 1.985837 0.779824
v 1.349813 1.639036 0.636755
v -1.349813 1.639036 0.636755
v 1.096866 1.320468 0.664987
v -1.096866 1.320468 0.664987
v 0.718964 1.112419 0.775276
v -0.718964 1.112419 0.775276
v 0.000000 2.800379 0.448666
v 0.000000 2.971299 -0.153370
v 0.000000 1.023265 -1.056806
v 0.000000 0.566969 0.196101
v 0.000000 -0.330363 0.801189
v 0.000000 -0.051854 0.642477
v 0.000000 0.297617 0.573804
v 0.000000 0.487613 0.470794
v 1.412382 1.715340 0.231582
v -1.412382 1.715340 0.231582
v 1.451205 1.834313 -0.087902
v -1.451205 1.834313 -0.087902
v 1.331713 1.830742 -0.719147
v -1.331713 1.830742 -0.719147
v 0.689786 2.097621 -1.150279
v -0.689786 2.097621 -1.150279
v 1.205904 1.276136 0.130205
v -1.205904 1.276136 0.130205
v 1.099323 1.139888 -0.298866
v -1.099323 1.139888 -0.298866
v 1.147226 1.339926 -0.687878
v -1.147226 1.339926 -0.687878
v 0.563376 1.470405 -1.161597
v -0.563376 1.470405 -1.161597
v 0.417000 0.631827 0.719926
v -0.417000 0.631827 0.719926
v 0.274693 0.563154 0.502841
v -0.274693 0.563154 0.502841
v 0.485292 0.013767 0.721070
v -0.485292 0.013767 0.721070
v 0.439509 0.358660 0.725267
v -0.439509 0.358660 0.725267
v 0.495593 -0.236509 0.762846
v -0.495593 -0.236509 0.762846
v 0.251039 -0.002638 0.661172
v -0.251039 -0.002638 0.661172
v 0.234634 0.346070 0.610811
v -0.234634 0.346070 0.610811
v 0.284994 -0.293355 0.779061
v -0.284994 -0.293355 0.779061
v 0.428705 0.816574 0.696531
v -0.428705 0.816574 0.696531
v 0.434677 0.946580 0.832982
v -0.434677 0.946580 0.832982
v 0.453435 1.017352 0.883788
v -0.453435 1.017352 0.883788
v 0.373491 0.686369 0.263889
v -0.373491 0.686369 0.263889
v 0.467742 0.818390 -0.433787
v -0.467742 0.818390 -0.433787
v 0.526750 1.094228 -0.937264
v -0.526750 1.094228 -0.937264
v 0.719163 2.701184 -0.727556
v -0.719163 2.701184 -0.727556
v 0.718781 2.876301 -0.169013
v -0.718781 2.876301 -0.169013
v 0.719926 2.716826 0.348708
v -0.719926 2.716826 0.348708
v 0.736712 2.326533 0.726793
v -0.736712 2.326533 0.726793
v 1.313187 2.041157 0.485292
v -1.313187 2.041157 0.485292
v 1.107930 2.197579 0.543282
v -1.107930 2.197579 0.543282
v 1.112508 2.501650 0.157949
v -1.112508 2.501650 0.157949
v 1.357062 2.245651 0.138873
v -1.357062 2.245651 0.138873
v 1.361640 2.324244 -0.257907
v -1.361640 2.324244 -0.257907
v 1.117087 2.616105 -0.284231
v -1.117086 2.616105 -0.284231
v 1.111745 2.446330 -0.710388
v -1.111745 2.446330 -0.710388
v 1.325395 2.236304 -0.602036
v -1.325396 2.236304 -0.602036
v 1.051847 1.922123 -0.964097
v -1.051847 1.922123 -0.964097
v 0.847063 1.353599 -0.898156
v -0.847063 1.353599 -0.898156
v 1.453403 1.947486 -0.362595
v -1.453403 1.947486 -0.362595
v 0.712463 0.994026 0.284765
v -0.712463 0.994026 0.284765
v 0.777916 1.024028 -0.362443
v -0.777916 1.024028 -0.362443
v 1.582539 2.008346 -0.470794
v -1.582539 2.008346 -0.470794
v 1.406659 1.120171 -0.352142
v -1.406659 1.120171 -0.352142
v 1.819843 1.196475 -0.588683
v -1.819844 1.196475 -0.588683
v 2.190680 1.454000 -0.748539
v -2.190680 1.454000 -0.748539
v 2.303991 1.845438 -0.764563
v -2.303991 1.845438 -0.764563
v 2.132689 2.119750 -0.738238
v -2.132689 2.119750 -0.738238
v 1.819081 2.117842 -0.598603
v -1.819080 2.117842 -0.598603
v 1.812595 2.036579 -0.543664
v -1.812595 2.036579 -0.543664
v 2.069738 2.036579 -0.684063
v -2.069738 2.036579 -0.684063
v 2.200599 1.807667 -0.727174
v -2.200599 1.807667 -0.727174
v 2.104838 1.481851 -0.703520
v -2.104838 1.481851 -0.703520
v 1.811450 1.270489 -0.538323
v -1.811450 1.270489 -0.538323
v 1.482581 1.209065 -0.317805
v -1.482581 1.209065 -0.317805
v 1.625650 1.945014 -0.426538
v -1.625651 1.945014 -0.426538
v 1.663802 1.861080 -0.518102
v -1.663803 1.861080 -0.518102
v 1.561937 1.278120 -0.427301
v -1.561937 1.278120 -0.427301
v 1.824040 1.330006 -0.619968
v -1.824040 1.330006 -0.619968
v 2.069738 1.498256 -0.759985
v -2.069738 1.498256 -0.759985
v 2.152528 1.753873 -0.782113
v -2.152528 1.753873 -0.782113
v 2.044177 1.931661 -0.748158
v -2.044177 1.931661 -0.748158
v 1.822133 1.933187 -0.630269
v -1.822133 1.933187 -0.630269
v 1.501657 1.825980 -0.381519
v -1.501657 1.825980 -0.381519
v 1.452823 1.625302 -0.473465
v -1.452823 1.625302 -0.473465
v 1.367362 1.492533 -0.474609
v -1.367363 1.492533 -0.474609
v 1.423827 1.442554 -0.495020
v -1.423827 1.442554 -0.495020
v 1.437180 1.363198 -0.472702
v -1.437180 1.363198 -0.472702
v 1.431458 1.297196 -0.448666
v -1.431458 1.297196 -0.448666
v 1.304539 1.392067 -0.143197
v -1.304539 1.392067 -0.143197
v 1.288404 1.268628 -0.291541
v -1.288404 1.268628 -0.291541
v 1.314774 1.415039 -0.340986
v -1.314774 1.415039 -0.340986
v 1.415052 1.671465 -0.344893
v -1.415052 1.671465 -0.344893
v 1.554307 1.754636 -0.474609
v -1.554307 1.754636 -0.474609
v 1.588643 1.714195 -0.562358
v -1.588644 1.714195 -0.562358
v 1.477049 1.309213 -0.523062
v -1.477049 1.309213 -0.523062
v 1.500131 1.367777 -0.550150
v -1.500131 1.367777 -0.550150
v 1.462361 1.457433 -0.551676
v -1.462361 1.457433 -0.551676
v 1.403225 1.509511 -0.543092
v -1.403225 1.509511 -0.543092
v 1.487922 1.602029 -0.552057
v -1.487922 1.602029 -0.552057
v 1.848966 1.879902 -0.706572
v -1.848966 1.879902 -0.706572
v 2.035910 1.878376 -0.796611
v -2.035910 1.878376 -0.796611
v 2.128874 1.727930 -0.817976
v -2.128874 1.727930 -0.817976
v 2.048373 1.518095 -0.795466
v -2.048373 1.518095 -0.795466
v 1.823659 1.373881 -0.686733
v -1.823659 1.373881 -0.686733
v 1.589406 1.318561 -0.524207
v -1.589406 1.318561 -0.524207
v 1.698139 1.811483 -0.608522
v -1.698139 1.811483 -0.608522
v 1.564608 1.523055 -0.580671
v -1.564608 1.523055 -0.580671
v 1.618783 1.426149 -0.581816
v -1.618783 1.426149 -0.581816
v 1.758038 1.520384 -0.649345
v -1.758038 1.520384 -0.649345
v 1.677537 1.626446 -0.613863
v -1.677537 1.626446 -0.613863
v 1.782836 1.727167 -0.652778
v -1.782836 1.727167 -0.652778
v 1.883557 1.628354 -0.695890
v -1.883557 1.628354 -0.695890
v 1.977220 1.713814 -0.726793
v -1.977220 1.713814 -0.726793
v 1.911917 1.802453 -0.710769
v -1.911917 1.802453 -0.710769
v 1.820988 1.945777 -0.791269
v -1.820988 1.945777 -0.791269
v 2.171858 1.987744 -0.891355
v -2.171858 1.987744 -0.891355
v 2.328408 1.824264 -0.870053
v -2.328408 1.824263 -0.870053
v 2.220693 1.551669 -0.885632
v -2.220693 1.551669 -0.885632
v 1.828618 1.342215 -0.783639
v -1.828619 1.342215 -0.783639
v 1.431076 1.274686 -0.604707
v -1.431076 1.274686 -0.604707
v 1.522641 1.846201 -0.659264
v -1.522641 1.846201 -0.659264
v 0.881403 1.747054 1.260156
v 0.816879 1.667936 1.320722
v 0.805243 1.564592 1.277420
v 0.919555 1.623108 1.188526
v -0.919555 1.623108 1.188526
v -0.805243 1.564592 1.277420
v -0.816879 1.667936 1.320722
v -0.881403 1.747054 1.260156
v 1.001677 1.747101 1.093241
v 0.889892 1.480229 1.117086
v 1.020085 1.585338 1.004634
v -1.020085 1.585338 1.004634
v -0.889892 1.480229 1.117086
v -1.001677 1.747101 1.093241
v 0.743150 1.448849 1.226153
v 0.618108 1.369684 1.170642
v 0.785451 1.357285 1.051274
v -0.785451 1.357285 1.051274
v -0.618108 1.369684 1.170642
v -0.743151 1.448849 1.226153
v 0.701899 1.557153 1.345139
v 0.619205 1.489481 1.314475
v -0.619205 1.489481 1.314475
v -0.701899 1.557153 1.345139
v 0.540135 1.557153 1.376185
v 0.436553 1.564592 1.344567
v 0.494162 1.448849 1.271697
v -0.494162 1.448849 1.271697
v -0.436553 1.564592 1.344567
v -0.540135 1.557153 1.376185
v 0.346467 1.480229 1.214135
v 0.450669 1.357285 1.111364
v -0.450669 1.357285 1.111364
v -0.346467 1.480229 1.214135
v 0.318806 1.623108 1.293586
v 0.234729 1.747101 1.225724
v 0.216035 1.585338 1.145414
v -0.216035 1.585338 1.145414
v -0.234729 1.747101 1.225724
v -0.318806 1.623108 1.293586
v 0.429351 1.667936 1.391160
v 0.361393 1.747054 1.350480
v -0.361393 1.747054 1.350481
v -0.429351 1.667936 1.391160
v 0.429352 1.829748 1.391160
v 0.436553 1.933092 1.344567
v 0.318806 1.871000 1.293586
v -0.318806 1.871000 1.293586
v -0.436553 1.933092 1.344567
v -0.429351 1.829748 1.391160
v 0.346467 2.017694 1.214135
v 0.216035 1.913539 1.145414
v -0.216035 1.913539 1.145414
v -0.346467 2.017694 1.214135
v 0.494162 2.047356 1.271697
v 0.618108 2.129478 1.170642
v 0.450669 2.147887 1.111364
v -0.450669 2.147887 1.111364
v -0.618108 2.129478 1.170642
v -0.494162 2.047356 1.271697
v 0.540135 1.945777 1.376185
v 0.619205 2.009395 1.314474
v -0.619205 2.009396 1.314475
v -0.540135 1.945777 1.376185
v 0.701899 1.945777 1.345139
v 0.805243 1.933092 1.277420
v 0.743150 2.047357 1.226153
v -0.743151 2.047356 1.226153
v -0.805243 1.933092 1.277420
v -0.701899 1.945777 1.345139
v 0.889892 2.017694 1.117086
v 0.785451 2.147887 1.051274
v -0.785451 2.147887 1.051274
v -0.889892 2.017694 1.117086
v 0.919555 1.871000 1.188526
v 1.020085 1.913539 1.004634
v -1.020085 1.913539 1.004634
v -0.919555 1.871000 1.188526
v 0.816879 1.829748 1.320722
v -0.816879 1.829748 1.320722
v 0.812380 1.748071 1.349018
v 0.758523 1.887437 1.361624
v 0.780889 1.815679 1.373737
v -0.780889 1.815679 1.373737
v -0.758523 1.887437 1.361624
v -0.812380 1.748071 1.349018
v 0.620270 1.944601 1.391287
v 0.687671 1.913380 1.396040
v -0.687671 1.913380 1.396040
v -0.620270 1.944601 1.391287
v 0.487501 1.887437 1.415195
v 0.554537 1.913380 1.424129
v -0.554537 1.913380 1.424129
v -0.487501 1.887437 1.415195
v 0.432547 1.748071 1.419758
v 0.462369 1.815679 1.436417
v -0.462369 1.815679 1.436417
v -0.432547 1.748071 1.419758
v 0.487501 1.615303 1.415195
v 0.462369 1.682339 1.436417
v -0.462369 1.682339 1.436417
v -0.487501 1.615303 1.415195
v 0.620270 1.560348 1.391287
v 0.554537 1.590170 1.424129
v -0.554537 1.590170 1.424129
v -0.620270 1.560348 1.391287
v 0.758523 1.615303 1.361624
v 0.687671 1.590170 1.396040
v -0.687671 1.590170 1.396040
v -0.758523 1.615303 1.361624
v 0.780889 1.682339 1.373737
v -0.780889 1.682339 1.373737
v 0.734344 1.747539 1.400746
v 0.702249 1.666975 1.408710
v -0.734344 1.747539 1.400746
v -0.702249 1.666975 1.408710
v 0.619666 1.633019 1.428040
v -0.619666 1.633019 1.428040
v 0.539133 1.666975 1.442585
v -0.539133 1.666975 1.442585
v 0.505178 1.747539 1.445669
v -0.505178 1.747539 1.445669
v 0.539133 1.831568 1.442585
v -0.539133 1.831568 1.442585
v 0.619666 1.866986 1.428040
v -0.619666 1.866986 1.428040
v 0.702249 1.831568 1.408710
v -0.702249 1.831568 1.408710
v 0.152035 -0.379197 0.980264
v 0.280273 -0.344765 1.041784
v 0.129096 -0.323305 1.114416
v -0.000000 -0.364604 1.059763
v -0.129096 -0.323305 1.114416
v -0.280273 -0.344765 1.041784
v -0.152035 -0.379197 0.980264
v 0.422580 -0.341617 0.940729
v 0.467694 -0.293490 1.024657
v 0.329680 -0.289770 1.106827
v -0.329680 -0.289770 1.106827
v -0.467694 -0.293490 1.024657
v -0.422580 -0.341617 0.940729
v 0.565363 -0.242041 0.924658
v 0.533506 -0.150968 1.050915
v 0.424678 -0.189393 1.125907
v -0.424678 -0.189393 1.125907
v -0.533506 -0.150968 1.050915
v -0.565363 -0.242041 0.924658
v 0.573518 -0.004260 0.956801
v 0.513476 0.127992 1.095381
v 0.438269 -0.004833 1.167063
v -0.438269 -0.004833 1.167063
v -0.513476 0.127993 1.095381
v -0.573518 -0.004260 0.956801
v 0.526734 0.360758 0.988658
v 0.451575 0.510027 1.116085
v 0.395396 0.315890 1.203065
v -0.395396 0.315890 1.203065
v -0.451575 0.510027 1.116085
v -0.526734 0.360758 0.988658
v 0.366965 1.057628 1.169203
v 0.554108 1.068094 0.998911
v 0.720021 1.174394 1.074976
v 0.485594 1.201866 1.243600
v -0.485594 1.201866 1.243600
v -0.720021 1.174394 1.074976
v -0.554108 1.068094 0.998911
v -0.366965 1.057628 1.169204
v 0.925898 1.206728 0.945689
v 1.077838 1.355091 1.009546
v 0.874536 1.314173 1.120806
v -0.874536 1.314173 1.120806
v -1.077838 1.355091 1.009546
v -0.925898 1.206728 0.945689
v 1.248329 1.451711 0.877064
v 1.323059 1.645951 0.965242
v 1.158576 1.527013 1.059954
v -1.158576 1.527013 1.059954
v -1.323059 1.645951 0.965242
v -1.248329 1.451711 0.877064
v 1.422969 1.822499 0.919698
v 1.365503 1.971864 1.079125
v 1.286195 1.810767 1.082607
v -1.286195 1.810767 1.082607
v -1.365503 1.971864 1.079125
v -1.422969 1.822499 0.919698
v 1.336936 2.092137 1.054279
v 1.186380 2.129431 1.185712
v 1.240698 2.012590 1.181372
v -1.240698 2.012591 1.181372
v -1.186380 2.129431 1.185712
v -1.336936 2.092137 1.054279
v 1.039209 2.248226 1.145939
v 0.841487 2.323910 1.290153
v 0.984366 2.163052 1.287005
v -0.984366 2.163052 1.287005
v -0.841487 2.323910 1.290153
v -1.039209 2.248226 1.145939
v 0.708718 2.467123 1.239172
v 0.560880 2.495641 1.365026
v 0.673905 2.343844 1.377377
v -0.673905 2.343844 1.377377
v -0.560880 2.495641 1.365026
v -0.708718 2.467122 1.239172
v 0.435074 2.554538 1.297163
v 0.330300 2.436219 1.398218
v 0.457822 2.402216 1.425735
v -0.457822 2.402216 1.425735
v -0.330300 2.436219 1.398218
v -0.435074 2.554538 1.297163
v 0.220184 2.346801 1.310469
v 0.152750 2.167678 1.390874
v 0.272309 2.238211 1.437419
v -0.272309 2.238211 1.437419
v -0.152750 2.167678 1.390874
v -0.220184 2.346801 1.310469
v 0.068149 2.112072 1.296305
v -0.000000 2.041231 1.375491
v 0.108900 2.021726 1.419986
v -0.108900 2.021726 1.419986
v -0.068149 2.112072 1.296305
v 0.240738 2.071106 1.412859
v 0.359438 2.104298 1.372561
v 0.397876 2.245651 1.408280
v -0.397876 2.245651 1.408280
v -0.359438 2.104298 1.372561
v -0.240738 2.071106 1.412859
v 0.504272 2.178599 1.350242
v 0.569369 2.280226 1.379714
v -0.569369 2.280226 1.379714
v -0.504272 2.178599 1.350242
v 0.668611 2.148030 1.318004
v 0.792033 2.177311 1.320817
v -0.792033 2.177311 1.320817
v -0.668611 2.148030 1.318004
v 0.911019 2.046069 1.248567
v 1.085325 2.026659 1.225915
v -1.085325 2.026659 1.225915
v -0.911019 2.046069 1.248567
v 1.098535 1.921598 1.176174
v 1.198970 1.887786 1.149659
v -1.198970 1.887786 1.149659
v -1.098535 1.921598 1.176174
v 1.121426 1.757593 1.146368
v 1.158863 1.663406 1.110219
v -1.158863 1.663406 1.110219
v -1.121426 1.757593 1.146368
v 1.001772 1.550142 1.159864
v 0.961999 1.439502 1.142219
v -0.961999 1.439502 1.142219
v -1.001772 1.550142 1.159864
v 0.779490 1.397440 1.210892
v 0.665416 1.315890 1.219524
v -0.665416 1.315890 1.219524
v -0.779490 1.397440 1.210892
v 0.506466 1.391955 1.286051
v 0.328551 1.329913 1.328464
v -0.328551 1.329913 1.328464
v -0.506466 1.391955 1.286051
v 0.300064 1.489576 1.326111
v 0.156947 1.486988 1.316226
v 0.140749 1.278181 1.335437
v -0.140749 1.278181 1.335437
v -0.156947 1.486988 1.316226
v -0.300064 1.489576 1.326111
v 0.244744 1.953312 1.373705
v 0.127213 1.892582 1.389273
v -0.127213 1.892582 1.389273
v -0.244744 1.953312 1.373705
v 0.205209 1.780723 1.353866
v 0.000000 1.802686 1.376540
v 0.116602 1.691447 1.341849
v -0.116602 1.691447 1.341849
v -0.205209 1.780723 1.353866
v 0.000000 1.568514 1.318634
v 0.228434 1.620103 1.330880
v -0.228434 1.620103 1.330880
v 0.184703 -0.268290 1.167026
v 0.066766 -0.247862 1.203095
v 0.000000 -0.287807 1.165385
v -0.066766 -0.247862 1.203094
v -0.184703 -0.268290 1.167026
v 0.296392 -0.197362 1.181643
v 0.181460 -0.201154 1.216851
v -0.181460 -0.201154 1.216851
v -0.296392 -0.197362 1.181643
v 0.324520 -0.042457 1.215264
v 0.227924 -0.072232 1.241953
v -0.227924 -0.072231 1.241953
v -0.324520 -0.042457 1.215264
v 0.262532 0.506257 1.272866
v 0.181889 0.326232 1.293686
v 0.312178 0.149120 1.246303
v -0.312178 0.149120 1.246303
v -0.181889 0.326232 1.293686
v -0.262532 0.506257 1.272866
v 0.206368 0.069267 1.266726
v -0.206368 0.069267 1.266726
v 0.155217 0.658793 1.309878
v 0.076123 0.740626 1.343802
v 0.000000 0.638341 1.345430
v 0.077019 0.505140 1.325057
v -0.077019 0.505140 1.325057
v -0.076123 0.740626 1.343802
v -0.155217 0.658793 1.309878
v 0.097144 0.170485 1.290956
v -0.000000 0.329936 1.312718
v -0.097144 0.170485 1.290956
v 0.000000 0.071302 1.278399
v 0.095394 0.028136 1.270464
v -0.095394 0.028136 1.270464
v 0.203169 0.862082 1.314952
v 0.209215 0.930699 1.353246
v 0.187039 0.883251 1.382390
v 0.144606 0.824936 1.348755
v -0.144606 0.824936 1.348755
v -0.187039 0.883251 1.382390
v -0.209215 0.930699 1.353246
v -0.203169 0.862082 1.314952
v 0.205829 0.996225 1.328018
v 0.167439 1.051450 1.345091
v 0.200870 0.997084 1.383196
v -0.200870 0.997084 1.383196
v -0.167439 1.051450 1.345091
v -0.205829 0.996225 1.328018
v 0.096310 1.097606 1.324434
v 0.050623 1.069515 1.343843
v 0.122038 1.076652 1.372083
v -0.122038 1.076652 1.372083
v -0.050623 1.069515 1.343843
v -0.096310 1.097606 1.324434
v 0.000000 1.038637 1.337143
v 0.000000 1.020873 1.356869
v 0.031141 1.038648 1.379944
v -0.031141 1.038648 1.379945
v 0.000000 0.767545 1.366550
v 0.077067 0.805016 1.376155
v -0.077067 0.805016 1.376155
v 0.000000 0.812287 1.389114
v 0.134705 0.857398 1.396994
v 0.072065 0.856595 1.404187
v -0.072065 0.856595 1.404187
v -0.134705 0.857398 1.396994
v -0.000000 1.009667 1.404248
v 0.059520 1.012647 1.418120
v 0.079764 1.058992 1.400129
v -0.079764 1.058992 1.400130
v -0.059520 1.012647 1.418121
v 0.119770 1.039069 1.419282
v 0.165383 1.042814 1.403564
v -0.165383 1.042814 1.403564
v -0.119770 1.039069 1.419282
v 0.159493 0.990172 1.428249
v 0.193144 0.935807 1.415828
v -0.193144 0.935807 1.415828
v -0.159493 0.990171 1.428249
v 0.141620 0.897897 1.421112
v -0.141620 0.897897 1.421112
v 0.092781 0.948469 1.427551
v -0.092781 0.948469 1.427551
v 0.000000 0.897977 1.412717
v -0.000000 1.201652 1.315646
v 0.182835 1.094469 1.339074
v -0.182835 1.094469 1.339074
v 0.244458 0.920112 1.292108
v 0.269010 1.005193 1.276887
v -0.269010 1.005193 1.276887
v -0.244458 0.920112 1.292108
v 0.240558 0.768891 1.275739
v 0.304213 0.836416 1.216997
v -0.304213 0.836417 1.216997
v -0.240558 0.768891 1.275739
v 0.337644 0.651666 1.216043
v -0.337644 0.651666 1.216043
v 0.458395 0.670361 0.990041
v 0.386526 0.754485 1.111459
v -0.386526 0.754485 1.111459
v -0.458395 0.670361 0.990041
v 0.402311 0.833221 0.991281
v 0.343176 0.898843 1.126005
v -0.343176 0.898843 1.126005
v -0.402311 0.833221 0.991281
v 0.368928 0.954640 1.017748
v -0.368928 0.954640 1.017748
v 0.153719 -0.002052 1.265646
v 0.000000 -0.003986 1.265958
v 0.078974 -0.010488 1.264913
v -0.078974 -0.010488 1.264913
v -0.153719 -0.002052 1.265646
v 0.173066 -0.123340 1.246721
v 0.159666 -0.055456 1.258044
v -0.159666 -0.055456 1.258044
v -0.173066 -0.123340 1.246721
v 0.097669 -0.209806 1.228567
v 0.121895 -0.162495 1.241695
v -0.121895 -0.162495 1.241695
v -0.097669 -0.209806 1.228567
v 0.000000 -0.230650 1.221781
v 0.041204 -0.213062 1.233971
v -0.041204 -0.213062 1.233971
v 0.000000 -0.199270 1.176380
v 0.083457 -0.179619 1.179144
v 0.047404 -0.161400 1.140891
v -0.047404 -0.161400 1.140891
v -0.083457 -0.179618 1.179144
v 0.150265 -0.107268 1.194053
v 0.125944 -0.128037 1.147671
v -0.125944 -0.128037 1.147671
v -0.150265 -0.107268 1.194053
v 0.136107 -0.023085 1.212598
v 0.150265 -0.069789 1.162879
v -0.150265 -0.069789 1.162879
v -0.136107 -0.023085 1.212598
v 0.000000 -0.028837 1.212346
v 0.072584 -0.050094 1.169654
v -0.072584 -0.050094 1.169654
v 0.000000 -0.110883 1.140116
v 0.108161 -0.096377 1.141860
v -0.108161 -0.096377 1.141860
v 0.270449 1.703513 1.351053
v 0.308935 1.583811 1.340418
v 0.314038 1.650911 1.352006
v -0.314037 1.650911 1.352007
v -0.308935 1.583811 1.340418
v -0.270449 1.703513 1.351053
v 0.274550 1.852353 1.360638
v 0.302878 1.775143 1.359542
v -0.302878 1.775143 1.359542
v -0.274550 1.852353 1.360638
v 0.339218 2.002146 1.363881
v 0.336404 1.914063 1.362832
v -0.336404 1.914063 1.362832
v -0.339218 2.002147 1.363881
v 0.410896 1.488956 1.328257
v 0.366544 1.554005 1.349431
v -0.366544 1.554005 1.349431
v -0.410895 1.488956 1.328257
v 0.645243 1.417660 1.272651
v 0.529929 1.470882 1.320865
v -0.529929 1.470882 1.320865
v -0.645243 1.417660 1.272651
v 0.857081 1.483901 1.219095
v 0.746870 1.462918 1.267119
v -0.746870 1.462918 1.267119
v -0.857081 1.483901 1.219095
v 1.029480 1.655537 1.175983
v 0.925993 1.580712 1.215471
v -0.925993 1.580712 1.215470
v -1.029480 1.655537 1.175983
v 1.068061 1.828031 1.176365
v 1.024187 1.745718 1.189670
v -1.024187 1.745718 1.189670
v -1.068061 1.828031 1.176365
v 0.988371 1.955792 1.212371
v 1.008544 1.882827 1.203119
v -1.008544 1.882827 1.203119
v -0.988372 1.955792 1.212371
v 0.767091 2.052650 1.295494
v 0.864187 1.983834 1.272174
v -0.864187 1.983834 1.272174
v -0.767091 2.052650 1.295494
v 0.589971 2.108924 1.324919
v 0.667848 2.053890 1.329020
v -0.667848 2.053890 1.329020
v -0.589971 2.108924 1.324919
v 0.457679 2.094283 1.347762
v 0.533077 2.072680 1.339607
v -0.533077 2.072680 1.339607
v -0.457679 2.094283 1.347762
v 0.421149 2.024752 1.357968
v -0.421149 2.024752 1.357968
v 0.488153 2.031714 1.347381
v 0.396255 1.958367 1.351720
v 0.453816 1.984215 1.338558
v -0.453816 1.984215 1.338558
v -0.396255 1.958367 1.351720
v -0.488153 2.031714 1.347381
v 0.597172 2.046641 1.331071
v 0.543664 2.025419 1.331977
v -0.543664 2.025419 1.331977
v -0.597172 2.046641 1.331071
v 0.748539 2.006629 1.312758
v 0.661553 2.018266 1.316525
v -0.661553 2.018266 1.316525
v -0.748539 2.006629 1.312758
v 0.930858 1.922505 1.226153
v 0.828945 1.957318 1.256436
v -0.828945 1.957318 1.256436
v -0.930858 1.922504 1.226153
v 0.994190 1.814630 1.194201
v 0.949981 1.862034 1.190624
v -0.949981 1.862034 1.190624
v -0.994190 1.814630 1.194201
v 0.964240 1.673802 1.197825
v 0.964288 1.751298 1.182612
v -0.964288 1.751298 1.182612
v -0.964240 1.673802 1.197825
v 0.824176 1.528873 1.244323
v 0.883025 1.609945 1.209509
v -0.883025 1.609946 1.209509
v -0.824175 1.528873 1.244323
v 0.645482 1.472742 1.292394
v 0.733088 1.503502 1.256722
v -0.733088 1.503502 1.256722
v -0.645482 1.472742 1.292394
v 0.441560 1.527108 1.338129
v 0.544236 1.508366 1.303649
v -0.544236 1.508366 1.303649
v -0.441560 1.527108 1.338129
v 0.351045 1.611948 1.340704
v 0.396016 1.581618 1.324251
v -0.396016 1.581618 1.324251
v -0.351045 1.611948 1.340704
v 0.337596 1.841193 1.350242
v 0.379420 1.895798 1.332263
v -0.379420 1.895798 1.332263
v -0.337596 1.841193 1.350242
v 0.326675 1.716151 1.344138
v 0.345084 1.780484 1.325396
v -0.345084 1.780484 1.325396
v -0.326675 1.716151 1.344138
v 0.351665 1.671179 1.319101
v -0.351665 1.671179 1.319101
v -0.000000 2.090786 1.187858
v 0.159521 2.203069 1.195126
v 0.086134 2.126599 1.096050
v -0.086134 2.126599 1.096050
v -0.159521 2.203069 1.195126
v 0.332048 2.475555 1.204502
v 0.325307 2.334677 1.108402
v -0.325307 2.334677 1.108402
v -0.332048 2.475555 1.204502
v 0.576104 2.531734 1.168064
v 0.468500 2.471399 1.104565
v -0.468499 2.471399 1.104565
v -0.576104 2.531734 1.168064
v 0.862374 2.341645 1.087177
v 0.650189 2.407187 1.058656
v -0.650189 2.407187 1.058656
v -0.862374 2.341645 1.087177
v 1.197301 2.158760 0.988038
v 1.009950 2.213621 0.912323
v -1.009950 2.213621 0.912322
v -1.197301 2.158760 0.988038
v 1.403798 1.992084 0.898715
v 1.287339 2.078450 0.825606
v -1.287339 2.078450 0.825606
v -1.403798 1.992084 0.898715
v 1.361020 1.622965 0.768903
v 1.388203 1.827745 0.701565
v -1.388203 1.827745 0.701565
v -1.361020 1.622965 0.768903
v 1.088472 1.310644 0.816831
v 1.244943 1.464730 0.631413
v -1.244943 1.464730 0.631413
v -1.088472 1.310644 0.816831
v 0.749008 1.124308 0.879747
v 0.928314 1.209839 0.709320
v -0.928314 1.209839 0.709320
v -0.749008 1.124308 0.879747
v 0.119463 0.312544 0.584153
v 0.000000 0.415220 0.530597
v 0.150223 0.511077 0.471938
v 0.250801 0.475357 0.564123
v -0.250801 0.475357 0.564123
v -0.150223 0.511077 0.471938
v -0.119463 0.312544 0.584153
v 0.124947 -0.036546 0.648820
v 0.000000 0.131466 0.603562
v 0.236685 0.178869 0.636278
v -0.236685 0.178869 0.636278
v -0.124947 -0.036546 0.648820
v 0.142926 -0.318869 0.794989
v 0.000000 -0.214858 0.710960
v 0.268732 -0.169743 0.707955
v -0.268732 -0.169743 0.707955
v -0.142926 -0.318869 0.794989
v 0.295820 -0.353015 0.869147
v 0.000000 -0.381963 0.898381
v -0.295820 -0.353015 0.869147
v 0.523375 -0.279944 0.825829
v 0.416692 -0.264278 0.761877
v -0.416692 -0.264278 0.761877
v -0.523375 -0.279944 0.825829
v 0.559783 -0.065684 0.815782
v 0.502582 -0.141000 0.734264
v -0.502582 -0.141000 0.734264
v -0.559783 -0.065684 0.815782
v 0.520773 0.267954 0.842870
v 0.460684 0.187644 0.721595
v -0.460684 0.187644 0.721595
v -0.520773 0.267954 0.842870
v 0.376177 0.027454 0.676671
v 0.341793 0.375971 0.652015
v -0.341793 0.375971 0.652015
v -0.376177 0.027454 0.676671
v 0.356863 0.614945 0.592355
v 0.426395 0.510409 0.724027
v -0.426395 0.510409 0.724027
v -0.356863 0.614945 0.592355
v 0.472701 0.592912 0.856938
v -0.472701 0.592912 0.856938
v 0.424867 0.787539 0.865076
v 0.443927 0.897178 0.777048
v 0.394792 0.905853 0.904072
v -0.394792 0.905853 0.904072
v -0.443927 0.897178 0.777048
v -0.424867 0.787539 0.865076
v 0.409503 0.721036 0.714917
v -0.409503 0.721036 0.714916
v 0.433194 1.008071 0.927149
v 0.423895 0.985227 0.867299
v -0.423894 0.985227 0.867299
v -0.433194 1.008071 0.927149
v 0.550892 1.058991 0.859713
v -0.550892 1.058991 0.859713
v 0.000000 1.229476 -1.221432
v 0.306487 1.487955 -1.270584
v 0.532028 1.256278 -1.079698
v 0.286457 1.041006 -1.013250
v -0.286457 1.041006 -1.013250
v -0.532028 1.256278 -1.079698
v -0.306487 1.487955 -1.270584
v 0.000000 0.852345 -0.822459
v 0.506307 0.944148 -0.720768
v 0.249895 0.745186 -0.483622
v -0.249895 0.745186 -0.483622
v -0.506307 0.944148 -0.720768
v 0.000000 0.625341 -0.133627
v 0.420136 0.735927 -0.092894
v 0.190875 0.596244 0.202123
v -0.190875 0.596244 0.202123
v -0.420136 0.735927 -0.092894
v 0.000000 0.529580 0.382091
v 0.300912 0.617919 0.426830
v -0.300912 0.617919 0.426830
v 0.412528 0.750024 0.497775
v -0.412528 0.750025 0.497775
v 1.373658 1.668604 0.438174
v 1.146367 1.308945 0.429244
v 1.351624 1.500992 0.175367
v -1.351624 1.500992 0.175367
v -1.146367 1.308945 0.429244
v -1.373658 1.668604 0.438174
v 0.000000 1.839620 -1.368221
v 0.375510 2.175737 -1.257056
v 0.627916 1.760550 -1.198906
v -0.627916 1.760550 -1.198906
v -0.375510 2.175737 -1.257056
v 0.000000 2.930477 0.165674
v 0.389578 2.779347 0.423295
v 0.718924 2.838626 0.102295
v 0.388577 2.948551 -0.150175
v -0.388577 2.948551 -0.150175
v -0.718924 2.838626 0.102295
v -0.389578 2.779347 0.423295
v 0.000000 2.933434 -0.497691
v 0.718829 2.840963 -0.450287
v 0.389483 2.773482 -0.790936
v -0.389483 2.773482 -0.790936
v -0.718829 2.840963 -0.450287
v 0.000000 2.544666 -1.121379
v 0.716063 2.434598 -0.978977
v -0.716063 2.434598 -0.978977
v 1.132586 2.138396 0.711055
v 1.326969 1.993896 0.640570
v 1.220287 2.131100 0.524302
v -1.220287 2.131100 0.524302
v -1.326969 1.993896 0.640570
v -1.132586 2.138396 0.711055
v 1.105068 2.343176 0.358914
v 1.331261 2.139684 0.318377
v 1.247804 2.384380 0.149555
v -1.247804 2.384380 0.149555
v -1.331261 2.139684 0.318377
v -1.105068 2.343176 0.358914
v 1.116514 2.593786 -0.058706
v 1.365646 2.310700 -0.054366
v 1.257533 2.481477 -0.273787
v -1.257533 2.481477 -0.273787
v -1.365646 2.310700 -0.054366
v -1.116514 2.593786 -0.058706
v 1.116419 2.575712 -0.508040
v 1.350994 2.289629 -0.458824
v 1.247030 2.325301 -0.663437
v -1.247030 2.325301 -0.663437
v -1.350994 2.289629 -0.458824
v -1.116419 2.575712 -0.508040
v 1.336996 2.069956 -0.662970
v 1.189741 1.855010 -0.857067
v 1.096246 2.210837 -0.869433
v -1.096246 2.210837 -0.869433
v -1.189741 1.855010 -0.857067
v -1.336996 2.069956 -0.662970
v 0.901862 2.007583 -1.054899
v 0.948217 2.582055 -0.714537
v -0.948217 2.582055 -0.714537
v -0.901862 2.007583 -1.054899
v 0.950553 2.755646 -0.232631
v -0.950553 2.755646 -0.232631
v 0.950124 2.617536 0.239308
v -0.950124 2.617536 0.239308
v 0.723741 2.513238 0.557637
v 0.959376 2.266348 0.618012
v -0.959376 2.266348 0.618012
v -0.723741 2.513238 0.557637
v 0.762225 2.253299 0.859888
v -0.762226 2.253299 0.859888
v -0.000000 2.579794 0.695127
v 0.413367 2.356876 0.831830
v -0.413367 2.356876 0.831830
v 0.496711 2.268327 1.011274
v -0.496711 2.268327 1.011274
v 0.190980 2.221037 1.010924
v -0.190980 2.221037 1.010924
v 0.000000 2.175225 1.037397
v 1.388823 1.900853 0.361727
v -1.388823 1.900853 0.361727
v 1.437829 1.779037 0.073578
v 1.430723 2.064269 0.049494
v -1.430723 2.064269 0.049494
v -1.437829 1.779036 0.073578
v 1.457012 1.933694 -0.210890
v 1.416638 2.125019 -0.297177
v -1.416638 2.125020 -0.297177
v -1.457012 1.933694 -0.210890
v 1.417519 1.939493 -0.536280
v -1.417519 1.939493 -0.536280
v 0.540361 0.834860 0.227651
v 0.633845 0.921638 -0.393966
v 0.756471 0.984970 -0.061435
v -0.756471 0.984970 -0.061435
v -0.633845 0.921638 -0.393966
v -0.540361 0.834860 0.227651
v 1.121021 1.172164 -0.096537
v 0.968149 1.131611 0.203502
v 0.932003 1.097249 -0.331015
v -0.932003 1.097249 -0.331015
v -0.968149 1.131611 0.203502
v -1.121021 1.172164 -0.096537
v 0.745875 1.077214 0.557235
v -0.745875 1.077214 0.557235
v 0.549148 1.019342 0.783970
v 0.539695 0.907074 0.525395
v -0.539695 0.907074 0.525395
v -0.549148 1.019342 0.783970
v 1.233043 1.564794 -0.761163
v 1.010204 1.364295 -0.780245
v 0.965654 1.638726 -0.977649
v -0.965653 1.638726 -0.977649
v -1.010204 1.364295 -0.780245
v -1.233043 1.564794 -0.761163
v 0.734564 1.442387 -1.056234
v -0.734564 1.442387 -1.056234
v 1.094482 1.192891 -0.518412
v 0.811043 1.144254 -0.642915
v -0.811043 1.144254 -0.642914
v -1.094482 1.192891 -0.518412
v 0.692717 1.188177 -0.897260
v -0.692717 1.188177 -0.897260
v 1.815409 2.088799 -0.546239
v 1.686217 2.068960 -0.525113
v 1.604524 1.986409 -0.422913
v 1.707963 1.995947 -0.475801
v -1.707963 1.995947 -0.475801
v -1.604524 1.986409 -0.422913
v -1.686217 2.068960 -0.525113
v -1.815409 2.088799 -0.546239
v 1.978174 2.145550 -0.677863
v 1.942883 2.058897 -0.620445
v 2.101357 2.089896 -0.691979
v -2.101356 2.089896 -0.691979
v -1.942883 2.058897 -0.620445
v -1.978174 2.145550 -0.677863
v 2.248242 2.013640 -0.761273
v 2.160492 1.947875 -0.716349
v 2.253297 1.832991 -0.731562
v -2.253296 1.832991 -0.731562
v -2.160492 1.947875 -0.716349
v -2.248241 2.013640 -0.761273
v 2.285535 1.646285 -0.765994
v 2.182048 1.641611 -0.727365
v 2.147330 1.466924 -0.709434
v -2.147330 1.466924 -0.709434
v -2.182048 1.641611 -0.727365
v -2.285535 1.646285 -0.765994
v 2.025864 1.301631 -0.690787
v 1.974597 1.356426 -0.640236
v 1.813644 1.228045 -0.539181
v -1.813644 1.228045 -0.539181
v -1.974597 1.356426 -0.640236
v -2.025864 1.301631 -0.690787
v 1.605096 1.138007 -0.454961
v 1.639290 1.222752 -0.412612
v 1.436751 1.156749 -0.303498
v -1.436751 1.156749 -0.303498
v -1.639290 1.222752 -0.412612
v -1.605096 1.138007 -0.454961
v 1.815885 1.306543 -0.571419
v 1.684261 1.292045 -0.508612
v 1.528268 1.251175 -0.366973
v -1.528268 1.251175 -0.366973
v -1.684261 1.292045 -0.508612
v -1.815885 1.306543 -0.571419
v 2.078132 1.493058 -0.724599
v 1.959766 1.398536 -0.707288
v -1.959766 1.398536 -0.707288
v -2.078132 1.493058 -0.724599
v 2.165690 1.778624 -0.747490
v 2.135598 1.624062 -0.780778
v -2.135598 1.624062 -0.780778
v -2.165690 1.778624 -0.747490
v 2.049947 1.978826 -0.707812
v 2.120385 1.862797 -0.774149
v -2.120385 1.862797 -0.774149
v -2.049947 1.978826 -0.707812
v 1.814932 1.979875 -0.578525
v 1.934872 1.949592 -0.695938
v -1.934872 1.949592 -0.695938
v -1.814932 1.979875 -0.578525
v 1.646444 1.899327 -0.464880
v 1.732810 1.902141 -0.567604
v -1.732810 1.902141 -0.567604
v -1.646444 1.899327 -0.464880
v 1.290025 1.348297 -0.040135
v 1.212329 1.196797 -0.246949
v 1.262601 1.298805 -0.207541
v -1.262601 1.298805 -0.207541
v -1.212329 1.196797 -0.246949
v -1.290025 1.348297 -0.040135
v 1.242082 1.131276 -0.326771
v 1.362949 1.224687 -0.295299
v -1.362949 1.224687 -0.295299
v -1.242082 1.131276 -0.326771
v 1.382429 1.579439 -0.110211
v -1.382429 1.579439 -0.110211
v 1.504959 1.948543 -0.435573
v 1.482235 1.873622 -0.352211
v 1.556644 1.887214 -0.398878
v -1.556643 1.887214 -0.398878
v -1.482235 1.873622 -0.352211
v -1.504959 1.948543 -0.435573
v 1.475523 1.281076 -0.420243
v 1.373210 1.289585 -0.377619
v -1.373210 1.289585 -0.377619
v -1.475523 1.281076 -0.420243
v 1.427309 1.324331 -0.465405
v 1.372025 1.375842 -0.414091
v 1.298080 1.332829 -0.319311
v -1.298080 1.332829 -0.319311
v -1.372025 1.375842 -0.414091
v -1.427309 1.324331 -0.465405
v 1.389512 1.460297 -0.482973
v 1.346789 1.464911 -0.418447
v 1.435485 1.410271 -0.482735
v -1.435485 1.410271 -0.482735
v -1.346789 1.464911 -0.418447
v -1.389512 1.460297 -0.482973
v 1.396358 1.552336 -0.473035
v 1.428930 1.639942 -0.418192
v 1.356407 1.547382 -0.333400
v -1.356407 1.547382 -0.333400
v -1.428930 1.639942 -0.418192
v -1.396358 1.552336 -0.473035
v 1.528840 1.785301 -0.425489
v 1.459929 1.760311 -0.362920
v 1.505568 1.693260 -0.472177
v -1.505568 1.693260 -0.472177
v -1.459929 1.760311 -0.362920
v -1.528840 1.785301 -0.425489
v 1.605764 1.811149 -0.488058
v -1.605764 1.811149 -0.488058
v 1.428124 1.729463 -0.243178
v -1.428124 1.729463 -0.243178
v 1.302359 1.413295 -0.236407
v -1.302359 1.413295 -0.236407
v 1.676965 1.836281 -0.568320
v 1.568900 1.736133 -0.521917
v 1.640101 1.765557 -0.579002
v -1.640101 1.765557 -0.579002
v -1.568900 1.736133 -0.521917
v -1.676965 1.836281 -0.568320
v 1.468942 1.617528 -0.518770
v 1.540000 1.659543 -0.554776
v -1.540000 1.659543 -0.554776
v -1.468942 1.617528 -0.518770
v 1.382486 1.503833 -0.518637
v 1.433132 1.545538 -0.549469
v -1.433132 1.545538 -0.549469
v -1.382486 1.503833 -0.518637
v 1.438537 1.448303 -0.522103
v 1.423165 1.487666 -0.549421
v -1.423165 1.487666 -0.549421
v -1.438537 1.448303 -0.522103
v 1.471946 1.359765 -0.519294
v 1.492262 1.414465 -0.552344
v -1.492262 1.414465 -0.552344
v -1.471946 1.359765 -0.519294
v 1.458829 1.301602 -0.499797
v 1.486012 1.329810 -0.541144
v -1.486012 1.329810 -0.541144
v -1.458829 1.301602 -0.499797
v 1.577675 1.294048 -0.480332
v 1.511550 1.309280 -0.513365
v -1.511550 1.309280 -0.513365
v -1.577675 1.294048 -0.480332
v 1.833213 1.904494 -0.677863
v 1.766208 1.849793 -0.652826
v -1.766208 1.849793 -0.652826
v -1.833213 1.904494 -0.677863
v 2.047435 1.903254 -0.786262
v 1.945840 1.896561 -0.759985
v -1.945840 1.896561 -0.759985
v -2.047435 1.903254 -0.786262
v 2.153291 1.738613 -0.815496
v 2.100943 1.818557 -0.813874
v -2.100943 1.818557 -0.813874
v -2.153291 1.738613 -0.815496
v 2.071932 1.500163 -0.792748
v 2.111085 1.621582 -0.813731
v -2.111085 1.621582 -0.813731
v -2.071932 1.500164 -0.792748
v 1.830288 1.343502 -0.664653
v 1.946746 1.433970 -0.755264
v -1.946746 1.433970 -0.755264
v -1.830288 1.343502 -0.664653
v 1.698807 1.337780 -0.594311
v -1.698807 1.337780 -0.594311
v 1.507189 1.482804 -0.569035
v 1.551302 1.390811 -0.565554
v 1.601424 1.477177 -0.586537
v -1.601424 1.477177 -0.586537
v -1.551302 1.390811 -0.565554
v -1.507189 1.482804 -0.569035
v 1.622503 1.572604 -0.595694
v 1.689126 1.469976 -0.613148
v 1.719647 1.579138 -0.630030
v -1.719647 1.579138 -0.630030
v -1.689126 1.469976 -0.613148
v -1.622503 1.572604 -0.595694
v 1.729614 1.679668 -0.633035
v 1.823516 1.575084 -0.677195
v 1.824899 1.680765 -0.666465
v -1.824899 1.680765 -0.666465
v -1.823516 1.575084 -0.677195
v -1.729614 1.679668 -0.633035
v 1.842178 1.766050 -0.675192
v 1.936602 1.675617 -0.709866
v 1.947849 1.752986 -0.714277
v -1.947848 1.752986 -0.714277
v -1.936602 1.675617 -0.709866
v -1.842178 1.766050 -0.675192
v 1.873209 1.845009 -0.710912
v 1.737340 1.773188 -0.635801
v -1.737340 1.773188 -0.635801
v -1.873208 1.845009 -0.710912
v 1.628941 1.674613 -0.592546
v -1.628941 1.674613 -0.592546
v 1.522402 1.567835 -0.570799
v -1.522402 1.567835 -0.570799
v 1.608816 1.367490 -0.559735
v -1.608816 1.367490 -0.559735
v 1.796285 1.441982 -0.675192
v -1.796285 1.441982 -0.675193
v 1.972260 1.567072 -0.751258
v -1.972260 1.567072 -0.751258
v 2.051963 1.717608 -0.772530
v -2.051963 1.717608 -0.772530
v 1.987473 1.842052 -0.762513
v -1.987473 1.842052 -0.762513
v 1.826091 1.207825 -0.687449
v 1.405419 1.137482 -0.474132
v 1.616971 1.287991 -0.679151
v -1.616971 1.287992 -0.679151
v -1.405419 1.137482 -0.474132
v -1.826091 1.207825 -0.687449
v 2.218467 1.461058 -0.818039
v 2.044447 1.432492 -0.855047
v -2.044447 1.432492 -0.855047
v -2.218467 1.461058 -0.818039
v 2.331043 1.839013 -0.821930
v 2.315210 1.692891 -0.884165
v -2.315210 1.692891 -0.884165
v -2.331043 1.839013 -0.821930
v 2.153609 2.100960 -0.818326
v 2.284450 1.925975 -0.888958
v -2.284450 1.925975 -0.888958
v -2.153609 2.100960 -0.818326
v 1.819891 2.093759 -0.698227
v 2.004769 1.984787 -0.856716
v -2.004769 1.984787 -0.856716
v -1.819891 2.093759 -0.698227
v 1.557311 1.984358 -0.570466
v 1.656649 1.898421 -0.712677
v -1.656649 1.898421 -0.712677
v -1.557311 1.984358 -0.570466
v 1.825376 1.641421 -0.822649
v 1.475714 1.560443 -0.673046
v -1.475714 1.560443 -0.673046
v -1.825375 1.641421 -0.822649
v 2.196784 1.764127 -0.915692
v -2.196784 1.764127 -0.915692
v 1.420130 1.798712 -0.663566
v -1.420130 1.798712 -0.663566
v 1.280281 1.300582 -0.616534
v -1.280281 1.300582 -0.616534
v -0.000000 -0.142974 1.244677
v 0.049788 -0.129512 1.246733
v -0.049788 -0.129511 1.246733
v -0.089848 -0.079623 1.254353
v 0.089848 -0.079623 1.254353
v 0.861511 1.648026 1.264889
v -0.861511 1.648026 1.264889
v 0.972324 1.602506 1.099620
v -0.972324 1.602506 1.099620
v 0.765141 1.398882 1.142559
v -0.765141 1.398882 1.142559
v 0.719610 1.509278 1.295071
v -0.719610 1.509278 1.295071
v 0.520081 1.509278 1.332114
v -0.520081 1.509278 1.332114
v 0.471128 1.398882 1.195786
v -0.471128 1.398882 1.195787
v 0.264076 1.602506 1.223381
v -0.264076 1.602506 1.223381
v 0.381197 1.648026 1.349705
v -0.381197 1.648026 1.349705
v 0.381197 1.847423 1.349705
v -0.381197 1.847423 1.349705
v 0.264076 1.893092 1.223381
v -0.264076 1.893092 1.223381
v 0.471128 2.100125 1.195786
v -0.471128 2.100125 1.195786
v 0.520081 1.989449 1.332114
v -0.520081 1.989449 1.332114
v 0.719610 1.989449 1.295071
v -0.719610 1.989449 1.295071
v 0.765141 2.100125 1.142559
v -0.765141 2.100125 1.142559
v 0.972324 1.893092 1.099620
v -0.972324 1.893092 1.099620
v 0.861511 1.847423 1.264889
v -0.861511 1.847423 1.264889
v 0.799003 1.823018 1.352207
v -0.799003 1.823018 1.352207
v 0.695077 1.929996 1.375538
v -0.695077 1.929996 1.375538
v 0.547801 1.929996 1.405355
v -0.547801 1.929996 1.405355
v 0.446891 1.823018 1.419172
v -0.446891 1.823018 1.419172
v 0.446891 1.675602 1.419172
v -0.446891 1.675602 1.419172
v 0.547801 1.574693 1.405355
v -0.547801 1.574693 1.405355
v 0.695077 1.574693 1.375538
v -0.695077 1.574693 1.375538
v 0.799003 1.675602 1.352207
v -0.799003 1.675602 1.352207
v 0.742760 1.697161 1.395633
v -0.742760 1.697161 1.395634
v 0.671458 1.626056 1.413115
v -0.671458 1.626056 1.413115
v 0.569345 1.626056 1.434954
v -0.569345 1.626056 1.434954
v 0.498239 1.697161 1.444429
v -0.498239 1.697161 1.444429
v 0.498239 1.799521 1.444429
v -0.498239 1.799521 1.444429
v 0.569345 1.874728 1.434954
v -0.569345 1.874728 1.434954
v 0.671458 1.874728 1.413115
v -0.671458 1.874728 1.413115
v 0.742760 1.799521 1.395633
v -0.742760 1.799521 1.395634
v 0.146736 -0.358655 1.054154
v -0.146736 -0.358655 1.054154
v 0.389006 -0.325944 1.029485
v -0.389006 -0.325944 1.029485
v 0.514335 -0.236998 1.032759
v -0.514335 -0.236998 1.032759
v 0.531324 -0.030978 1.073897
v -0.531324 -0.030978 1.073897
v 0.485351 0.321922 1.109849
v -0.485351 0.321922 1.109849
v 0.519471 1.116619 1.128786
v -0.519471 1.116619 1.128786
v 0.909856 1.251741 1.039364
v -0.909856 1.251741 1.039364
v 1.220335 1.486876 0.974249
v -1.220335 1.486876 0.974249
v 1.372072 1.822034 1.010416
v -1.372072 1.822034 1.010416
v 1.304018 2.061771 1.136049
v -1.304018 2.061771 1.136049
v 1.019084 2.218336 1.238719
v -1.019084 2.218336 1.238719
v 0.690561 2.426675 1.332704
v -0.690561 2.426676 1.332704
v 0.440064 2.501876 1.387094
v -0.440064 2.501876 1.387094
v 0.235606 2.306366 1.398373
v -0.235606 2.306366 1.398373
v 0.076202 2.075411 1.380644
v -0.076202 2.075411 1.380643
v 0.316535 2.166820 1.413967
v -0.316535 2.166820 1.413967
v 0.481333 2.283737 1.396948
v -0.481333 2.283737 1.396948
v 0.668057 2.241180 1.355434
v -0.668057 2.241180 1.355434
v 0.945868 2.101002 1.274618
v -0.945868 2.101002 1.274618
v 1.166916 1.962230 1.184121
v -1.166916 1.962230 1.184120
v 1.197676 1.784198 1.122553
v -1.197676 1.784198 1.122553
v 1.077063 1.543925 1.118833
v -1.077063 1.543925 1.118833
v 0.824599 1.361422 1.174022
v -0.824599 1.361422 1.174022
v 0.488872 1.305596 1.280434
v -0.488872 1.305596 1.280434
v 0.222274 1.397723 1.330010
v -0.222274 1.397723 1.330010
v 0.175057 1.981432 1.404280
v -0.175057 1.981432 1.404280
v 0.112840 1.793170 1.366182
v -0.112840 1.793170 1.366182
v 0.128369 1.589293 1.321887
v -0.128369 1.589293 1.321887
v 0.097770 -0.282792 1.165489
v -0.097770 -0.282792 1.165489
v 0.251671 -0.243021 1.171825
v -0.251671 -0.243021 1.171825
v 0.318959 -0.125016 1.197285
v -0.318959 -0.125016 1.197285
v 0.288267 0.320307 1.261810
v -0.288267 0.320307 1.261810
v 0.323758 0.036924 1.230946
v -0.323758 0.036924 1.230946
v 0.074172 0.646435 1.334804
v -0.074172 0.646435 1.334804
v 0.087117 0.329289 1.308739
v -0.087117 0.329289 1.308739
v 0.099687 0.075125 1.277987
v -0.099687 0.075125 1.277987
v 0.189748 0.874309 1.349538
v -0.189749 0.874309 1.349538
v 0.201919 0.995867 1.350653
v -0.201919 0.995867 1.350653
v 0.109484 1.077406 1.342025
v -0.109484 1.077406 1.342025
v 0.018438 1.038021 1.351473
v -0.018438 1.038021 1.351473
v 0.077159 0.784689 1.359268
v -0.077159 0.784689 1.359268
v 0.073730 0.826806 1.390849
v -0.073730 0.826806 1.390849
v 0.039655 1.029810 1.402843
v -0.039655 1.029810 1.402843
v 0.124875 1.065367 1.400057
v -0.124875 1.065367 1.400056
v 0.189303 0.992942 1.411877
v -0.189303 0.992942 1.411877
v 0.174761 0.891935 1.408328
v -0.174761 0.891935 1.408328
v 0.108988 0.998358 1.428333
v -0.108988 0.998358 1.428333
v 0.080025 0.898183 1.417976
v -0.080025 0.898183 1.417976
v 0.101685 1.168637 1.328792
v -0.101685 1.168637 1.328792
v 0.226119 1.004226 1.318938
v -0.226119 1.004226 1.318938
v 0.245480 0.848549 1.278487
v -0.245480 0.848549 1.278487
v 0.245844 0.657188 1.275915
v -0.245844 0.657188 1.275916
v 0.416797 0.653037 1.114970
v -0.416797 0.653037 1.114970
v 0.364082 0.829758 1.112133
v -0.364082 0.829758 1.112132
v 0.326375 0.977818 1.155552
v -0.326375 0.977818 1.155552
v 0.086376 0.004192 1.267095
v -0.086376 0.004192 1.267096
v 0.180641 -0.054716 1.257562
v -0.180641 -0.054716 1.257562
v 0.141895 -0.176394 1.236592
v -0.141895 -0.176394 1.236592
v 0.049442 -0.226312 1.223513
v -0.049442 -0.226312 1.223514
v 0.041979 -0.195009 1.176895
v -0.041979 -0.195010 1.176895
v 0.122299 -0.150106 1.184487
v -0.122299 -0.150106 1.184487
v 0.158496 -0.057301 1.204394
v -0.158496 -0.057301 1.204394
v 0.078176 -0.021652 1.213666
v -0.078176 -0.021652 1.213666
v 0.059875 -0.104791 1.141182
v -0.059875 -0.104791 1.141182
v 0.133178 -0.096157 1.142437
v -0.133178 -0.096157 1.142437
v 0.285203 1.639513 1.344966
v -0.285203 1.639513 1.344966
v 0.265990 1.775232 1.356292
v -0.265990 1.775232 1.356293
v 0.298729 1.930916 1.364012
v -0.298729 1.930916 1.364012
v 0.344607 1.535436 1.337932
v -0.344607 1.535436 1.337932
v 0.520344 1.443097 1.303708
v -0.520344 1.443097 1.303708
v 0.756170 1.432164 1.244782
v -0.756170 1.432164 1.244782
v 0.954208 1.563299 1.193962
v -0.954208 1.563299 1.193962
v 1.065027 1.746237 1.171345
v -1.065027 1.746237 1.171345
v 1.046798 1.896973 1.187590
v -1.046798 1.896973 1.187590
v 0.884598 2.007887 1.254844
v -0.884598 2.007887 1.254844
v 0.669017 2.087869 1.315804
v -0.669017 2.087869 1.315804
v 0.521643 2.111422 1.335643
v -0.521643 2.111422 1.335643
v 0.394693 2.057514 1.358003
v -0.394693 2.057514 1.358003
v 0.439647 2.001944 1.351285
v -0.439647 2.001944 1.351285
v 0.539658 2.046456 1.338510
v -0.539658 2.046456 1.338510
v 0.665130 2.033127 1.328281
v -0.665130 2.033127 1.328281
v 0.846119 1.968466 1.271065
v -0.846119 1.968466 1.271065
v 0.977582 1.871929 1.202487
v -0.977582 1.871929 1.202487
v 0.992163 1.748133 1.191328
v -0.992163 1.748133 1.191327
v 0.903633 1.596205 1.218087
v -0.903633 1.596205 1.218087
v 0.739961 1.485660 1.268323
v -0.739961 1.485660 1.268323
v 0.537512 1.490912 1.318677
v -0.537512 1.490912 1.318677
v 0.382139 1.567865 1.342850
v -0.382139 1.567865 1.342850
v 0.361274 1.903232 1.351428
v -0.361274 1.903232 1.351428
v 0.326932 1.777349 1.347583
v -0.326932 1.777349 1.347583
v 0.334192 1.661027 1.341133
v -0.334192 1.661027 1.341133
v 0.076661 2.117096 1.190354
v -0.076661 2.117096 1.190355
v 0.241863 2.343925 1.202903
v -0.241863 2.343925 1.202903
v 0.447001 2.540853 1.190307
v -0.447001 2.540853 1.190307
v 0.710295 2.452699 1.133149
v -0.710295 2.452699 1.133149
v 1.035173 2.240469 1.035434
v -1.035173 2.240469 1.035434
v 1.325944 2.091785 0.949403
v -1.325944 2.091785 0.949403
v 1.416584 1.821474 0.823400
v -1.416584 1.821474 0.823400
v 1.242290 1.449261 0.777004
v -1.242290 1.449261 0.777004
v 0.925405 1.205038 0.850007
v -0.925405 1.205038 0.850007
v 0.132429 0.433968 0.536433
v -0.132429 0.433968 0.536433
v 0.118217 0.146083 0.614018
v -0.118217 0.146083 0.614018
v 0.134026 -0.200778 0.710656
v -0.134026 -0.200778 0.710656
v 0.149752 -0.373123 0.889862
v -0.149752 -0.373122 0.889862
v 0.429430 -0.326718 0.844571
v -0.429430 -0.326717 0.844571
v 0.561012 -0.193442 0.814318
v -0.561012 -0.193442 0.814318
v 0.543139 0.093087 0.828182
v -0.543139 0.093087 0.828182
v 0.353817 0.207614 0.664182
v -0.353817 0.207614 0.664182
v 0.399427 -0.140304 0.706407
v -0.399427 -0.140304 0.706407
v 0.345715 0.513789 0.626173
v -0.345715 0.513789 0.626173
v 0.497488 0.441950 0.852211
v -0.497488 0.441950 0.852211
v 0.409830 0.852245 0.883070
v -0.409830 0.852245 0.883070
v 0.446370 0.704549 0.859664
v -0.446370 0.704549 0.859664
v 0.386670 0.956951 0.921871
v -0.386670 0.956951 0.921871
v 0.566848 1.061586 0.910532
v -0.566848 1.061586 0.910532
v 0.291623 1.235867 -1.171381
v -0.291623 1.235867 -1.171381
v 0.273171 0.876410 -0.786069
v -0.273171 0.876410 -0.786069
v 0.220112 0.654431 -0.120705
v -0.220112 0.654431 -0.120705
v 0.167271 0.556124 0.383096
v -0.167271 0.556124 0.383096
v 0.370296 0.683284 0.555113
v -0.370296 0.683284 0.555113
v 1.292394 1.478898 0.408460
v -1.292394 1.478898 0.408460
v 0.341165 1.815000 -1.312791
v -0.341165 1.815000 -1.312792
v 0.388702 2.907943 0.152923
v -0.388702 2.907943 0.152923
v 0.388690 2.912038 -0.473238
v -0.388690 2.912039 -0.473238
v 0.389095 2.514132 -1.069885
v -0.389095 2.514132 -1.069885
v 1.244621 2.079488 0.684218
v -1.244621 2.079488 0.684218
v 1.228090 2.252285 0.345191
v -1.228090 2.252286 0.345191
v 1.256889 2.463367 -0.058664
v -1.256889 2.463367 -0.058664
v 1.255235 2.441050 -0.484928
v -1.255235 2.441050 -0.484928
v 1.232719 2.116011 -0.787188
v -1.232719 2.116011 -0.787188
v 0.938917 2.325400 -0.920145
v -0.938917 2.325400 -0.920145
v 0.950261 2.718281 -0.479038
v -0.950261 2.718281 -0.479038
v 0.950500 2.725506 0.011243
v -0.950500 2.725506 0.011243
v 0.950637 2.433644 0.441196
v -0.950637 2.433644 0.441196
v 0.981653 2.202520 0.773807
v -0.981653 2.202520 0.773807
v 0.393429 2.564685 0.652689
v -0.393429 2.564685 0.652689
v 0.490627 2.364416 1.054883
v -0.490627 2.364416 1.054883
v 0.464218 2.258409 0.942097
v -0.464218 2.258409 0.942097
v 0.077057 2.167872 1.045702
v -0.077057 2.167872 1.045702
v 1.378087 1.850475 0.537655
v -1.378087 1.850475 0.537655
v 1.411823 1.982005 0.203759
v -1.411823 1.982005 0.203759
v 1.430228 2.117325 -0.115351
v -1.430228 2.117325 -0.115351
v 1.392686 2.096029 -0.490218
v -1.392686 2.096029 -0.490218
v 0.589527 0.857565 -0.075271
v -0.589527 0.857565 -0.075271
v 0.948401 1.088520 -0.069607
v -0.948401 1.088520 -0.069607
v 0.953589 1.182306 0.480335
v -0.953589 1.182306 0.480335
v 0.564007 0.978369 0.664156
v -0.564007 0.978369 0.664157
v 0.493355 0.827945 0.426685
v -0.493355 0.827945 0.426685
v 0.503230 1.026967 0.839910
v -0.503230 1.026967 0.839910
v 1.103242 1.594979 -0.865088
v -1.103242 1.594979 -0.865088
v 0.823716 1.699650 -1.088115
v -0.823716 1.699650 -1.088115
v 0.951469 1.191555 -0.583638
v -0.951469 1.191555 -0.583638
v 0.674351 1.044839 -0.677523
v -0.674351 1.044839 -0.677523
v 0.669225 1.286448 -1.018976
v -0.669225 1.286448 -1.018976
v 1.697090 2.042844 -0.475134
v -1.697090 2.042844 -0.475134
v 1.960171 2.114474 -0.626585
v -1.960171 2.114474 -0.626585
v 2.205153 1.990433 -0.722715
v -2.205153 1.990433 -0.722715
v 2.234185 1.646559 -0.732194
v -2.234185 1.646559 -0.732194
v 1.999283 1.325327 -0.645267
v -1.999283 1.325327 -0.645267
v 1.617740 1.173888 -0.405888
v -1.617740 1.173888 -0.405888
v 1.663904 1.264284 -0.453798
v -1.663904 1.264284 -0.453798
v 1.961298 1.382507 -0.666107
v -1.961298 1.382507 -0.666107
v 2.147949 1.633266 -0.747133
v -2.147949 1.633266 -0.747133
v 2.131121 1.901187 -0.737523
v -2.131121 1.901187 -0.737523
v 1.934156 1.998773 -0.649661
v -1.934156 1.998773 -0.649661
v 1.720297 1.944734 -0.513601
v -1.720297 1.944734 -0.513601
v 1.219933 1.242096 -0.147578
v -1.219933 1.242096 -0.147578
v 1.293920 1.168319 -0.273872
v -1.293920 1.168319 -0.273872
v 1.382561 1.546767 0.012029
v -1.382561 1.546767 0.012029
v 1.531591 1.926153 -0.389673
v -1.531591 1.926153 -0.389673
v 1.428798 1.261680 -0.354116
v -1.428798 1.261680 -0.354116
v 1.362799 1.328381 -0.396655
v -1.362799 1.328381 -0.396655
v 1.382505 1.424937 -0.445599
v -1.382505 1.424937 -0.445599
v 1.372830 1.546360 -0.413457
v -1.372830 1.546360 -0.413457
v 1.480298 1.718988 -0.421250
v -1.480298 1.718988 -0.421250
v 1.583457 1.845515 -0.437387
v -1.583457 1.845515 -0.437387
v 1.458335 1.822691 -0.293961
v -1.458335 1.822691 -0.293961
v 1.364925 1.567419 -0.228242
v -1.364925 1.567419 -0.228242
v 1.276890 1.337849 -0.253163
v -1.276890 1.337849 -0.253163
v 1.619534 1.789212 -0.537160
v -1.619534 1.789211 -0.537160
v 1.520995 1.679030 -0.517876
v -1.520995 1.679030 -0.517876
v 1.412824 1.554088 -0.519071
v -1.412824 1.554088 -0.519071
v 1.399912 1.474733 -0.520464
v -1.399912 1.474733 -0.520464
v 1.465537 1.406829 -0.520873
v -1.465537 1.406829 -0.520873
v 1.460035 1.323638 -0.515589
v -1.460035 1.323638 -0.515589
v 1.496583 1.292091 -0.473616
v -1.496583 1.292091 -0.473616
v 1.745497 1.875067 -0.617494
v -1.745497 1.875067 -0.617494
v 1.942251 1.920108 -0.739103
v -1.942251 1.920108 -0.739103
v 2.121531 1.839526 -0.809266
v -2.121531 1.839526 -0.809267
v 2.136826 1.617671 -0.812652
v -2.136826 1.617671 -0.812652
v 1.963396 1.407115 -0.745189
v -1.963396 1.407115 -0.745189
v 1.694843 1.308492 -0.558597
v -1.694843 1.308492 -0.558597
v 1.540208 1.438650 -0.571354
v -1.540208 1.438650 -0.571354
v 1.662414 1.525546 -0.607139
v -1.662414 1.525546 -0.607139
v 1.772863 1.632974 -0.650072
v -1.772863 1.632974 -0.650072
v 1.880212 1.718681 -0.682591
v -1.880212 1.718681 -0.682591
v 1.801286 1.812103 -0.669118
v -1.801286 1.812103 -0.669118
v 1.681048 1.726529 -0.610758
v -1.681048 1.726529 -0.610758
v 1.577031 1.620813 -0.579562
v -1.577031 1.620813 -0.579563
v 1.466272 1.519942 -0.563762
v -1.466272 1.519942 -0.563762
v 1.534658 1.344163 -0.545502
v -1.534658 1.344163 -0.545502
v 1.699099 1.399085 -0.610936
v -1.699099 1.399085 -0.610936
v 1.891104 1.498930 -0.722650
v -1.891104 1.498930 -0.722650
v 2.028901 1.641880 -0.766269
v -2.028901 1.641880 -0.766269
v 2.032675 1.787442 -0.769941
v -2.032675 1.787442 -0.769941
v 1.938609 1.868266 -0.750480
v -1.938609 1.868266 -0.750480
v 1.605400 1.149852 -0.565393
v -1.605400 1.149852 -0.565393
v 2.043423 1.311979 -0.774807
v -2.043423 1.311979 -0.774807
v 2.315827 1.647302 -0.825551
v -2.315827 1.647302 -0.825551
v 2.273705 2.000481 -0.827626
v -2.273705 2.000481 -0.827626
v 1.990655 2.122915 -0.770717
v -1.990655 2.122915 -0.770717
v 1.673293 2.045568 -0.623527
v -1.673293 2.045568 -0.623527
v 1.636095 1.591597 -0.733773
v -1.636095 1.591597 -0.733774
v 2.026675 1.705045 -0.886858
v -2.026674 1.705045 -0.886858
v 2.285915 1.797908 -0.911977
v -2.285915 1.797908 -0.911977
v 1.471722 1.923795 -0.552250
v -1.471722 1.923795 -0.552250
v 1.348525 1.550485 -0.687678
v -1.348525 1.550485 -0.687678
v 1.239745 1.163138 -0.469691
v -1.239745 1.163138 -0.469691
v -0.028614 -0.157321 1.242485
v -0.084268 -0.122090 1.247866
v 0.084268 -0.122090 1.247866
v 0.028614 -0.157321 1.242485
v -0.109734 -0.047049 1.259328
v 0.109734 -0.047049 1.259328
vn 0.8035 -0.0013 0.5953
vn 0.7575 -0.2569 0.6002
vn 0.7236 -0.2425 0.6463
vn 0.7684 -0.0008 0.6400
vn 0.6159 -0.4966 0.6116
vn 0.5895 -0.4598 0.6642
vn 0.6226 -0.5110 0.5927
vn 0.7664 -0.2694 0.5831
vn 0.8143 -0.0010 0.5805
vn -0.6226 -0.5110 0.5927
vn -0.5895 -0.4598 0.6642
vn -0.7236 -0.2425 0.6463
vn -0.7664 -0.2694 0.5831
vn -0.6159 -0.4966 0.6116
vn -0.7575 -0.2569 0.6002
vn -0.8035 -0.0013 0.5953
vn -0.7684 -0.0008 0.6400
vn -0.8143 -0.0010 0.5805
vn 0.8124 -0.2988 0.5007
vn 0.8642 -0.0013 0.5031
vn 0.6548 -0.5685 0.4980
vn 0.6767 -0.5727 0.4627
vn 0.8306 -0.2988 0.4699
vn 0.8804 -0.0001 0.4742
vn -0.6767 -0.5727 0.4627
vn -0.6548 -0.5685 0.4980
vn -0.8124 -0.2988 0.5007
vn -0.8306 -0.2988 0.4699
vn -0.8642 -0.0013 0.5031
vn -0.8804 -0.0001 0.4742
vn 0.3959 -0.6874 0.6089
vn 0.4043 -0.7678 0.4971
vn 0.1101 -0.7677 0.6313
vn 0.0878 -0.8575 0.5069
vn 0.0982 -0.8843 0.4565
vn 0.4245 -0.7835 0.4538
vn -0.0982 -0.8843 0.4565
vn -0.0878 -0.8575 0.5069
vn -0.4043 -0.7678 0.4971
vn -0.4245 -0.7835 0.4538
vn -0.1101 -0.7677 0.6313
vn -0.3959 -0.6874 0.6089
vn 0.3955 -0.6713 0.6268
vn 0.3832 -0.6136 0.6904
vn 0.1221 -0.7533 0.6463
vn 0.1296 -0.6828 0.7190
vn -0.1296 -0.6828 0.7190
vn -0.3832 -0.6136 0.6904
vn -0.1221 -0.7533 0.6463
vn -0.3955 -0.6713 0.6268
vn -0.1836 -0.7220 0.6671
vn -0.1488 -0.6518 0.7436
vn -0.4677 -0.5583 0.6852
vn -0.4053 -0.5023 0.7639
vn -0.4699 -0.5598 0.6826
vn -0.1969 -0.7282 0.6565
vn 0.4699 -0.5598 0.6826
vn 0.4053 -0.5023 0.7639
vn 0.1488 -0.6518 0.7436
vn 0.1969 -0.7282 0.6565
vn 0.4677 -0.5583 0.6852
vn 0.1836 -0.7220 0.6671
vn -0.2470 -0.8112 0.5301
vn -0.5405 -0.6252 0.5630
vn -0.5590 -0.6503 0.5143
vn -0.2523 -0.8413 0.4781
vn 0.5590 -0.6503 0.5143
vn 0.5405 -0.6252 0.5630
vn 0.2470 -0.8112 0.5301
vn 0.2523 -0.8413 0.4781
vn -0.6492 -0.2967 0.7004
vn -0.7357 -0.3344 0.5891
vn -0.7077 -0.0011 0.7065
vn -0.8000 -0.0014 0.6001
vn -0.8305 0.0001 0.5571
vn -0.7633 -0.3484 0.5440
vn 0.8305 0.0001 0.5571
vn 0.8000 -0.0014 0.6001
vn 0.7357 -0.3344 0.5891
vn 0.7633 -0.3484 0.5440
vn 0.7077 -0.0011 0.7065
vn 0.6492 -0.2967 0.7004
vn -0.6598 -0.2960 0.6907
vn -0.5750 -0.2641 0.7744
vn -0.7248 -0.0016 0.6890
vn -0.6302 -0.0009 0.7764
vn 0.6302 -0.0009 0.7764
vn 0.5750 -0.2641 0.7744
vn 0.7248 -0.0016 0.6890
vn 0.6598 -0.2960 0.6907
vn -0.6714 0.2897 0.6821
vn -0.5828 0.2612 0.7695
vn -0.4921 0.5599 0.6666
vn -0.4218 0.5061 0.7523
vn -0.4739 0.5539 0.6846
vn -0.6507 0.2916 0.7011
vn 0.4739 0.5539 0.6846
vn 0.4218 0.5061 0.7523
vn 0.5828 0.2612 0.7695
vn 0.6507 0.2916 0.7011
vn 0.4921 0.5599 0.6666
vn 0.6714 0.2897 0.6821
vn -0.7327 0.3263 0.5972
vn -0.5356 0.6101 0.5838
vn -0.5473 0.6362 0.5438
vn -0.7573 0.3433 0.5555
vn 0.5473 0.6362 0.5438
vn 0.5356 0.6101 0.5838
vn 0.7327 0.3263 0.5972
vn 0.7573 0.3433 0.5555
vn -0.1990 0.7251 0.6592
vn -0.2392 0.7924 0.5612
vn 0.1110 0.7652 0.6341
vn 0.0940 0.8361 0.5404
vn 0.1058 0.8574 0.5036
vn -0.2383 0.8189 0.5222
vn -0.1058 0.8574 0.5036
vn -0.0940 0.8361 0.5404
vn 0.2392 0.7924 0.5612
vn 0.2383 0.8189 0.5222
vn -0.1110 0.7652 0.6341
vn 0.1990 0.7251 0.6592
vn -0.2045 0.7422 0.6383
vn -0.1630 0.6688 0.7254
vn 0.1157 0.7811 0.6136
vn 0.1259 0.7045 0.6984
vn -0.1259 0.7045 0.6984
vn 0.1630 0.6688 0.7254
vn -0.1157 0.7811 0.6136
vn 0.2045 0.7422 0.6383
vn 0.4045 0.6910 0.5991
vn 0.3900 0.6292 0.6724
vn 0.6314 0.4987 0.5938
vn 0.6001 0.4629 0.6524
vn 0.6261 0.5049 0.5942
vn 0.3988 0.6835 0.6113
vn -0.6261 0.5049 0.5942
vn -0.6001 0.4629 0.6524
vn -0.3900 0.6292 0.6724
vn -0.3988 0.6835 0.6113
vn -0.6314 0.4987 0.5938
vn -0.4045 0.6910 0.5991
vn 0.4064 0.7474 0.5256
vn 0.6547 0.5526 0.5158
vn 0.6725 0.5580 0.4863
vn 0.4236 0.7601 0.4928
vn -0.6725 0.5580 0.4863
vn -0.6547 0.5526 0.5158
vn -0.4064 0.7474 0.5256
vn -0.4236 0.7601 0.4928
vn 0.7677 0.2648 0.5836
vn 0.8111 0.2910 0.5074
vn 0.8273 0.2938 0.4788
vn -0.8111 0.2910 0.5074
vn -0.8273 0.2938 0.4788
vn -0.7677 0.2648 0.5836
vn 0.7652 0.2519 0.5924
vn 0.7288 0.2398 0.6413
vn -0.7288 0.2398 0.6413
vn -0.7652 0.2519 0.5924
vn 0.7652 0.2475 0.5943
vn 0.8025 -0.0012 0.5967
vn 0.6357 0.4998 0.5883
vn 0.5167 0.3244 0.7923
vn 0.6010 0.1604 0.7830
vn 0.6233 -0.0013 0.7820
vn -0.5167 0.3244 0.7923
vn -0.6357 0.4998 0.5883
vn -0.7652 0.2475 0.5943
vn -0.6010 0.1604 0.7830
vn -0.8025 -0.0012 0.5967
vn -0.6233 -0.0013 0.7820
vn 0.4082 0.7024 0.5831
vn 0.1105 0.8020 0.5870
vn 0.1630 0.5384 0.8267
vn 0.3670 0.4690 0.8033
vn -0.1630 0.5384 0.8267
vn -0.1105 0.8020 0.5870
vn -0.4082 0.7024 0.5831
vn -0.3670 0.4690 0.8033
vn -0.2197 0.7602 0.6115
vn -0.5168 0.5744 0.6348
vn -0.2915 0.3803 0.8777
vn -0.0781 0.5138 0.8543
vn 0.2915 0.3803 0.8777
vn 0.5168 0.5744 0.6348
vn 0.2197 0.7602 0.6115
vn 0.0781 0.5138 0.8543
vn -0.7072 0.3019 0.6393
vn -0.7724 -0.0015 0.6352
vn -0.4828 -0.0018 0.8757
vn -0.4353 0.1982 0.8782
vn 0.4828 -0.0018 0.8757
vn 0.7724 -0.0015 0.6352
vn 0.7072 0.3019 0.6393
vn 0.4353 0.1982 0.8782
vn -0.7014 -0.3119 0.6409
vn -0.5026 -0.5846 0.6369
vn -0.2894 -0.4006 0.8694
vn -0.4365 -0.2107 0.8747
vn 0.2894 -0.4006 0.8694
vn 0.5026 -0.5846 0.6369
vn 0.7014 -0.3119 0.6409
vn 0.4365 -0.2107 0.8747
vn -0.2098 -0.7597 0.6155
vn 0.1125 -0.7973 0.5930
vn 0.1599 -0.5603 0.8127
vn -0.0801 -0.5340 0.8417
vn -0.1599 -0.5603 0.8127
vn -0.1125 -0.7973 0.5930
vn 0.2098 -0.7597 0.6155
vn 0.0801 -0.5340 0.8417
vn 0.4023 -0.7004 0.5896
vn 0.6247 -0.5074 0.5936
vn 0.5141 -0.3431 0.7861
vn 0.3654 -0.4888 0.7922
vn -0.5141 -0.3431 0.7861
vn -0.6247 -0.5074 0.5936
vn -0.4023 -0.7004 0.5896
vn -0.3654 -0.4888 0.7922
vn 0.7606 -0.2557 0.5967
vn 0.6016 -0.1709 0.7803
vn -0.7606 -0.2557 0.5967
vn -0.6016 -0.1709 0.7803
vn 0.1931 -0.0015 0.9812
vn 0.3423 -0.1196 0.9320
vn 0.4081 -0.0753 0.9098
vn 0.3860 -0.0006 0.9225
vn -0.4081 -0.0753 0.9098
vn -0.3860 -0.0006 0.9225
vn -0.3423 -0.1196 0.9320
vn -0.1931 -0.0015 0.9812
vn 0.2960 -0.2052 0.9329
vn 0.1999 -0.1878 0.9616
vn -0.2960 -0.2052 0.9329
vn -0.1999 -0.1878 0.9616
vn 0.0196 -0.1215 0.9924
vn 0.0825 -0.2136 0.9734
vn -0.0825 -0.2136 0.9734
vn -0.0196 -0.1215 0.9924
vn -0.0521 -0.0004 0.9986
vn -0.0797 -0.0697 0.9944
vn 0.0797 -0.0696 0.9944
vn 0.0521 -0.0004 0.9986
vn 0.0203 0.1143 0.9932
vn -0.0787 0.0641 0.9948
vn 0.0787 0.0641 0.9948
vn -0.0203 0.1143 0.9932
vn 0.2005 0.1764 0.9637
vn 0.0834 0.2020 0.9758
vn -0.0834 0.2020 0.9758
vn -0.2005 0.1764 0.9637
vn 0.3420 0.1127 0.9329
vn 0.2961 0.1940 0.9352
vn -0.2961 0.1940 0.9352
vn -0.3420 0.1127 0.9329
vn 0.4074 0.0699 0.9106
vn -0.4074 0.0699 0.9106
vn 0.1547 -0.9849 0.0775
vn 0.1709 -0.9013 0.3980
vn 0.0946 -0.9113 0.4006
vn 0.0889 -0.9907 0.1034
vn 0.1639 -0.7749 0.6105
vn 0.0871 -0.8039 0.5883
vn -0.0000 -0.8117 0.5840
vn -0.0000 -0.9138 0.4062
vn -0.0000 -0.9931 0.1176
vn -0.0871 -0.8039 0.5883
vn -0.0946 -0.9113 0.4006
vn -0.1639 -0.7749 0.6105
vn -0.1709 -0.9013 0.3980
vn -0.1547 -0.9849 0.0775
vn -0.0889 -0.9907 0.1034
vn 0.6234 -0.7771 0.0865
vn 0.5083 -0.6985 0.5037
vn 0.2930 -0.8519 0.4340
vn 0.2915 -0.9540 0.0700
vn 0.4010 -0.5359 0.7429
vn 0.2696 -0.6943 0.6673
vn -0.2696 -0.6943 0.6673
vn -0.2930 -0.8519 0.4340
vn -0.4010 -0.5359 0.7429
vn -0.5083 -0.6985 0.5037
vn -0.6234 -0.7771 0.0865
vn -0.2915 -0.9540 0.0700
vn 0.9906 -0.0659 0.1195
vn 0.8071 -0.1806 0.5621
vn 0.7172 -0.4177 0.5578
vn 0.9178 -0.3817 0.1089
vn 0.5478 -0.2099 0.8099
vn 0.4955 -0.3498 0.7951
vn -0.4955 -0.3498 0.7951
vn -0.7172 -0.4177 0.5578
vn -0.5478 -0.2099 0.8099
vn -0.8071 -0.1806 0.5621
vn -0.9906 -0.0659 0.1195
vn -0.9178 -0.3817 0.1089
vn 0.9867 0.1152 0.1148
vn 0.8392 0.0475 0.5418
vn 0.8355 -0.0369 0.5483
vn 0.9917 0.0634 0.1119
vn 0.5973 -0.0146 0.8019
vn 0.5797 -0.1003 0.8086
vn -0.5797 -0.1003 0.8086
vn -0.8355 -0.0369 0.5483
vn -0.5973 -0.0146 0.8019
vn -0.8392 0.0475 0.5418
vn -0.9867 0.1152 0.1148
vn -0.9917 0.0634 0.1119
vn 0.9680 0.2055 0.1440
vn 0.8414 0.1616 0.5156
vn 0.8388 0.1016 0.5349
vn 0.9809 0.1493 0.1247
vn 0.6323 0.0853 0.7700
vn 0.6093 0.0384 0.7920
vn -0.6093 0.0384 0.7920
vn -0.8388 0.1016 0.5349
vn -0.6323 0.0853 0.7700
vn -0.8414 0.1616 0.5156
vn -0.9680 0.2055 0.1440
vn -0.9809 0.1493 0.1247
vn 0.6050 -0.7431 0.2859
vn 0.3667 -0.8918 0.2651
vn 0.3868 -0.7592 0.5235
vn 0.6162 -0.5795 0.5333
vn 0.3779 -0.8914 0.2503
vn 0.3812 -0.7537 0.5354
vn 0.3795 -0.5644 0.7331
vn 0.3816 -0.4921 0.7824
vn 0.3170 -0.2083 0.9253
vn -0.3795 -0.5644 0.7331
vn -0.3812 -0.7537 0.5354
vn -0.3868 -0.7592 0.5235
vn -0.3816 -0.4921 0.7824
vn -0.3779 -0.8914 0.2503
vn -0.3667 -0.8918 0.2651
vn -0.6050 -0.7431 0.2859
vn -0.6162 -0.5795 0.5333
vn -0.3170 -0.2083 0.9253
vn 0.4825 -0.8437 0.2354
vn 0.4582 -0.6985 0.5497
vn 0.6172 -0.7570 0.2147
vn 0.5783 -0.6068 0.5454
vn 0.5049 -0.4603 0.7302
vn 0.4249 -0.5417 0.7253
vn -0.5049 -0.4603 0.7302
vn -0.5783 -0.6068 0.5454
vn -0.4582 -0.6985 0.5497
vn -0.4249 -0.5417 0.7253
vn -0.6172 -0.7570 0.2147
vn -0.4825 -0.8437 0.2354
vn 0.7560 -0.6275 0.1862
vn 0.6849 -0.4987 0.5313
vn 0.8883 -0.4262 0.1709
vn 0.7432 -0.3952 0.5399
vn 0.5918 -0.3291 0.7359
vn 0.5737 -0.3793 0.7260
vn -0.5918 -0.3291 0.7359
vn -0.7432 -0.3952 0.5399
vn -0.6849 -0.4987 0.5313
vn -0.5737 -0.3793 0.7260
vn -0.8883 -0.4262 0.1709
vn -0.7560 -0.6275 0.1862
vn 0.9701 -0.1578 0.1842
vn 0.7653 -0.2840 0.5776
vn 0.9431 0.2555 0.2128
vn 0.7746 -0.0353 0.6315
vn 0.5130 -0.2538 0.8200
vn 0.5569 -0.3031 0.7733
vn -0.5130 -0.2538 0.8200
vn -0.7746 -0.0353 0.6315
vn -0.7653 -0.2840 0.5776
vn -0.5569 -0.3031 0.7733
vn -0.9431 0.2555 0.2128
vn -0.9701 -0.1578 0.1842
vn 0.7060 0.6714 0.2253
vn 0.6674 0.3231 0.6710
vn 0.5090 0.8413 0.1818
vn 0.5433 0.5353 0.6468
vn 0.3714 0.0003 0.9285
vn 0.4520 -0.1101 0.8852
vn -0.3714 0.0003 0.9285
vn -0.5433 0.5353 0.6468
vn -0.6674 0.3231 0.6710
vn -0.4520 -0.1101 0.8852
vn -0.5090 0.8413 0.1818
vn -0.7060 0.6714 0.2253
vn 0.5165 0.8429 0.1508
vn 0.5224 0.5892 0.6163
vn 0.5722 0.8069 0.1463
vn 0.5411 0.5660 0.6220
vn 0.3232 0.0706 0.9437
vn 0.3322 0.0550 0.9416
vn -0.3232 0.0706 0.9437
vn -0.5411 0.5660 0.6220
vn -0.5224 0.5892 0.6163
vn -0.3322 0.0550 0.9416
vn -0.5722 0.8069 0.1463
vn -0.5165 0.8429 0.1508
vn 0.5561 0.8152 0.1619
vn 0.5107 0.5688 0.6447
vn 0.2983 0.9373 0.1800
vn 0.3163 0.6479 0.6930
vn 0.2535 0.1240 0.9594
vn 0.3127 0.0870 0.9459
vn -0.2535 0.1240 0.9594
vn -0.3163 0.6479 0.6930
vn -0.5107 0.5688 0.6447
vn -0.3127 0.0870 0.9459
vn -0.2983 0.9373 0.1800
vn -0.5561 0.8152 0.1619
vn -0.2067 0.9604 0.1870
vn -0.0771 0.6733 0.7353
vn -0.6563 0.7388 0.1531
vn -0.4537 0.5352 0.7126
vn -0.0491 0.0966 0.9941
vn 0.1039 0.1391 0.9848
vn 0.0491 0.0966 0.9941
vn 0.4537 0.5352 0.7126
vn 0.0771 0.6734 0.7353
vn -0.1039 0.1391 0.9848
vn 0.6563 0.7388 0.1531
vn 0.2067 0.9604 0.1870
vn -0.8380 0.5355 0.1052
vn -0.6382 0.4086 0.6525
vn -0.8197 0.5621 0.1105
vn -0.6598 0.4196 0.6234
vn -0.1587 0.0433 0.9864
vn -0.1248 0.0561 0.9906
vn 0.1587 0.0433 0.9864
vn 0.6598 0.4196 0.6234
vn 0.6382 0.4086 0.6525
vn 0.1248 0.0561 0.9906
vn 0.8197 0.5621 0.1105
vn 0.8380 0.5355 0.1052
vn -0.5933 0.7828 0.1877
vn -0.4976 0.5452 0.6747
vn -0.0000 0.9672 0.2539
vn -0.0000 0.6400 0.7683
vn -0.0000 -0.0443 0.9990
vn -0.1289 0.0505 0.9904
vn 0.4976 0.5452 0.6747
vn 0.1289 0.0505 0.9904
vn 0.5933 0.7828 0.1877
vn 0.2804 -0.2166 0.9351
vn 0.3032 -0.2294 0.9249
vn 0.2895 -0.2441 0.9255
vn 0.2605 -0.2463 0.9335
vn 0.2764 -0.2470 0.9288
vn 0.2634 -0.2497 0.9318
vn -0.2634 -0.2497 0.9318
vn -0.2895 -0.2441 0.9255
vn -0.2764 -0.2470 0.9288
vn -0.3032 -0.2294 0.9249
vn -0.2804 -0.2166 0.9351
vn -0.2605 -0.2463 0.9335
vn 0.2060 -0.2672 0.9414
vn 0.2065 -0.2649 0.9419
vn 0.1299 -0.2630 0.9560
vn 0.1474 -0.2820 0.9480
vn -0.1474 -0.2820 0.9480
vn -0.2065 -0.2649 0.9419
vn -0.1299 -0.2630 0.9560
vn -0.2060 -0.2672 0.9414
vn 0.1743 -0.2092 0.9622
vn 0.1107 -0.3212 0.9405
vn 0.1114 -0.2967 0.9485
vn 0.1203 -0.2244 0.9671
vn -0.1114 -0.2967 0.9485
vn -0.1107 -0.3212 0.9405
vn -0.1743 -0.2092 0.9622
vn -0.1203 -0.2244 0.9671
vn 0.1678 -0.3127 0.9349
vn 0.1362 -0.3764 0.9164
vn 0.1151 -0.3637 0.9244
vn 0.1893 -0.2724 0.9434
vn -0.1151 -0.3637 0.9244
vn -0.1362 -0.3764 0.9164
vn -0.1678 -0.3127 0.9349
vn -0.1893 -0.2724 0.9434
vn 0.2803 -0.1719 0.9444
vn 0.3021 -0.2814 0.9108
vn 0.2085 -0.3405 0.9168
vn 0.1918 -0.2551 0.9477
vn -0.2085 -0.3405 0.9168
vn -0.3021 -0.2814 0.9108
vn -0.2803 -0.1719 0.9444
vn -0.1918 -0.2551 0.9477
vn 0.4458 -0.2062 0.8710
vn 0.4687 -0.2509 0.8470
vn 0.4019 -0.2415 0.8833
vn 0.3805 -0.1588 0.9110
vn -0.4019 -0.2415 0.8833
vn -0.4687 -0.2509 0.8470
vn -0.4458 -0.2062 0.8710
vn -0.3805 -0.1588 0.9110
vn 0.4398 -0.3701 0.8183
vn 0.4396 -0.3626 0.8217
vn 0.4744 -0.2939 0.8298
vn 0.4639 -0.2835 0.8393
vn -0.4744 -0.2939 0.8298
vn -0.4396 -0.3626 0.8217
vn -0.4398 -0.3701 0.8183
vn -0.4639 -0.2835 0.8393
vn 0.2782 -0.3740 0.8847
vn 0.3418 -0.3644 0.8663
vn 0.3872 -0.4155 0.8230
vn 0.3664 -0.4229 0.8288
vn -0.3872 -0.4155 0.8230
vn -0.3418 -0.3644 0.8663
vn -0.2782 -0.3740 0.8847
vn -0.3664 -0.4229 0.8288
vn 0.1083 -0.1293 0.9857
vn 0.1744 -0.0597 0.9829
vn 0.3134 -0.2118 0.9257
vn 0.2110 -0.2489 0.9453
vn -0.3134 -0.2118 0.9257
vn -0.1744 -0.0597 0.9829
vn -0.1083 -0.1293 0.9857
vn -0.2110 -0.2489 0.9453
vn -0.0411 -0.0565 0.9976
vn -0.0175 0.0472 0.9987
vn -0.1122 -0.0771 0.9907
vn -0.0556 0.0047 0.9984
vn -0.0000 0.0264 0.9997
vn -0.0576 0.0335 0.9978
vn 0.0556 0.0047 0.9984
vn 0.0175 0.0472 0.9987
vn 0.0576 0.0335 0.9978
vn 0.1122 -0.0771 0.9907
vn 0.0411 -0.0565 0.9976
vn 0.1953 -0.2365 0.9518
vn 0.2152 -0.1926 0.9574
vn 0.1354 -0.2253 0.9648
vn 0.1287 -0.1629 0.9782
vn -0.1953 -0.2365 0.9518
vn -0.1354 -0.2253 0.9648
vn -0.2152 -0.1926 0.9574
vn -0.1287 -0.1629 0.9782
vn 0.0838 -0.2222 0.9714
vn 0.0330 -0.1528 0.9877
vn -0.0000 -0.2467 0.9691
vn -0.0000 -0.2263 0.9741
vn 0.0274 -0.2038 0.9786
vn -0.0512 -0.1592 0.9859
vn -0.0838 -0.2222 0.9714
vn -0.0274 -0.2038 0.9786
vn -0.0330 -0.1528 0.9877
vn 0.0512 -0.1592 0.9859
vn -0.0150 -0.1246 0.9921
vn -0.0000 -0.1195 0.9928
vn -0.0996 -0.1399 0.9851
vn 0.0996 -0.1399 0.9851
vn 0.0150 -0.1246 0.9921
vn 0.1410 -0.5910 0.7942
vn 0.0686 -0.6721 0.7372
vn 0.0753 -0.7269 0.6826
vn 0.1513 -0.6729 0.7241
vn -0.0000 -0.6988 0.7153
vn -0.0000 -0.7421 0.6703
vn -0.0753 -0.7269 0.6826
vn -0.0686 -0.6721 0.7372
vn -0.1410 -0.5910 0.7942
vn -0.1513 -0.6729 0.7241
vn 0.2813 -0.3021 0.9108
vn 0.2171 -0.4592 0.8614
vn 0.2441 -0.5618 0.7904
vn 0.3341 -0.3980 0.8544
vn -0.2441 -0.5618 0.7904
vn -0.2171 -0.4592 0.8614
vn -0.2813 -0.3021 0.9108
vn -0.3341 -0.3980 0.8544
vn 0.2012 -0.1337 0.9704
vn 0.2884 -0.1772 0.9410
vn 0.3677 -0.2587 0.8932
vn 0.3592 -0.1827 0.9152
vn -0.3677 -0.2587 0.8932
vn -0.2884 -0.1772 0.9410
vn -0.2012 -0.1337 0.9704
vn -0.3592 -0.1827 0.9152
vn 0.4121 0.0163 0.9110
vn 0.3881 -0.0156 0.9215
vn 0.2687 -0.0300 0.9627
vn 0.2233 -0.0564 0.9731
vn 0.1957 -0.0916 0.9764
vn 0.3746 -0.0595 0.9253
vn -0.1957 -0.0916 0.9764
vn -0.2233 -0.0564 0.9731
vn -0.3881 -0.0156 0.9215
vn -0.3746 -0.0595 0.9253
vn -0.2687 -0.0300 0.9627
vn -0.4121 0.0163 0.9110
vn 0.3602 -0.1275 0.9241
vn 0.1826 -0.1353 0.9738
vn -0.3602 -0.1275 0.9241
vn -0.1826 -0.1353 0.9738
vn 0.4605 -0.2175 0.8606
vn 0.2715 -0.2049 0.9404
vn 0.2169 -0.0748 0.9733
vn 0.3297 -0.0352 0.9434
vn -0.0000 -0.1923 0.9813
vn -0.0000 -0.0928 0.9957
vn -0.0000 -0.0909 0.9959
vn 0.1600 -0.0704 0.9846
vn -0.2169 -0.0748 0.9733
vn -0.1600 -0.0704 0.9846
vn -0.2715 -0.2049 0.9404
vn -0.4605 -0.2175 0.8606
vn -0.3297 -0.0352 0.9434
vn 0.1052 -0.0919 0.9902
vn 0.0702 -0.1169 0.9907
vn -0.0000 -0.1089 0.9941
vn -0.0000 -0.1277 0.9918
vn -0.1052 -0.0919 0.9902
vn -0.0702 -0.1169 0.9907
vn -0.0000 -0.1568 0.9876
vn 0.0464 -0.1185 0.9919
vn 0.0552 -0.1428 0.9882
vn -0.0000 -0.1495 0.9888
vn -0.0552 -0.1428 0.9882
vn -0.0464 -0.1185 0.9919
vn 0.8158 -0.1098 0.5678
vn 0.9771 -0.1014 0.1869
vn 0.8023 -0.4538 0.3878
vn 0.6753 -0.2665 0.6877
vn 0.9525 -0.1320 0.2745
vn 0.7596 -0.5321 0.3740
vn 0.4917 -0.6732 0.5523
vn 0.5527 -0.5482 0.6276
vn -0.4917 -0.6732 0.5523
vn -0.7596 -0.5321 0.3740
vn -0.8023 -0.4538 0.3878
vn -0.5527 -0.5483 0.6276
vn -0.9525 -0.1320 0.2745
vn -0.9771 -0.1014 0.1869
vn -0.8158 -0.1098 0.5678
vn -0.6753 -0.2665 0.6877
vn 0.2919 0.3299 0.8977
vn 0.6896 0.7131 0.1265
vn 0.9417 0.3225 0.0956
vn 0.7388 0.1334 0.6605
vn 0.6772 0.7242 0.1303
vn 0.9307 0.3096 0.1949
vn -0.9307 0.3096 0.1949
vn -0.9417 0.3225 0.0956
vn -0.6772 0.7242 0.1303
vn -0.6896 0.7131 0.1265
vn -0.2919 0.3299 0.8977
vn -0.7388 0.1334 0.6605
vn -0.0000 0.2742 0.9617
vn -0.3031 0.7400 0.6005
vn 0.1603 0.9175 0.3640
vn -0.0652 0.2894 0.9550
vn -0.3230 0.8959 0.3050
vn 0.1832 0.9697 0.1619
vn -0.1832 0.9697 0.1619
vn -0.1603 0.9175 0.3640
vn 0.3230 0.8959 0.3050
vn 0.3031 0.7400 0.6005
vn 0.0652 0.2894 0.9550
vn -0.0000 0.7431 0.6692
vn -0.0000 0.9277 0.3734
vn -0.5360 0.6648 0.5202
vn -0.0000 0.5452 0.8383
vn -0.0000 0.9368 0.3500
vn -0.5230 0.7768 0.3508
vn 0.5230 0.7768 0.3508
vn 0.5360 0.6648 0.5202
vn 0.3130 -0.4820 0.8184
vn -0.0000 -0.4241 0.9056
vn 0.2665 -0.5981 0.7558
vn -0.0000 -0.5318 0.8469
vn -0.3130 -0.4820 0.8184
vn -0.2665 -0.5981 0.7558
vn 0.1400 -0.4925 0.8590
vn -0.0000 -0.4275 0.9040
vn 0.3009 -0.5935 0.7465
vn 0.0891 -0.4434 0.8919
vn 0.0194 -0.3642 0.9311
vn -0.0000 -0.3157 0.9489
vn -0.0891 -0.4434 0.8919
vn -0.3009 -0.5935 0.7465
vn -0.1400 -0.4925 0.8590
vn -0.0194 -0.3642 0.9311
vn -0.0000 0.6143 0.7891
vn -0.3786 0.6115 0.6948
vn -0.0000 0.0970 0.9953
vn -0.1967 0.2761 0.9408
vn -0.1783 0.4370 0.8816
vn -0.2642 0.7341 0.6256
vn 0.1783 0.4370 0.8816
vn 0.1967 0.2761 0.9408
vn 0.3786 0.6115 0.6948
vn 0.2642 0.7341 0.6256
vn 0.1426 0.8043 0.5769
vn 0.0244 0.4335 0.9008
vn 0.2644 0.3769 0.8877
vn 0.5462 0.6047 0.5796
vn -0.2644 0.3769 0.8877
vn -0.0244 0.4335 0.9008
vn -0.1426 0.8043 0.5769
vn -0.5462 0.6047 0.5796
vn 0.7182 0.2466 0.6507
vn 0.2514 0.1511 0.9560
vn 0.1875 -0.1097 0.9761
vn 0.6860 -0.1397 0.7141
vn -0.1875 -0.1097 0.9761
vn -0.2514 0.1511 0.9560
vn -0.7182 0.2466 0.6507
vn -0.6860 -0.1397 0.7141
vn 0.5148 -0.4833 0.7081
vn 0.1212 -0.3466 0.9301
vn -0.1212 -0.3466 0.9301
vn -0.5148 -0.4833 0.7081
vn -0.0756 -0.0501 0.9959
vn -0.0538 0.1358 0.9893
vn 0.0538 0.1358 0.9893
vn 0.0756 -0.0501 0.9959
vn -0.0000 -0.1917 0.9815
vn -0.0573 -0.2265 0.9723
vn 0.0573 -0.2265 0.9723
vn -0.0870 -0.0004 0.9962
vn -0.0000 0.0134 0.9999
vn 0.0883 -0.0878 0.9922
vn -0.0883 -0.0878 0.9922
vn 0.0870 -0.0004 0.9962
vn 0.4840 -0.1160 0.8673
vn 0.6976 -0.1036 0.7089
vn 0.8328 -0.0079 0.5535
vn 0.7309 -0.1703 0.6609
vn -0.8328 -0.0079 0.5535
vn -0.6976 -0.1036 0.7089
vn -0.4840 -0.1160 0.8673
vn -0.7309 -0.1703 0.6609
vn 0.6465 -0.0945 0.7571
vn 0.5414 -0.0236 0.8404
vn 0.7321 0.1236 0.6699
vn 0.7981 0.0699 0.5984
vn -0.7321 0.1236 0.6699
vn -0.5414 -0.0236 0.8405
vn -0.6465 -0.0945 0.7571
vn -0.7981 0.0699 0.5984
vn 0.4609 0.0288 0.8870
vn 0.6729 0.1270 0.7288
vn -0.4609 0.0288 0.8870
vn -0.6729 0.1270 0.7288
vn 0.9489 0.2705 0.1626
vn 0.8484 0.2255 0.4789
vn 0.9409 0.2880 0.1782
vn 0.8671 0.2461 0.4331
vn -0.8671 0.2461 0.4331
vn -0.8484 0.2255 0.4789
vn -0.9409 0.2880 0.1782
vn -0.9489 0.2705 0.1626
vn 0.9434 0.2657 0.1984
vn 0.8956 0.2131 0.3904
vn 0.9567 0.1921 0.2187
vn 0.9223 0.1235 0.3662
vn -0.9223 0.1235 0.3662
vn -0.8956 0.2131 0.3904
vn -0.9567 0.1921 0.2187
vn -0.9434 0.2657 0.1984
vn 0.8800 -0.1921 0.4344
vn 0.9355 -0.2286 0.2695
vn -0.8800 -0.1921 0.4344
vn -0.9355 -0.2286 0.2695
vn 0.0179 -0.1203 0.9926
vn 0.0864 -0.0776 0.9932
vn -0.0000 -0.1521 0.9884
vn -0.0000 -0.1509 0.9885
vn 0.0024 -0.1448 0.9895
vn 0.0140 -0.1356 0.9907
vn -0.0179 -0.1203 0.9926
vn -0.0024 -0.1448 0.9895
vn -0.0864 -0.0776 0.9932
vn -0.0140 -0.1356 0.9907
vn 0.1535 -0.1370 0.9786
vn 0.1611 -0.2235 0.9613
vn 0.0296 -0.1472 0.9887
vn 0.0463 -0.1796 0.9826
vn -0.1535 -0.1370 0.9786
vn -0.0296 -0.1472 0.9887
vn -0.1611 -0.2235 0.9613
vn -0.0463 -0.1796 0.9826
vn 0.1462 -0.3429 0.9279
vn 0.1213 -0.4845 0.8663
vn 0.0832 -0.2622 0.9614
vn 0.1087 -0.4198 0.9011
vn -0.1462 -0.3429 0.9279
vn -0.0832 -0.2622 0.9614
vn -0.1213 -0.4845 0.8663
vn -0.1087 -0.4198 0.9011
vn 0.0704 -0.6081 0.7907
vn -0.0000 -0.6573 0.7536
vn 0.0708 -0.5742 0.8156
vn -0.0000 -0.6310 0.7758
vn -0.0704 -0.6081 0.7907
vn -0.0708 -0.5742 0.8156
vn -0.0000 0.9534 0.3018
vn -0.2307 0.9302 0.2856
vn -0.2074 0.8561 0.4734
vn -0.0000 0.8684 0.4959
vn -0.4970 0.8371 0.2286
vn -0.4543 0.7997 0.3925
vn -0.2911 0.4528 0.8428
vn -0.1218 0.4292 0.8949
vn -0.0000 0.4227 0.9063
vn 0.2911 0.4528 0.8428
vn 0.4543 0.7997 0.3925
vn 0.2074 0.8561 0.4734
vn 0.1218 0.4292 0.8949
vn 0.4970 0.8371 0.2286
vn 0.2307 0.9302 0.2856
vn -0.7504 0.6464 0.1381
vn -0.7200 0.6494 0.2447
vn -0.9414 0.3328 0.0552
vn -0.9353 0.3336 0.1182
vn -0.8901 0.2786 0.3608
vn -0.5762 0.4245 0.6984
vn 0.8901 0.2786 0.3608
vn 0.9353 0.3336 0.1182
vn 0.7200 0.6494 0.2447
vn 0.5762 0.4245 0.6984
vn 0.9414 0.3328 0.0552
vn 0.7504 0.6464 0.1381
vn -0.9702 -0.2368 0.0520
vn -0.9437 -0.2705 0.1906
vn -0.4658 -0.8721 0.1497
vn -0.4491 -0.8410 0.3017
vn -0.2423 -0.6995 0.6722
vn -0.7474 -0.2909 0.5973
vn 0.2423 -0.6995 0.6722
vn 0.4491 -0.8410 0.3017
vn 0.9437 -0.2705 0.1906
vn 0.7474 -0.2909 0.5973
vn 0.4658 -0.8721 0.1497
vn 0.9702 -0.2368 0.0520
vn 0.0171 -0.9794 0.2012
vn 0.0305 -0.9305 0.3649
vn -0.0000 -0.9761 0.2172
vn -0.0000 -0.9211 0.3892
vn -0.0000 -0.6662 0.7458
vn 0.0465 -0.6888 0.7234
vn -0.0305 -0.9305 0.3649
vn -0.0465 -0.6888 0.7234
vn -0.0171 -0.9794 0.2012
vn -0.0000 -0.2244 0.9745
vn 0.0072 -0.2352 0.9719
vn -0.0541 -0.2295 0.9718
vn -0.0072 -0.2352 0.9719
vn 0.0541 -0.2295 0.9718
vn -0.4496 -0.0888 0.8888
vn 0.4496 -0.0888 0.8888
vn -0.1806 -0.1443 0.9729
vn -0.1343 -0.1149 0.9843
vn -0.2024 -0.1620 0.9658
vn 0.0278 -0.0197 0.9994
vn 0.1121 -0.0372 0.9930
vn 0.1567 -0.0549 0.9861
vn -0.0278 -0.0197 0.9994
vn 0.2024 -0.1620 0.9658
vn 0.1806 -0.1443 0.9729
vn -0.1121 -0.0372 0.9930
vn 0.1343 -0.1149 0.9843
vn -0.1567 -0.0549 0.9861
vn -0.0676 -0.0804 0.9945
vn 0.0075 -0.0674 0.9977
vn 0.1743 -0.0620 0.9827
vn 0.1796 -0.0780 0.9806
vn 0.0676 -0.0804 0.9945
vn -0.1743 -0.0620 0.9827
vn -0.0075 -0.0674 0.9977
vn -0.1796 -0.0780 0.9806
vn 0.0741 -0.0681 0.9949
vn 0.1248 -0.0611 0.9903
vn 0.1715 -0.0910 0.9810
vn 0.1500 -0.0776 0.9856
vn -0.0741 -0.0681 0.9949
vn -0.1715 -0.0910 0.9810
vn -0.1248 -0.0611 0.9903
vn -0.1500 -0.0776 0.9856
vn -0.1485 -0.2343 0.9607
vn -0.0246 -0.3585 0.9332
vn 0.0530 -0.2067 0.9770
vn -0.0102 -0.0938 0.9955
vn -0.0530 -0.2067 0.9770
vn 0.0246 -0.3585 0.9332
vn 0.1485 -0.2343 0.9607
vn 0.0102 -0.0938 0.9955
vn 0.0911 -0.4476 0.8896
vn 0.2096 -0.4968 0.8422
vn 0.2164 -0.2935 0.9311
vn 0.1340 -0.2773 0.9514
vn -0.2164 -0.2935 0.9311
vn -0.2096 -0.4968 0.8422
vn -0.0911 -0.4476 0.8896
vn -0.1340 -0.2773 0.9514
vn 0.3527 -0.4857 0.7998
vn 0.4586 -0.3994 0.7938
vn 0.3643 -0.1722 0.9152
vn 0.3109 -0.2559 0.9153
vn -0.3643 -0.1722 0.9152
vn -0.4586 -0.3994 0.7938
vn -0.3527 -0.4857 0.7998
vn -0.3109 -0.2559 0.9153
vn 0.4853 -0.2874 0.8257
vn 0.4636 -0.1858 0.8664
vn 0.3070 -0.0538 0.9502
vn 0.3540 -0.0916 0.9307
vn -0.3070 -0.0538 0.9502
vn -0.4636 -0.1858 0.8664
vn -0.4853 -0.2874 0.8257
vn -0.3540 -0.0916 0.9307
vn 0.4212 -0.1121 0.9000
vn 0.3706 -0.0759 0.9257
vn 0.2372 -0.0701 0.9689
vn 0.2599 -0.0545 0.9641
vn -0.2372 -0.0701 0.9689
vn -0.3706 -0.0759 0.9257
vn -0.4212 -0.1121 0.9000
vn -0.2599 -0.0545 0.9641
vn 0.3325 -0.0802 0.9397
vn 0.3488 -0.0572 0.9354
vn 0.3200 -0.1244 0.9392
vn 0.2626 -0.1035 0.9593
vn -0.3200 -0.1244 0.9392
vn -0.3488 -0.0572 0.9354
vn -0.3325 -0.0802 0.9397
vn -0.2626 -0.1035 0.9593
vn 0.3782 0.0661 0.9234
vn 0.3270 0.1793 0.9279
vn 0.3008 0.0841 0.9500
vn 0.3645 -0.0523 0.9297
vn -0.3008 0.0841 0.9500
vn -0.3270 0.1793 0.9279
vn -0.3782 0.0661 0.9234
vn -0.3645 -0.0523 0.9297
vn 0.2049 0.1440 0.9681
vn 0.1467 0.0377 0.9885
vn 0.1182 0.1135 0.9865
vn 0.1639 0.1469 0.9755
vn -0.1182 0.1135 0.9865
vn -0.1467 0.0377 0.9885
vn -0.2049 0.1440 0.9681
vn -0.1639 0.1469 0.9755
vn 0.1706 -0.0129 0.9852
vn 0.1780 -0.0235 0.9838
vn 0.1451 0.0410 0.9886
vn 0.1497 0.0800 0.9855
vn -0.1451 0.0410 0.9886
vn -0.1780 -0.0235 0.9838
vn -0.1706 -0.0129 0.9852
vn -0.1497 0.0800 0.9855
vn 0.1569 -0.0412 0.9868
vn 0.1327 -0.0263 0.9908
vn -0.1569 -0.0412 0.9868
vn -0.1327 -0.0263 0.9908
vn 0.2514 -0.2491 0.9353
vn 0.2052 -0.1682 0.9642
vn 0.3610 -0.2844 0.8882
vn 0.4572 -0.3968 0.7959
vn 0.3140 -0.3812 0.8695
vn 0.2402 -0.3071 0.9209
vn -0.4572 -0.3968 0.7959
vn -0.3610 -0.2844 0.8882
vn -0.2514 -0.2491 0.9353
vn -0.3140 -0.3812 0.8695
vn -0.2052 -0.1682 0.9642
vn -0.2402 -0.3071 0.9209
vn 0.1703 -0.1424 0.9751
vn 0.0725 -0.2089 0.9753
vn 0.1852 -0.2948 0.9374
vn 0.0543 -0.4198 0.9060
vn -0.1703 -0.1424 0.9751
vn -0.1852 -0.2948 0.9374
vn -0.0725 -0.2089 0.9753
vn -0.0543 -0.4198 0.9060
vn 0.0307 -0.3317 0.9429
vn 0.0875 -0.4751 0.8755
vn -0.0445 -0.6076 0.7930
vn -0.0505 -0.7391 0.6717
vn -0.0307 -0.3317 0.9429
vn 0.0445 -0.6076 0.7930
vn -0.0875 -0.4751 0.8755
vn 0.0505 -0.7391 0.6717
vn 0.1155 -0.5578 0.8219
vn 0.0453 -0.5047 0.8621
vn -0.0427 -0.7571 0.6519
vn -0.1025 -0.6509 0.7523
vn -0.1155 -0.5578 0.8219
vn 0.0427 -0.7571 0.6519
vn -0.0453 -0.5047 0.8621
vn 0.1025 -0.6509 0.7523
vn -0.0673 -0.3070 0.9493
vn -0.1305 -0.1099 0.9853
vn -0.2433 -0.3930 0.8867
vn -0.3230 -0.1187 0.9389
vn 0.0673 -0.3070 0.9493
vn 0.2433 -0.3930 0.8867
vn 0.1305 -0.1099 0.9853
vn 0.3230 -0.1186 0.9389
vn -0.0996 0.0376 0.9943
vn -0.0221 0.1712 0.9850
vn -0.2843 0.0889 0.9546
vn -0.1896 0.2728 0.9432
vn 0.0996 0.0376 0.9943
vn 0.2843 0.0889 0.9546
vn 0.0221 0.1712 0.9850
vn 0.1896 0.2728 0.9432
vn 0.0458 0.2524 0.9665
vn 0.0960 0.2812 0.9548
vn -0.1214 0.4045 0.9064
vn -0.0692 0.4961 0.8655
vn -0.0458 0.2524 0.9665
vn 0.1214 0.4045 0.9064
vn -0.0960 0.2812 0.9548
vn 0.0692 0.4961 0.8655
vn 0.1653 0.2777 0.9463
vn 0.2387 0.2715 0.9324
vn 0.0457 0.5515 0.8329
vn 0.2024 0.5582 0.8046
vn -0.1653 0.2777 0.9463
vn -0.0457 0.5515 0.8329
vn -0.2387 0.2715 0.9324
vn -0.2024 0.5582 0.8046
vn 0.2862 0.2859 0.9145
vn 0.3075 0.3145 0.8981
vn 0.3130 0.5501 0.7742
vn 0.3838 0.5457 0.7449
vn -0.2862 0.2859 0.9145
vn -0.3130 0.5501 0.7742
vn -0.3075 0.3145 0.8981
vn -0.3838 0.5457 0.7449
vn 0.3566 0.3279 0.8748
vn 0.4829 0.2547 0.8378
vn 0.4884 0.4865 0.7244
vn 0.6391 0.3261 0.6966
vn -0.3566 0.3279 0.8748
vn -0.4884 0.4865 0.7244
vn -0.4829 0.2547 0.8378
vn -0.6391 0.3261 0.6966
vn 0.4789 -0.2529 0.8407
vn 0.5676 -0.1781 0.8038
vn 0.7192 -0.2340 0.6542
vn 0.6071 -0.3407 0.7179
vn -0.7192 -0.2340 0.6542
vn -0.5676 -0.1781 0.8038
vn -0.4789 -0.2529 0.8407
vn -0.6071 -0.3407 0.7179
vn 0.6154 -0.0872 0.7834
vn 0.6256 0.0003 0.7801
vn 0.7735 0.0093 0.6338
vn 0.7708 -0.1055 0.6283
vn -0.7735 0.0093 0.6338
vn -0.6256 0.0003 0.7801
vn -0.6154 -0.0872 0.7834
vn -0.7708 -0.1055 0.6283
vn 0.5905 0.1131 0.7991
vn 0.7394 0.1429 0.6580
vn -0.5905 0.1131 0.7991
vn -0.7394 0.1429 0.6580
vn -0.5000 0.8657 -0.0249
vn -0.0000 0.9963 0.0863
vn -0.7257 0.6447 -0.2401
vn -0.4802 0.8614 -0.1655
vn -0.3460 0.8915 0.2924
vn -0.0000 0.9037 0.4282
vn 0.4802 0.8614 -0.1655
vn 0.7257 0.6447 -0.2401
vn 0.5000 0.8657 -0.0249
vn 0.3460 0.8915 0.2924
vn -0.7720 0.5154 -0.3719
vn -0.6350 0.6713 -0.3823
vn -0.4871 0.4926 -0.7212
vn -0.5097 0.4303 -0.7450
vn 0.4871 0.4926 -0.7212
vn 0.6350 0.6713 -0.3823
vn 0.7720 0.5154 -0.3719
vn 0.5097 0.4303 -0.7450
vn -0.2463 0.8929 -0.3768
vn 0.2102 0.9052 -0.3695
vn 0.0589 0.6528 -0.7552
vn -0.2361 0.5783 -0.7809
vn -0.0589 0.6528 -0.7552
vn -0.2102 0.9052 -0.3695
vn 0.2463 0.8929 -0.3768
vn 0.2361 0.5783 -0.7809
vn 0.4367 0.8190 -0.3721
vn 0.4165 0.8526 -0.3156
vn 0.1443 0.8727 -0.4665
vn 0.1022 0.6001 -0.7934
vn -0.1443 0.8727 -0.4665
vn -0.4165 0.8526 -0.3156
vn -0.4367 0.8190 -0.3721
vn -0.1022 0.6001 -0.7934
vn 0.3907 0.8962 -0.2104
vn 0.4139 0.8985 -0.1461
vn 0.3906 0.9038 -0.1751
vn 0.3007 0.9204 -0.2498
vn -0.3906 0.9038 -0.1751
vn -0.4139 0.8985 -0.1461
vn -0.3907 0.8962 -0.2104
vn -0.3007 0.9204 -0.2498
vn 0.5969 0.7874 -0.1541
vn 0.8890 0.4217 -0.1784
vn 0.8439 0.4889 -0.2210
vn 0.5616 0.8020 -0.2036
vn -0.8439 0.4889 -0.2210
vn -0.8890 0.4217 -0.1784
vn -0.5969 0.7874 -0.1541
vn -0.5616 0.8020 -0.2036
vn 0.9881 -0.0271 -0.1511
vn 0.9134 -0.3968 -0.0909
vn 0.9413 -0.3367 -0.0241
vn 0.9894 0.0550 -0.1342
vn -0.9413 -0.3367 -0.0241
vn -0.9134 -0.3968 -0.0909
vn -0.9881 -0.0271 -0.1511
vn -0.9894 0.0550 -0.1342
vn 0.7541 -0.6552 -0.0444
vn 0.6054 -0.7957 -0.0192
vn 0.6357 -0.7692 0.0656
vn 0.7936 -0.6072 0.0392
vn -0.6357 -0.7692 0.0656
vn -0.6054 -0.7957 -0.0192
vn -0.7541 -0.6552 -0.0444
vn -0.7936 -0.6072 0.0392
vn 0.4774 -0.8787 -0.0017
vn 0.3718 -0.9280 0.0225
vn 0.4415 -0.8886 0.1244
vn 0.5072 -0.8583 0.0772
vn -0.4415 -0.8886 0.1244
vn -0.3718 -0.9280 0.0225
vn -0.4774 -0.8787 -0.0017
vn -0.5072 -0.8583 0.0772
vn -0.0000 -0.2643 -0.9644
vn -0.0000 -0.5021 -0.8648
vn 0.2377 -0.5060 -0.8292
vn 0.1926 -0.2631 -0.9453
vn -0.0000 -0.7857 -0.6186
vn 0.2944 -0.7672 -0.5698
vn 0.6284 -0.6181 -0.4723
vn 0.4963 -0.4353 -0.7511
vn 0.3470 -0.2260 -0.9102
vn -0.6284 -0.6181 -0.4723
vn -0.2944 -0.7672 -0.5698
vn -0.2377 -0.5060 -0.8292
vn -0.4963 -0.4353 -0.7511
vn -0.1926 -0.2631 -0.9453
vn -0.3470 -0.2260 -0.9102
vn -0.0000 -0.2890 -0.9573
vn -0.0000 -0.1870 -0.9824
vn 0.1531 -0.1695 -0.9736
vn 0.1092 -0.2576 -0.9600
vn 0.2325 -0.1211 -0.9650
vn 0.1467 -0.1855 -0.9716
vn -0.1531 -0.1695 -0.9736
vn -0.2325 -0.1211 -0.9650
vn -0.1092 -0.2576 -0.9600
vn -0.1467 -0.1855 -0.9716
vn -0.0000 -0.7609 -0.6489
vn -0.0000 -0.4941 -0.8694
vn 0.0649 -0.4595 -0.8858
vn 0.0496 -0.7371 -0.6740
vn 0.0762 -0.3784 -0.9225
vn 0.0608 -0.6821 -0.7287
vn -0.0649 -0.4595 -0.8858
vn -0.0762 -0.3784 -0.9225
vn -0.0496 -0.7371 -0.6740
vn -0.0608 -0.6821 -0.7287
vn 0.0686 -0.9546 -0.2900
vn 0.1082 -0.9353 -0.3368
vn -0.0000 -0.9635 -0.2677
vn -0.0686 -0.9546 -0.2900
vn -0.1082 -0.9353 -0.3368
vn 0.2316 -0.8966 -0.3774
vn 0.6110 -0.6766 -0.4110
vn 0.1463 -0.6107 -0.7782
vn 0.4377 -0.4731 -0.7646
vn -0.2316 -0.8966 -0.3774
vn -0.1463 -0.6107 -0.7782
vn -0.6110 -0.6766 -0.4110
vn -0.4377 -0.4731 -0.7646
vn 0.8915 -0.2120 -0.4003
vn 0.9282 0.0533 -0.3683
vn 0.5538 -0.1552 -0.8181
vn 0.6229 0.0304 -0.7817
vn -0.8915 -0.2120 -0.4003
vn -0.5538 -0.1552 -0.8181
vn -0.9282 0.0533 -0.3683
vn -0.6229 0.0304 -0.7817
vn 0.9311 0.1261 -0.3422
vn 0.9377 0.1355 -0.3199
vn 0.6836 0.0826 -0.7251
vn 0.7551 0.0592 -0.6529
vn -0.9311 0.1261 -0.3422
vn -0.6836 0.0826 -0.7251
vn -0.9377 0.1355 -0.3199
vn -0.7551 0.0592 -0.6529
vn 0.2689 -0.0825 -0.9596
vn 0.3807 -0.0301 -0.9242
vn 0.5331 -0.1024 -0.8398
vn -0.3807 -0.0301 -0.9242
vn -0.5331 -0.1024 -0.8398
vn -0.2689 -0.0825 -0.9596
vn 0.1695 -0.2653 -0.9491
vn -0.1695 -0.2653 -0.9491
vn 0.9281 0.0178 -0.3719
vn 0.8463 0.0229 -0.5322
vn 0.7177 -0.2166 -0.6618
vn 0.8595 -0.2937 -0.4183
vn -0.7177 -0.2166 -0.6618
vn -0.8463 0.0229 -0.5322
vn -0.9281 0.0178 -0.3719
vn -0.8595 -0.2937 -0.4183
vn 0.9503 0.1400 -0.2782
vn 0.9625 0.1779 -0.2049
vn -0.9503 0.1400 -0.2782
vn -0.9625 0.1779 -0.2049
vn 0.9933 0.1126 0.0252
vn 0.9797 0.0957 0.1763
vn 0.9232 -0.3730 0.0921
vn 0.8822 -0.3677 0.2940
vn 0.8059 -0.3343 0.4886
vn 0.9551 0.0714 0.2875
vn -0.8059 -0.3343 0.4886
vn -0.8822 -0.3677 0.2940
vn -0.9797 0.0957 0.1763
vn -0.9551 0.0714 0.2875
vn -0.9232 -0.3730 0.0921
vn -0.9933 0.1126 0.0252
vn 0.9779 0.1805 -0.1057
vn 0.9804 -0.0901 -0.1750
vn -0.9804 -0.0901 -0.1750
vn -0.9779 0.1805 -0.1057
vn 0.9210 -0.2834 0.2673
vn 0.5870 -0.8005 0.1205
vn 0.7439 -0.5114 0.4303
vn 0.5124 -0.8417 0.1705
vn -0.9210 -0.2834 0.2673
vn -0.7439 -0.5114 0.4303
vn -0.5870 -0.8005 0.1205
vn -0.5124 -0.8417 0.1705
vn 0.3445 -0.9379 0.0414
vn 0.4025 -0.8981 0.1770
vn -0.4025 -0.8981 0.1770
vn -0.3445 -0.9379 0.0414
vn -0.0000 -0.2479 -0.9688
vn 0.2551 -0.2597 -0.9314
vn 0.2511 -0.4973 -0.8304
vn -0.0000 -0.4986 -0.8668
vn 0.3984 -0.2872 -0.8711
vn 0.4002 -0.5020 -0.7667
vn 0.4289 -0.6941 -0.5782
vn 0.2495 -0.7124 -0.6560
vn -0.0000 -0.7221 -0.6918
vn -0.4289 -0.6941 -0.5782
vn -0.4002 -0.5020 -0.7667
vn -0.2511 -0.4973 -0.8304
vn -0.2495 -0.7124 -0.6560
vn -0.3984 -0.2872 -0.8711
vn -0.2551 -0.2597 -0.9314
vn 0.2496 -0.8497 -0.4645
vn -0.0000 -0.8683 -0.4960
vn 0.4522 -0.8002 -0.3940
vn 0.4640 -0.8567 -0.2254
vn 0.2514 -0.9231 -0.2910
vn -0.0000 -0.9481 -0.3181
vn -0.4640 -0.8567 -0.2254
vn -0.4522 -0.8002 -0.3940
vn -0.2496 -0.8497 -0.4645
vn -0.2514 -0.9231 -0.2910
vn 0.2721 -0.9468 -0.1719
vn -0.0000 -0.9791 -0.2034
vn 0.5011 -0.8603 -0.0942
vn 0.5904 -0.8066 -0.0277
vn 0.3038 -0.9408 -0.1506
vn -0.0000 -0.9831 -0.1832
vn -0.5904 -0.8066 -0.0277
vn -0.5011 -0.8603 -0.0942
vn -0.2721 -0.9468 -0.1719
vn -0.3038 -0.9408 -0.1506
vn 0.3199 -0.9050 -0.2806
vn -0.0000 -0.9479 -0.3185
vn 0.6461 -0.7417 -0.1798
vn -0.6461 -0.7417 -0.1798
vn -0.3199 -0.9050 -0.2806
vn 0.8892 -0.4329 -0.1481
vn 0.7903 -0.6097 0.0611
vn -0.8892 -0.4329 -0.1481
vn -0.7903 -0.6097 0.0611
vn 0.8402 -0.5209 0.1507
vn 0.9639 -0.2439 0.1066
vn 0.6688 -0.7228 0.1740
vn 0.6925 -0.7044 0.1558
vn 0.8885 -0.4392 0.1331
vn 0.9779 -0.1643 0.1291
vn -0.6925 -0.7044 0.1558
vn -0.6688 -0.7228 0.1740
vn -0.8402 -0.5209 0.1507
vn -0.8885 -0.4392 0.1331
vn -0.9639 -0.2439 0.1066
vn -0.9779 -0.1643 0.1291
vn -0.0000 0.3250 -0.9457
vn 0.2646 0.2940 -0.9185
vn 0.2605 -0.0139 -0.9654
vn -0.0000 0.0119 -0.9999
vn 0.4123 0.2265 -0.8824
vn 0.4080 -0.0727 -0.9101
vn -0.4080 -0.0727 -0.9101
vn -0.2605 -0.0139 -0.9654
vn -0.4123 0.2265 -0.8824
vn -0.2646 0.2940 -0.9185
vn -0.0000 0.8304 0.5572
vn 0.1777 0.8131 0.5543
vn 0.1527 0.9467 0.2838
vn -0.0000 0.9596 0.2813
vn 0.3991 0.7549 0.5205
vn 0.3707 0.8884 0.2707
vn 0.3413 0.9399 0.0092
vn 0.1387 0.9903 0.0114
vn -0.0000 1.0000 0.0089
vn -0.3413 0.9399 0.0092
vn -0.3707 0.8884 0.2707
vn -0.1527 0.9467 0.2838
vn -0.1387 0.9903 0.0114
vn -0.3991 0.7549 0.5205
vn -0.1777 0.8131 0.5543
vn 0.1515 0.9542 -0.2579
vn -0.0000 0.9667 -0.2561
vn 0.3302 0.9065 -0.2629
vn 0.3469 0.7600 -0.5496
vn 0.1957 0.8175 -0.5416
vn -0.0000 0.8404 -0.5419
vn -0.3469 0.7600 -0.5496
vn -0.3302 0.9065 -0.2629
vn -0.1515 0.9542 -0.2579
vn -0.1957 0.8175 -0.5416
vn 0.2437 0.5898 -0.7699
vn -0.0000 0.6208 -0.7839
vn 0.3861 0.5223 -0.7604
vn -0.3861 0.5223 -0.7604
vn -0.2437 0.5898 -0.7699
vn 0.6074 0.7944 0.0011
vn 0.4599 0.8858 0.0625
vn 0.8574 0.5139 -0.0262
vn 0.8532 0.4730 0.2198
vn 0.6358 0.7047 0.3149
vn 0.5391 0.7470 0.3890
vn -0.8532 0.4730 0.2198
vn -0.8574 0.5139 -0.0262
vn -0.6074 0.7944 0.0011
vn -0.6358 0.7047 0.3149
vn -0.4599 0.8858 0.0625
vn -0.5391 0.7470 0.3890
vn 0.6343 0.6138 0.4700
vn 0.5841 0.6305 0.5112
vn 0.8376 0.4183 0.3514
vn 0.8551 0.4342 0.2834
vn 0.6814 0.6273 0.3771
vn 0.6353 0.6606 0.4000
vn -0.8551 0.4342 0.2834
vn -0.8376 0.4183 0.3514
vn -0.6343 0.6138 0.4700
vn -0.6814 0.6273 0.3771
vn -0.5841 0.6305 0.5112
vn -0.6353 0.6606 0.4000
vn 0.7372 0.6553 0.1646
vn 0.6636 0.7255 0.1825
vn 0.8852 0.4530 0.1060
vn 0.9017 0.4289 -0.0543
vn 0.7643 0.6437 -0.0389
vn 0.6643 0.7465 -0.0372
vn -0.9017 0.4289 -0.0543
vn -0.8852 0.4530 0.1060
vn -0.7372 0.6553 0.1646
vn -0.7643 0.6437 -0.0389
vn -0.6636 0.7255 0.1825
vn -0.6643 0.7465 -0.0372
vn 0.7623 0.5936 -0.2578
vn 0.6412 0.7086 -0.2946
vn 0.8998 0.3810 -0.2126
vn 0.8587 0.3156 -0.4038
vn 0.7302 0.4453 -0.5182
vn 0.5979 0.5576 -0.5759
vn -0.8587 0.3156 -0.4038
vn -0.8998 0.3810 -0.2126
vn -0.7623 0.5936 -0.2578
vn -0.7302 0.4453 -0.5182
vn -0.6412 0.7086 -0.2946
vn -0.5979 0.5576 -0.5759
vn 0.6676 0.0944 -0.7385
vn 0.6473 -0.0287 -0.7617
vn 0.6943 0.2153 -0.6868
vn 0.8444 0.1804 -0.5044
vn 0.5727 0.0302 -0.8192
vn 0.5770 0.3130 -0.7544
vn -0.5770 0.3130 -0.7544
vn -0.6943 0.2153 -0.6868
vn -0.5727 0.0302 -0.8192
vn -0.6473 -0.0287 -0.7617
vn -0.6676 0.0944 -0.7385
vn -0.8444 0.1804 -0.5044
vn 0.4788 0.4285 -0.7662
vn 0.4998 0.1334 -0.8558
vn 0.4799 0.6679 -0.5688
vn -0.4799 0.6679 -0.5688
vn -0.4788 0.4285 -0.7662
vn -0.4998 0.1334 -0.8558
vn 0.5147 0.8099 -0.2812
vn 0.5500 0.8350 -0.0136
vn -0.5500 0.8350 -0.0136
vn -0.5147 0.8099 -0.2812
vn 0.5775 0.7855 0.2224
vn 0.5880 0.6753 0.4452
vn -0.5880 0.6753 0.4452
vn -0.5775 0.7855 0.2224
vn 0.4033 0.6517 0.6423
vn 0.5657 0.6118 0.5529
vn 0.3484 0.7561 0.5540
vn 0.4996 0.7462 0.4400
vn -0.4996 0.7462 0.4400
vn -0.5657 0.6118 0.5529
vn -0.3484 0.7561 0.5540
vn -0.4033 0.6517 0.6423
vn 0.3715 0.9258 0.0695
vn 0.1916 0.9760 0.1032
vn -0.3715 0.9258 0.0695
vn -0.1916 0.9760 0.1032
vn -0.0000 0.6621 0.7494
vn 0.1717 0.7236 0.6685
vn 0.1965 0.6891 0.6975
vn -0.0000 0.7033 0.7109
vn -0.1965 0.6891 0.6975
vn -0.1717 0.7236 0.6685
vn -0.2176 0.3981 -0.8912
vn -0.1949 0.8115 -0.5509
vn 0.2176 0.3981 -0.8912
vn 0.1949 0.8115 -0.5509
vn 0.0164 0.9515 0.3071
vn -0.0872 0.8147 0.5733
vn -0.0164 0.9515 0.3071
vn 0.0872 0.8147 0.5733
vn -0.1283 0.6960 0.7065
vn -0.0000 0.6394 0.7689
vn 0.1283 0.6960 0.7065
vn 0.9921 0.1186 0.0406
vn 0.9754 0.1402 0.1702
vn -0.9921 0.1186 0.0406
vn -0.9754 0.1402 0.1702
vn 0.9905 -0.1123 0.0793
vn 0.9676 0.1460 0.2058
vn 0.9943 -0.0987 0.0402
vn 0.9737 0.1750 0.1455
vn -0.9737 0.1750 0.1455
vn -0.9676 0.1460 0.2058
vn -0.9943 -0.0987 0.0402
vn -0.9905 -0.1123 0.0793
vn 0.9973 0.0642 0.0368
vn 0.9751 0.2196 0.0325
vn 0.8847 0.4511 0.1173
vn 0.9659 0.2438 -0.0870
vn -0.9659 0.2438 -0.0870
vn -0.9751 0.2196 0.0325
vn -0.8847 0.4511 0.1173
vn -0.9973 0.0642 0.0368
vn 0.9437 0.2192 -0.2478
vn 0.6933 0.5788 -0.4293
vn -0.9437 0.2192 -0.2478
vn -0.6933 0.5788 -0.4293
vn 0.6079 -0.7937 -0.0223
vn 0.6531 -0.7525 0.0851
vn 0.5810 -0.7954 -0.1724
vn 0.5341 -0.8274 -0.1735
vn 0.5495 -0.8354 0.0096
vn 0.5777 -0.8031 0.1457
vn -0.5341 -0.8274 -0.1735
vn -0.5810 -0.7954 -0.1724
vn -0.6079 -0.7937 -0.0223
vn -0.5495 -0.8354 0.0096
vn -0.6531 -0.7525 0.0851
vn -0.5777 -0.8031 0.1457
vn 0.5175 -0.8421 0.1522
vn 0.4546 -0.8894 0.0475
vn 0.5178 -0.8478 0.1146
vn 0.3757 -0.9118 -0.1657
vn 0.2221 -0.9750 -0.0030
vn -0.4546 -0.8894 0.0475
vn -0.3757 -0.9118 -0.1657
vn -0.5175 -0.8421 0.1522
vn -0.5178 -0.8478 0.1146
vn -0.2221 -0.9750 -0.0030
vn 0.5322 -0.8277 0.1780
vn 0.5299 -0.8242 0.2000
vn -0.5299 -0.8242 0.2000
vn -0.5322 -0.8277 0.1780
vn 0.5553 -0.7280 0.4021
vn 0.6461 -0.7127 0.2730
vn 0.6916 -0.6948 0.1975
vn -0.6461 -0.7127 0.2730
vn -0.6916 -0.6948 0.1975
vn -0.5553 -0.7280 0.4021
vn 0.7022 -0.6971 0.1448
vn -0.7022 -0.6971 0.1448
vn 0.5121 -0.7082 0.4859
vn -0.5121 -0.7082 0.4859
vn 0.5194 -0.2753 -0.8090
vn 0.5563 -0.3063 -0.7724
vn 0.3264 -0.6042 -0.7269
vn 0.4432 -0.6005 -0.6656
vn 0.5626 -0.5387 -0.6271
vn 0.5558 -0.2672 -0.7872
vn -0.5626 -0.5387 -0.6271
vn -0.4432 -0.6005 -0.6656
vn -0.5563 -0.3063 -0.7724
vn -0.5558 -0.2672 -0.7872
vn -0.3264 -0.6042 -0.7269
vn -0.5194 -0.2753 -0.8090
vn 0.5072 -0.1654 -0.8458
vn 0.5185 -0.3626 -0.7743
vn -0.5072 -0.1654 -0.8458
vn -0.5185 -0.3626 -0.7743
vn 0.3583 -0.8245 -0.4379
vn 0.1396 -0.8795 -0.4550
vn 0.5435 -0.7484 -0.3802
vn -0.5435 -0.7484 -0.3802
vn -0.3583 -0.8245 -0.4379
vn -0.1396 -0.8795 -0.4550
vn 0.5823 -0.7371 -0.3429
vn 0.5707 -0.6342 -0.5216
vn -0.5707 -0.6342 -0.5216
vn -0.5823 -0.7371 -0.3429
vn 0.5159 -0.4971 -0.6976
vn -0.5159 -0.4971 -0.6976
vn -0.1641 0.9738 0.1574
vn -0.3187 0.9294 0.1862
vn 0.1734 0.5729 0.8011
vn 0.2844 0.5417 0.7910
vn -0.4461 0.8609 0.2445
vn 0.0489 0.5321 0.8453
vn 0.5149 -0.1142 0.8496
vn 0.5638 -0.1233 0.8167
vn 0.5489 -0.1863 0.8148
vn -0.5149 -0.1142 0.8496
vn -0.0489 0.5321 0.8453
vn -0.1734 0.5729 0.8011
vn -0.5638 -0.1233 0.8167
vn 0.4461 0.8609 0.2445
vn 0.3187 0.9294 0.1862
vn 0.1641 0.9738 0.1574
vn -0.2844 0.5417 0.7910
vn -0.5489 -0.1863 0.8148
vn 0.3607 0.4703 0.8054
vn 0.0756 0.9797 0.1859
vn 0.4613 -0.2319 0.8564
vn 0.2860 -0.2225 0.9320
vn 0.4307 0.3388 0.8365
vn 0.4358 0.8568 0.2758
vn -0.2860 -0.2225 0.9320
vn -0.4613 -0.2319 0.8564
vn -0.3607 0.4703 0.8054
vn -0.4307 0.3388 0.8365
vn -0.0756 0.9797 0.1859
vn -0.4358 0.8568 0.2758
vn 0.4253 0.1508 0.8924
vn 0.7339 0.4879 0.4726
vn 0.0465 -0.1638 0.9854
vn -0.1340 -0.0599 0.9892
vn 0.3748 0.0130 0.9270
vn 0.7820 0.1011 0.6150
vn 0.1340 -0.0599 0.9892
vn -0.0465 -0.1638 0.9854
vn -0.4253 0.1508 0.8924
vn -0.3748 0.0130 0.9270
vn -0.7339 0.4879 0.4726
vn -0.7820 0.1011 0.6150
vn 0.3751 -0.0704 0.9243
vn 0.7641 -0.2042 0.6120
vn -0.1901 0.1090 0.9757
vn -0.0701 0.3285 0.9419
vn 0.4450 -0.1314 0.8859
vn 0.7263 -0.4892 0.4828
vn 0.0701 0.3285 0.9419
vn 0.1901 0.1090 0.9757
vn -0.3751 -0.0704 0.9243
vn -0.4450 -0.1314 0.8859
vn -0.7641 -0.2042 0.6120
vn -0.7263 -0.4892 0.4828
vn 0.5404 -0.2353 0.8079
vn 0.6075 -0.7262 0.3219
vn 0.1960 0.4191 0.8865
vn 0.4476 0.3134 0.8375
vn 0.5852 -0.3889 0.7116
vn 0.4415 -0.8709 0.2157
vn -0.4476 0.3134 0.8375
vn -0.1960 0.4191 0.8865
vn -0.5404 -0.2353 0.8079
vn -0.5852 -0.3889 0.7116
vn -0.6075 -0.7262 0.3219
vn -0.4415 -0.8709 0.2157
vn 0.5074 -0.5042 0.6988
vn 0.2692 -0.9441 0.1903
vn 0.5229 0.1853 0.8320
vn 0.3736 0.2697 0.8875
vn 0.2805 -0.4555 0.8449
vn 0.0634 -0.9713 0.2291
vn -0.3736 0.2697 0.8875
vn -0.5229 0.1853 0.8320
vn -0.5074 -0.5042 0.6988
vn -0.2805 -0.4555 0.8449
vn -0.2692 -0.9441 0.1903
vn -0.0634 -0.9713 0.2291
vn 0.1151 0.7890 0.6035
vn 0.3260 0.6939 0.6421
vn -0.1165 0.9326 0.3417
vn 0.1164 0.9080 0.4024
vn 0.1410 0.9072 0.3964
vn 0.2840 0.7138 0.6402
vn -0.1410 0.9072 0.3964
vn -0.1164 0.9080 0.4024
vn -0.3260 0.6939 0.6421
vn -0.2840 0.7138 0.6402
vn 0.1165 0.9326 0.3417
vn -0.1151 0.7890 0.6035
vn -0.5723 0.6138 0.5438
vn -0.2355 0.7933 0.5614
vn -0.7578 0.6400 0.1269
vn -0.4505 0.8595 0.2414
vn 0.4505 0.8595 0.2414
vn 0.2355 0.7933 0.5614
vn 0.7578 0.6400 0.1269
vn 0.5723 0.6138 0.5438
vn -0.6953 -0.0864 0.7135
vn -0.7615 0.2803 0.5845
vn -0.9715 -0.0776 0.2240
vn -0.9450 0.3152 0.0871
vn 0.9450 0.3152 0.0871
vn 0.7615 0.2803 0.5845
vn 0.9715 -0.0776 0.2240
vn 0.6953 -0.0864 0.7135
vn 0.1007 -0.5302 0.8419
vn -0.3575 -0.3885 0.8493
vn -0.0803 -0.7280 0.6808
vn -0.6796 -0.5173 0.5201
vn 0.6796 -0.5173 0.5201
vn 0.3575 -0.3885 0.8493
vn 0.0803 -0.7280 0.6808
vn -0.1007 -0.5302 0.8419
vn 0.5569 -0.4946 0.6673
vn 0.4060 -0.5372 0.7394
vn 0.5237 -0.6319 0.5714
vn 0.3339 -0.6988 0.6326
vn -0.3339 -0.6988 0.6326
vn -0.4060 -0.5372 0.7394
vn -0.5237 -0.6319 0.5714
vn -0.5569 -0.4946 0.6673
vn 0.6373 -0.4343 0.6366
vn 0.6457 -0.3977 0.6518
vn 0.6830 -0.5161 0.5168
vn 0.6353 -0.5621 0.5295
vn -0.6830 -0.5161 0.5168
vn -0.6457 -0.3977 0.6518
vn -0.6373 -0.4343 0.6366
vn -0.6353 -0.5621 0.5295
vn 0.7257 -0.6726 0.1449
vn 0.8400 -0.5400 0.0528
vn 0.4702 -0.6997 0.5379
vn 0.7190 0.1287 0.6830
vn 0.9063 -0.4008 0.1342
vn 0.9129 -0.4040 -0.0586
vn -0.7190 0.1287 0.6830
vn -0.4702 -0.6997 0.5379
vn -0.7257 -0.6726 0.1449
vn -0.9063 -0.4008 0.1342
vn -0.8400 -0.5400 0.0528
vn -0.9129 -0.4040 -0.0586
vn -0.0479 -0.9738 0.2224
vn 0.1606 -0.4179 0.8942
vn 0.2647 0.4101 0.8728
vn -0.1606 -0.4179 0.8942
vn -0.2647 0.4101 0.8728
vn 0.0479 -0.9738 0.2224
vn 0.9356 -0.3524 0.0215
vn 0.9461 -0.3200 -0.0499
vn -0.9356 -0.3524 0.0215
vn -0.9461 -0.3200 -0.0499
vn 0.8413 0.0795 0.5347
vn 0.2951 0.4027 0.8665
vn -0.1732 0.9535 0.2465
vn 0.7112 -0.2663 0.6506
vn 0.5289 -0.1788 0.8296
vn -0.5289 -0.1788 0.8296
vn -0.2951 0.4027 0.8665
vn -0.7112 -0.2663 0.6506
vn -0.8413 0.0795 0.5347
vn 0.1732 0.9535 0.2465
vn 0.2187 0.8007 0.5577
vn 0.1337 0.9365 0.3243
vn 0.4764 0.7564 0.4482
vn 0.5017 0.6236 0.5995
vn -0.4764 0.7564 0.4482
vn -0.1337 0.9365 0.3243
vn -0.2187 0.8007 0.5577
vn -0.5017 0.6236 0.5995
vn 0.7523 0.0644 0.6557
vn 0.7458 0.1408 0.6511
vn 0.7255 0.2185 0.6526
vn 0.7686 0.1973 0.6086
vn 0.9326 -0.1456 0.3303
vn 0.8810 0.0292 0.4722
vn -0.8810 0.0292 0.4721
vn -0.7255 0.2185 0.6526
vn -0.9326 -0.1456 0.3303
vn -0.7458 0.1408 0.6511
vn -0.7523 0.0644 0.6557
vn -0.7686 0.1973 0.6086
vn 0.9288 -0.0157 0.3702
vn 0.9224 -0.0194 0.3858
vn 0.7150 0.3398 0.6110
vn 0.6943 0.5129 0.5049
vn 0.6969 0.3399 0.6315
vn 0.6038 0.5866 0.5397
vn -0.7150 0.3398 0.6110
vn -0.6969 0.3399 0.6315
vn -0.9224 -0.0194 0.3858
vn -0.9288 -0.0157 0.3702
vn -0.6943 0.5129 0.5049
vn -0.6038 0.5866 0.5397
vn 0.7355 -0.5522 0.3925
vn 0.7948 -0.4662 0.3885
vn 0.8787 -0.4009 0.2591
vn 0.8222 -0.4906 0.2886
vn 0.8908 -0.3952 0.2242
vn 0.9205 -0.3672 0.1335
vn -0.9205 -0.3672 0.1335
vn -0.8787 -0.4009 0.2591
vn -0.8908 -0.3952 0.2242
vn -0.7948 -0.4662 0.3885
vn -0.7355 -0.5522 0.3925
vn -0.8222 -0.4906 0.2886
vn 0.8493 -0.3396 0.4042
vn 0.7228 -0.4366 0.5358
vn 0.6500 -0.4103 0.6397
vn 0.6992 -0.5271 0.4831
vn 0.6837 -0.5079 0.5240
vn -0.7228 -0.4366 0.5358
vn -0.6992 -0.5271 0.4831
vn -0.8493 -0.3396 0.4042
vn -0.6500 -0.4103 0.6397
vn -0.6837 -0.5079 0.5240
vn 0.6233 -0.3979 0.6732
vn 0.6852 -0.5036 0.5263
vn -0.6233 -0.3979 0.6732
vn -0.6852 -0.5036 0.5263
vn 0.9558 -0.2884 0.0574
vn 0.9729 -0.1417 0.1826
vn -0.9729 -0.1417 0.1826
vn -0.9558 -0.2884 0.0574
vn 0.9356 -0.3531 -0.0084
vn 0.9436 -0.3308 0.0104
vn -0.9436 -0.3308 0.0104
vn -0.9356 -0.3531 -0.0084
vn 0.9699 -0.1924 0.1495
vn -0.9699 -0.1924 0.1495
vn 0.6900 -0.5086 0.5149
vn 0.6788 -0.5033 0.5347
vn 0.6863 -0.5212 0.5073
vn 0.5666 -0.3556 0.7433
vn 0.5968 -0.3219 0.7349
vn 0.6057 -0.2638 0.7507
vn -0.5666 -0.3556 0.7433
vn -0.6863 -0.5212 0.5073
vn -0.6900 -0.5086 0.5149
vn -0.5968 -0.3219 0.7349
vn -0.6788 -0.5033 0.5347
vn -0.6057 -0.2638 0.7507
vn 0.6744 -0.5436 0.4996
vn 0.6717 -0.5709 0.4721
vn 0.4732 -0.3899 0.7900
vn 0.5174 -0.3778 0.7678
vn -0.4732 -0.3899 0.7900
vn -0.6717 -0.5709 0.4721
vn -0.6744 -0.5436 0.4996
vn -0.5174 -0.3778 0.7678
vn 0.7363 -0.5288 0.4221
vn 0.8717 -0.0322 0.4890
vn 0.6350 -0.0644 0.7698
vn 0.4998 -0.3344 0.7990
vn -0.6350 -0.0644 0.7698
vn -0.8717 -0.0322 0.4890
vn -0.7363 -0.5288 0.4221
vn -0.4998 -0.3344 0.7990
vn 0.6411 0.5509 0.5343
vn 0.5956 0.5678 0.5682
vn 0.4178 0.3398 0.8426
vn 0.4452 0.3038 0.8423
vn -0.4178 0.3398 0.8426
vn -0.5956 0.5678 0.5682
vn -0.6411 0.5509 0.5343
vn -0.4452 0.3038 0.8423
vn 0.7279 0.2866 0.6229
vn 0.7697 -0.0146 0.6382
vn 0.4169 0.1648 0.8939
vn 0.4712 0.2155 0.8553
vn -0.4169 0.1648 0.8939
vn -0.7697 -0.0146 0.6382
vn -0.7280 0.2866 0.6228
vn -0.4712 0.2155 0.8553
vn 0.7589 0.1352 0.6370
vn 0.4584 0.7549 0.4690
vn 0.2412 0.7286 0.6411
vn 0.3485 0.3618 0.8647
vn -0.2412 0.7286 0.6411
vn -0.4584 0.7549 0.4690
vn -0.7589 0.1352 0.6370
vn -0.3485 0.3618 0.8647
vn 0.0426 0.9537 0.2976
vn 0.0740 0.9218 0.3806
vn 0.1537 0.7195 0.6773
vn -0.0670 0.8325 0.5499
vn -0.1537 0.7195 0.6773
vn -0.0740 0.9218 0.3806
vn -0.0426 0.9537 0.2976
vn 0.0670 0.8325 0.5499
vn 0.6301 -0.5240 0.5731
vn 0.5230 -0.5887 0.6164
vn 0.5828 -0.2013 0.7873
vn 0.5250 -0.1935 0.8288
vn -0.6301 -0.5240 0.5731
vn -0.5828 -0.2013 0.7873
vn -0.5230 -0.5887 0.6164
vn -0.5250 -0.1935 0.8288
vn 0.3170 -0.6756 0.6657
vn -0.1027 -0.6680 0.7371
vn 0.4032 -0.2088 0.8909
vn 0.2651 -0.1542 0.9518
vn -0.3170 -0.6756 0.6657
vn -0.4032 -0.2088 0.8909
vn 0.1027 -0.6680 0.7371
vn -0.2651 -0.1542 0.9518
vn -0.5679 -0.4139 0.7114
vn -0.7658 -0.0395 0.6418
vn 0.1756 -0.0386 0.9837
vn 0.1739 0.0074 0.9847
vn 0.5679 -0.4139 0.7114
vn -0.1756 -0.0386 0.9837
vn 0.7658 -0.0395 0.6418
vn -0.1739 0.0074 0.9847
vn -0.7202 0.2947 0.6280
vn -0.5241 0.5807 0.6229
vn 0.1997 0.0225 0.9796
vn 0.2334 0.0931 0.9679
vn 0.7202 0.2947 0.6281
vn -0.1997 0.0225 0.9796
vn 0.5241 0.5807 0.6229
vn -0.2334 0.0931 0.9679
vn -0.2410 0.7725 0.5876
vn 0.0218 0.8514 0.5241
vn 0.3012 0.2151 0.9290
vn 0.3923 0.3543 0.8488
vn 0.2410 0.7725 0.5876
vn -0.3012 0.2151 0.9290
vn -0.0218 0.8514 0.5241
vn -0.3923 0.3543 0.8488
vn 0.1458 0.8754 0.4609
vn 0.4030 0.5006 0.7661
vn -0.1458 0.8754 0.4609
vn -0.4030 0.5006 0.7661
vn 0.2142 0.1257 0.9687
vn 0.2169 0.0905 0.9720
vn 0.1387 0.2465 0.9592
vn 0.2589 0.1805 0.9489
vn 0.2325 0.0869 0.9687
vn 0.2162 0.0100 0.9763
vn -0.2589 0.1805 0.9489
vn -0.1387 0.2465 0.9592
vn -0.2142 0.1257 0.9687
vn -0.2325 0.0869 0.9687
vn -0.2169 0.0905 0.9720
vn -0.2162 0.0100 0.9763
vn 0.3294 0.0444 0.9432
vn 0.2915 -0.0103 0.9565
vn 0.4082 0.0763 0.9097
vn 0.4499 -0.0211 0.8928
vn 0.3771 -0.0051 0.9262
vn 0.3477 -0.0212 0.9374
vn -0.4499 -0.0211 0.8928
vn -0.4082 0.0763 0.9097
vn -0.3294 0.0444 0.9432
vn -0.3771 -0.0051 0.9262
vn -0.2915 -0.0103 0.9565
vn -0.3477 -0.0212 0.9374
vn 0.3690 -0.0399 0.9286
vn 0.3615 -0.0148 0.9322
vn 0.4244 -0.0969 0.9003
vn 0.4014 -0.1418 0.9049
vn 0.3396 -0.0436 0.9396
vn 0.3429 0.0348 0.9387
vn -0.4014 -0.1418 0.9049
vn -0.4244 -0.0969 0.9003
vn -0.3690 -0.0399 0.9286
vn -0.3396 -0.0436 0.9396
vn -0.3615 -0.0148 0.9322
vn -0.3429 0.0348 0.9387
vn 0.3549 0.0190 0.9347
vn 0.3433 0.1473 0.9276
vn 0.4274 -0.1097 0.8974
vn 0.4874 -0.0052 0.8731
vn 0.4354 0.1345 0.8901
vn 0.3912 0.2643 0.8815
vn -0.4875 -0.0052 0.8731
vn -0.4274 -0.1097 0.8974
vn -0.3549 0.0190 0.9347
vn -0.4354 0.1345 0.8901
vn -0.3433 0.1473 0.9276
vn -0.3912 0.2643 0.8815
vn 0.4280 0.1277 0.8947
vn 0.4204 0.2350 0.8764
vn 0.4447 -0.0071 0.8956
vn -0.4447 -0.0071 0.8956
vn -0.4280 0.1277 0.8947
vn -0.4204 0.2350 0.8764
vn 0.4001 -0.1245 0.9080
vn 0.4398 -0.0910 0.8935
vn -0.4398 -0.0910 0.8935
vn -0.4001 -0.1245 0.9080
vn 0.3299 -0.1328 0.9346
vn 0.2559 -0.1197 0.9593
vn -0.2559 -0.1197 0.9593
vn -0.3299 -0.1328 0.9346
vn 0.2509 -0.0242 0.9677
vn -0.2509 -0.0242 0.9677
vn 0.0087 0.4996 0.8662
vn 0.2446 0.3657 0.8980
vn -0.2446 0.3657 0.8980
vn -0.0087 0.4996 0.8662
vn 0.4971 0.0223 0.8674
vn 0.4715 0.1606 0.8671
vn -0.4715 0.1606 0.8671
vn -0.4971 0.0223 0.8674
vn 0.4384 -0.1465 0.8867
vn 0.4513 -0.0851 0.8883
vn -0.4513 -0.0851 0.8883
vn -0.4384 -0.1465 0.8867
vn 0.5058 0.0135 0.8625
vn 0.4748 -0.1225 0.8715
vn -0.4748 -0.1225 0.8715
vn -0.5058 0.0135 0.8625
vn 0.4209 0.2692 0.8662
vn 0.4769 0.1791 0.8605
vn -0.4769 0.1791 0.8605
vn -0.4209 0.2692 0.8662
vn 0.4146 0.2707 0.8688
vn -0.4146 0.2707 0.8688
vn -0.0639 -0.8857 -0.4599
vn 0.0923 -0.8636 -0.4956
vn -0.1065 -0.9002 -0.4223
vn -0.1672 -0.4827 -0.8597
vn -0.3212 -0.3945 -0.8609
vn -0.2395 -0.3714 -0.8970
vn 0.1672 -0.4827 -0.8597
vn 0.1065 -0.9002 -0.4223
vn 0.0639 -0.8857 -0.4599
vn 0.3212 -0.3945 -0.8609
vn -0.0923 -0.8636 -0.4956
vn 0.2395 -0.3714 -0.8970
vn 0.3794 -0.8071 -0.4524
vn 0.7109 -0.6445 -0.2816
vn -0.0174 -0.3740 -0.9272
vn 0.3559 -0.3679 -0.8590
vn -0.3794 -0.8071 -0.4524
vn 0.0174 -0.3740 -0.9272
vn -0.7109 -0.6445 -0.2816
vn -0.3559 -0.3679 -0.8590
vn 0.9474 -0.3196 0.0159
vn 0.9819 0.1370 0.1305
vn 0.7376 -0.1930 -0.6471
vn 0.9073 0.0932 -0.4100
vn -0.9474 -0.3196 0.0159
vn -0.7376 -0.1930 -0.6471
vn -0.9819 0.1370 0.1305
vn -0.9073 0.0932 -0.4100
vn 0.7795 0.5859 -0.2215
vn 0.2790 0.8212 -0.4978
vn 0.5868 0.3405 -0.7346
vn 0.0473 0.3824 -0.9228
vn -0.7795 0.5859 -0.2215
vn -0.5868 0.3405 -0.7346
vn -0.2790 0.8212 -0.4978
vn -0.0473 0.3824 -0.9228
vn -0.1932 0.8031 -0.5637
vn -0.4152 0.7458 -0.5209
vn -0.2824 0.3057 -0.9093
vn -0.4283 0.2876 -0.8567
vn 0.1932 0.8031 -0.5637
vn 0.2824 0.3057 -0.9093
vn 0.4152 0.7458 -0.5210
vn 0.4283 0.2876 -0.8567
vn -0.5146 0.7343 -0.4427
vn -0.5589 0.7450 -0.3641
vn -0.4825 0.3098 -0.8193
vn -0.3762 0.3767 -0.8465
vn 0.5146 0.7343 -0.4427
vn 0.4825 0.3098 -0.8193
vn 0.5589 0.7450 -0.3641
vn 0.3762 0.3767 -0.8465
vn -0.3624 -0.0235 -0.9317
vn -0.3971 -0.0257 -0.9174
vn -0.1497 -0.0726 -0.9861
vn 0.3971 -0.0257 -0.9174
vn 0.1497 -0.0726 -0.9861
vn 0.3624 -0.0235 -0.9317
vn -0.2247 -0.0248 -0.9741
vn -0.0188 -0.0188 -0.9996
vn 0.0188 -0.0188 -0.9996
vn 0.2247 -0.0248 -0.9741
vn 0.3738 0.0414 -0.9266
vn -0.3738 0.0414 -0.9266
vn -0.1736 0.8642 -0.4722
vn 0.2271 0.3033 -0.9254
vn 0.1736 0.8642 -0.4722
vn -0.2271 0.3033 -0.9254
vn 0.2882 -0.1866 -0.9392
vn 0.1160 -0.5685 -0.8144
vn -0.2882 -0.1866 -0.9392
vn -0.1160 -0.5685 -0.8144
vn -0.0693 -0.8966 -0.4374
vn 0.0693 -0.8966 -0.4374
vn -0.0000 0.1510 -0.9885
vt 0.841958 0.587571
vt 0.834528 0.598761
vt 0.821995 0.593570
vt 0.832355 0.577968
vt 0.831869 0.611927
vt 0.818288 0.611927
vt 0.800024 0.611927
vt 0.805140 0.586588
vt 0.819440 0.565053
vt 0.866314 0.931635
vt 0.866314 0.913371
vt 0.884671 0.909664
vt 0.891653 0.926518
vt 0.866314 0.899790
vt 0.879480 0.897131
vt 0.890670 0.889701
vt 0.900273 0.899304
vt 0.913188 0.912219
vt 0.805140 0.586588
vt 0.785869 0.578606
vt 0.804303 0.549916
vt 0.800024 0.611927
vt 0.778617 0.611927
vt 0.746541 0.611927
vt 0.764082 0.569581
vt 0.781622 0.527235
vt 0.866314 0.985118
vt 0.866314 0.953042
vt 0.899635 0.945789
vt 0.908660 0.967578
vt 0.866314 0.931635
vt 0.891653 0.926518
vt 0.928325 0.927356
vt 0.951006 0.950037
vt 0.805140 0.637266
vt 0.785869 0.645248
vt 0.819440 0.658801
vt 0.804303 0.673938
vt 0.781622 0.696619
vt 0.764082 0.654273
vt 0.781622 0.950037
vt 0.804303 0.927356
vt 0.832993 0.945790
vt 0.823968 0.967578
vt 0.819440 0.912219
vt 0.840975 0.926519
vt 0.834528 0.625094
vt 0.821995 0.630285
vt 0.841958 0.636283
vt 0.832355 0.645886
vt 0.819440 0.658801
vt 0.805140 0.637266
vt 0.819440 0.912219
vt 0.832355 0.899305
vt 0.847957 0.909664
vt 0.840975 0.926519
vt 0.841958 0.889701
vt 0.853148 0.897131
vt 0.853148 0.643713
vt 0.847957 0.656246
vt 0.866314 0.646372
vt 0.866314 0.659953
vt 0.866314 0.678217
vt 0.840975 0.673101
vt 0.800024 0.865345
vt 0.818288 0.865345
vt 0.821995 0.883703
vt 0.805140 0.890684
vt 0.831869 0.865345
vt 0.834528 0.878512
vt 0.840975 0.673101
vt 0.832993 0.692372
vt 0.866314 0.678217
vt 0.866314 0.699624
vt 0.866314 0.731700
vt 0.823968 0.714160
vt 0.746541 0.865345
vt 0.778617 0.865345
vt 0.785869 0.898666
vt 0.764082 0.907691
vt 0.800024 0.865345
vt 0.805140 0.890684
vt 0.891653 0.673101
vt 0.899635 0.692372
vt 0.913188 0.658801
vt 0.928325 0.673938
vt 0.951006 0.696619
vt 0.908660 0.714160
vt 0.781622 0.780653
vt 0.804303 0.803334
vt 0.785869 0.832024
vt 0.764082 0.822999
vt 0.819440 0.818471
vt 0.805140 0.840006
vt 0.879480 0.643713
vt 0.884671 0.656246
vt 0.890670 0.636283
vt 0.900273 0.645886
vt 0.913188 0.658801
vt 0.891653 0.673101
vt 0.832355 0.831386
vt 0.821995 0.846988
vt 0.805140 0.840006
vt 0.841958 0.840989
vt 0.834528 0.852179
vt 0.898100 0.625094
vt 0.910633 0.630285
vt 0.900759 0.611927
vt 0.914340 0.611927
vt 0.932604 0.611927
vt 0.927487 0.637266
vt 0.866314 0.799055
vt 0.866314 0.817320
vt 0.847956 0.821027
vt 0.840975 0.804172
vt 0.866314 0.830900
vt 0.853148 0.833559
vt 0.927487 0.637266
vt 0.946759 0.645248
vt 0.932604 0.611927
vt 0.954011 0.611927
vt 0.986087 0.611927
vt 0.968547 0.654273
vt 0.866314 0.745572
vt 0.866314 0.777648
vt 0.832993 0.784901
vt 0.823968 0.763113
vt 0.866314 0.799055
vt 0.840975 0.804172
vt 0.927488 0.586588
vt 0.946759 0.578606
vt 0.913189 0.565053
vt 0.928325 0.549916
vt 0.951006 0.527235
vt 0.968547 0.569581
vt 0.951006 0.780653
vt 0.928325 0.803334
vt 0.899635 0.784900
vt 0.908660 0.763113
vt 0.913189 0.818471
vt 0.891653 0.804171
vt 0.898100 0.598761
vt 0.910633 0.593570
vt 0.890670 0.587571
vt 0.900273 0.577968
vt 0.913188 0.565053
vt 0.927488 0.586588
vt 0.913189 0.818471
vt 0.900273 0.831386
vt 0.884672 0.821026
vt 0.891653 0.804171
vt 0.890671 0.840989
vt 0.879480 0.833559
vt 0.879481 0.580141
vt 0.884672 0.567608
vt 0.866314 0.577482
vt 0.866314 0.563902
vt 0.866314 0.545637
vt 0.891653 0.550753
vt 0.932604 0.865345
vt 0.914340 0.865345
vt 0.910633 0.846988
vt 0.927488 0.840006
vt 0.900759 0.865345
vt 0.898100 0.852179
vt 0.899635 0.531482
vt 0.866314 0.545637
vt 0.866314 0.524230
vt 0.866314 0.492154
vt 0.908660 0.509695
vt 0.986087 0.865345
vt 0.954011 0.865345
vt 0.946759 0.832024
vt 0.968547 0.822999
vt 0.932604 0.865345
vt 0.840975 0.550754
vt 0.832993 0.531483
vt 0.823968 0.509695
vt 0.946759 0.898666
vt 0.968547 0.907691
vt 0.927487 0.890684
vt 0.853148 0.580141
vt 0.847956 0.567608
vt 0.840975 0.550754
vt 0.910633 0.883703
vt 0.927487 0.890684
vt 0.898100 0.878511
vt 0.841958 0.587571
vt 0.853148 0.580141
vt 0.855978 0.586975
vt 0.847218 0.592830
vt 0.866314 0.577482
vt 0.866314 0.584920
vt 0.866314 0.590264
vt 0.857933 0.591693
vt 0.850996 0.596609
vt 0.887978 0.865345
vt 0.893321 0.865345
vt 0.891267 0.875681
vt 0.886549 0.873726
vt 0.900759 0.865345
vt 0.898100 0.878511
vt 0.890670 0.889701
vt 0.885411 0.884442
vt 0.881632 0.880663
vt 0.879481 0.580141
vt 0.876650 0.586975
vt 0.890670 0.587571
vt 0.885411 0.592830
vt 0.881632 0.596609
vt 0.874695 0.591693
vt 0.881632 0.850027
vt 0.885411 0.846249
vt 0.891267 0.855009
vt 0.886549 0.856964
vt 0.898100 0.852179
vt 0.891267 0.601591
vt 0.900759 0.611927
vt 0.893321 0.611927
vt 0.887978 0.611927
vt 0.886548 0.603546
vt 0.866314 0.843682
vt 0.866314 0.838338
vt 0.876650 0.840393
vt 0.874695 0.845111
vt 0.866314 0.830900
vt 0.879481 0.833559
vt 0.898100 0.625093
vt 0.891267 0.622263
vt 0.890670 0.636283
vt 0.885411 0.631024
vt 0.881632 0.627245
vt 0.886548 0.620308
vt 0.850996 0.850027
vt 0.847218 0.846249
vt 0.855978 0.840393
vt 0.857933 0.845111
vt 0.841958 0.840989
vt 0.853148 0.833559
vt 0.879480 0.643713
vt 0.876650 0.636880
vt 0.866314 0.646372
vt 0.866314 0.638934
vt 0.866314 0.633590
vt 0.874695 0.632161
vt 0.844651 0.865345
vt 0.839308 0.865345
vt 0.841362 0.855009
vt 0.846080 0.856964
vt 0.834528 0.852179
vt 0.853148 0.643713
vt 0.855978 0.636880
vt 0.847218 0.631024
vt 0.850996 0.627245
vt 0.857933 0.632161
vt 0.850996 0.880663
vt 0.847218 0.884442
vt 0.841362 0.875681
vt 0.846080 0.873726
vt 0.841958 0.889701
vt 0.834528 0.878511
vt 0.834528 0.625094
vt 0.841362 0.622263
vt 0.831869 0.611927
vt 0.839307 0.611927
vt 0.844651 0.611927
vt 0.846080 0.620308
vt 0.866314 0.887009
vt 0.866314 0.892352
vt 0.855978 0.890298
vt 0.857933 0.885579
vt 0.866314 0.899790
vt 0.853148 0.897132
vt 0.834528 0.598761
vt 0.841362 0.601591
vt 0.846080 0.603546
vt 0.876650 0.890297
vt 0.874695 0.885580
vt 0.879480 0.897131
vt 0.866314 0.611927
vt 0.852421 0.611927
vt 0.851470 0.605779
vt 0.856490 0.602104
vt 0.844651 0.611927
vt 0.846080 0.603546
vt 0.852421 0.611927
vt 0.856490 0.602103
vt 0.874695 0.885579
vt 0.872463 0.880189
vt 0.876138 0.875169
vt 0.866314 0.887008
vt 0.866314 0.879238
vt 0.874695 0.885579
vt 0.866314 0.865345
vt 0.876138 0.875169
vt 0.866314 0.879238
vt 0.850996 0.627245
vt 0.846080 0.620308
vt 0.851470 0.618075
vt 0.856490 0.621751
vt 0.844651 0.611927
vt 0.852421 0.611927
vt 0.856490 0.621751
vt 0.852421 0.611927
vt 0.866314 0.879238
vt 0.860165 0.880189
vt 0.856490 0.875169
vt 0.866314 0.887008
vt 0.857933 0.885580
vt 0.866314 0.879238
vt 0.856490 0.875169
vt 0.866314 0.625820
vt 0.860166 0.626771
vt 0.856490 0.621751
vt 0.866314 0.633590
vt 0.857933 0.632161
vt 0.866314 0.625820
vt 0.850996 0.627245
vt 0.856490 0.621751
vt 0.857933 0.632161
vt 0.846080 0.873727
vt 0.851470 0.871494
vt 0.856490 0.875169
vt 0.844651 0.865345
vt 0.852421 0.865345
vt 0.846080 0.873726
vt 0.856490 0.875169
vt 0.852421 0.865345
vt 0.876138 0.621751
vt 0.872463 0.626771
vt 0.881632 0.627245
vt 0.874695 0.632161
vt 0.876138 0.621751
vt 0.866314 0.633591
vt 0.874695 0.632161
vt 0.851470 0.859197
vt 0.850996 0.850027
vt 0.856490 0.855521
vt 0.846080 0.856964
vt 0.856490 0.855521
vt 0.880207 0.611927
vt 0.881158 0.618075
vt 0.887978 0.611927
vt 0.886549 0.620308
vt 0.881632 0.627245
vt 0.850996 0.850027
vt 0.857933 0.845111
vt 0.860166 0.850501
vt 0.856490 0.855522
vt 0.866314 0.843682
vt 0.866314 0.851452
vt 0.856490 0.855521
vt 0.866314 0.851452
vt 0.876138 0.602104
vt 0.881158 0.605779
vt 0.880207 0.611927
vt 0.881632 0.596609
vt 0.886549 0.603546
vt 0.876138 0.602103
vt 0.886549 0.603546
vt 0.866314 0.843682
vt 0.874695 0.845111
vt 0.872463 0.850501
vt 0.866314 0.851452
vt 0.881632 0.850027
vt 0.876138 0.855521
vt 0.876138 0.855521
vt 0.866314 0.598034
vt 0.872463 0.597083
vt 0.876138 0.602103
vt 0.866314 0.590264
vt 0.874695 0.591693
vt 0.866314 0.598034
vt 0.881632 0.596609
vt 0.874695 0.591693
vt 0.881632 0.850027
vt 0.886549 0.856964
vt 0.881158 0.859197
vt 0.876138 0.855521
vt 0.887978 0.865345
vt 0.880207 0.865345
vt 0.876138 0.855521
vt 0.880207 0.865345
vt 0.860166 0.597083
vt 0.866314 0.598034
vt 0.857933 0.591693
vt 0.866314 0.590264
vt 0.857933 0.591693
vt 0.887978 0.865345
vt 0.881158 0.871494
vt 0.881632 0.880663
vt 0.876138 0.875169
vt 0.886549 0.873727
vt 0.519161 0.059644
vt 0.516936 0.064141
vt 0.509164 0.061996
vt 0.510335 0.056549
vt 0.514313 0.068161
vt 0.507767 0.066469
vt 0.500000 0.065660
vt 0.500000 0.060947
vt 0.500000 0.055045
vt 0.500000 0.065660
vt 0.492233 0.066469
vt 0.490836 0.061996
vt 0.500000 0.060947
vt 0.485687 0.068161
vt 0.483064 0.064141
vt 0.480839 0.059644
vt 0.489666 0.056549
vt 0.500000 0.055045
vt 0.529722 0.065076
vt 0.525737 0.068371
vt 0.522299 0.066214
vt 0.525404 0.062574
vt 0.521573 0.072290
vt 0.518756 0.069947
vt 0.481244 0.069947
vt 0.477701 0.066214
vt 0.478427 0.072290
vt 0.474264 0.068371
vt 0.470278 0.065076
vt 0.474596 0.062574
vt 0.537307 0.071208
vt 0.530552 0.075109
vt 0.528141 0.071128
vt 0.533252 0.067508
vt 0.525255 0.080247
vt 0.523537 0.075778
vt 0.476463 0.075778
vt 0.471859 0.071128
vt 0.474745 0.080247
vt 0.469448 0.075109
vt 0.462693 0.071208
vt 0.466748 0.067508
vt 0.550228 0.087584
vt 0.538665 0.090752
vt 0.533918 0.081142
vt 0.542970 0.077612
vt 0.530062 0.094928
vt 0.527273 0.085870
vt 0.472727 0.085870
vt 0.466082 0.081142
vt 0.469938 0.094928
vt 0.461335 0.090752
vt 0.449772 0.087584
vt 0.457030 0.077612
vt 0.566506 0.115790
vt 0.550950 0.120208
vt 0.544772 0.104728
vt 0.558561 0.101176
vt 0.537774 0.125226
vt 0.533825 0.109059
vt 0.466175 0.109059
vt 0.455228 0.104728
vt 0.462226 0.125226
vt 0.449050 0.120208
vt 0.433494 0.115790
vt 0.441440 0.101176
vt 0.587974 0.179933
vt 0.603208 0.194887
vt 0.588267 0.209021
vt 0.569710 0.194436
vt 0.621871 0.210918
vt 0.610113 0.223118
vt 0.599546 0.236568
vt 0.575256 0.226592
vt 0.544469 0.215880
vt 0.400454 0.236568
vt 0.389887 0.223118
vt 0.411733 0.209021
vt 0.424744 0.226592
vt 0.378129 0.210918
vt 0.396792 0.194887
vt 0.412026 0.179933
vt 0.430290 0.194436
vt 0.455531 0.215880
vt 0.621871 0.210918
vt 0.638208 0.226314
vt 0.628283 0.236882
vt 0.610113 0.223118
vt 0.653327 0.241076
vt 0.643600 0.250301
vt 0.633494 0.258470
vt 0.618564 0.247242
vt 0.599546 0.236568
vt 0.366506 0.258470
vt 0.356401 0.250301
vt 0.371717 0.236882
vt 0.381436 0.247242
vt 0.346673 0.241076
vt 0.361792 0.226314
vt 0.378129 0.210918
vt 0.389887 0.223118
vt 0.400454 0.236568
vt 0.668706 0.255950
vt 0.657542 0.263703
vt 0.680447 0.272960
vt 0.667657 0.278557
vt 0.654068 0.282830
vt 0.645611 0.270158
vt 0.345932 0.282830
vt 0.332343 0.278557
vt 0.342459 0.263703
vt 0.354389 0.270158
vt 0.319553 0.272960
vt 0.331294 0.255950
vt 0.684695 0.293078
vt 0.671454 0.295530
vt 0.683144 0.311805
vt 0.670213 0.310936
vt 0.657583 0.308613
vt 0.657873 0.296509
vt 0.342417 0.308613
vt 0.329787 0.310936
vt 0.328546 0.295530
vt 0.342127 0.296509
vt 0.316856 0.311805
vt 0.315305 0.293078
vt 0.678116 0.325251
vt 0.665541 0.321738
vt 0.668910 0.337433
vt 0.656576 0.331844
vt 0.645548 0.325664
vt 0.653775 0.317221
vt 0.354452 0.325664
vt 0.343425 0.331844
vt 0.334459 0.321738
vt 0.346225 0.317221
vt 0.331090 0.337433
vt 0.321884 0.325251
vt 0.654804 0.352697
vt 0.642723 0.345301
vt 0.638037 0.368810
vt 0.626945 0.359757
vt 0.618251 0.349566
vt 0.632570 0.337201
vt 0.381749 0.349566
vt 0.373055 0.359757
vt 0.357277 0.345301
vt 0.367430 0.337201
vt 0.361963 0.368810
vt 0.345196 0.352697
vt 0.621281 0.382365
vt 0.612451 0.371775
vt 0.605977 0.391859
vt 0.599891 0.379977
vt 0.595868 0.366402
vt 0.606049 0.359637
vt 0.404132 0.366402
vt 0.400109 0.379977
vt 0.387549 0.371775
vt 0.393951 0.359637
vt 0.394023 0.391859
vt 0.378719 0.382365
vt 0.592336 0.396552
vt 0.588618 0.383676
vt 0.576878 0.396871
vt 0.575349 0.382897
vt 0.574986 0.368404
vt 0.586392 0.369417
vt 0.425014 0.368404
vt 0.424651 0.382897
vt 0.411382 0.383676
vt 0.413608 0.369417
vt 0.423122 0.396871
vt 0.407664 0.396552
vt 0.556771 0.393828
vt 0.557454 0.378274
vt 0.535452 0.389613
vt 0.537551 0.372163
vt 0.542088 0.356742
vt 0.559630 0.363551
vt 0.457912 0.356742
vt 0.462450 0.372163
vt 0.442546 0.378274
vt 0.440371 0.363551
vt 0.464548 0.389613
vt 0.443229 0.393828
vt 0.535452 0.389613
vt 0.516777 0.386408
vt 0.518601 0.366984
vt 0.537550 0.372163
vt 0.500000 0.385190
vt 0.500000 0.364398
vt 0.500000 0.338640
vt 0.524063 0.349518
vt 0.500000 0.364398
vt 0.481400 0.366984
vt 0.475937 0.349518
vt 0.500000 0.385190
vt 0.483223 0.386408
vt 0.464549 0.389613
vt 0.462450 0.372163
vt 0.457912 0.356742
vt 0.558393 0.332887
vt 0.568440 0.336858
vt 0.563693 0.349310
vt 0.549824 0.343615
vt 0.577862 0.338351
vt 0.576034 0.352643
vt 0.574986 0.368404
vt 0.559630 0.363551
vt 0.542088 0.356742
vt 0.425014 0.368404
vt 0.423966 0.352643
vt 0.436307 0.349310
vt 0.440370 0.363551
vt 0.422138 0.338351
vt 0.431560 0.336858
vt 0.441607 0.332887
vt 0.450176 0.343615
vt 0.457912 0.356742
vt 0.585598 0.338015
vt 0.585564 0.353036
vt 0.592386 0.336008
vt 0.593612 0.350567
vt 0.595868 0.366402
vt 0.586392 0.369417
vt 0.404132 0.366402
vt 0.406388 0.350567
vt 0.414436 0.353036
vt 0.413608 0.369417
vt 0.407614 0.336007
vt 0.414402 0.338015
vt 0.607728 0.327073
vt 0.612174 0.337876
vt 0.602034 0.345461
vt 0.599394 0.332354
vt 0.593612 0.350567
vt 0.592386 0.336007
vt 0.393951 0.359637
vt 0.397966 0.345461
vt 0.406388 0.350567
vt 0.387826 0.337876
vt 0.392272 0.327073
vt 0.400606 0.332354
vt 0.407614 0.336008
vt 0.626901 0.313582
vt 0.635574 0.319192
vt 0.624383 0.328373
vt 0.617747 0.320414
vt 0.645548 0.325664
vt 0.367430 0.337201
vt 0.375617 0.328373
vt 0.354452 0.325664
vt 0.364426 0.319192
vt 0.373099 0.313582
vt 0.382253 0.320414
vt 0.634891 0.301141
vt 0.645620 0.304782
vt 0.642613 0.312036
vt 0.632584 0.307515
vt 0.657583 0.308613
vt 0.346225 0.317221
vt 0.357387 0.312036
vt 0.342417 0.308613
vt 0.354380 0.304782
vt 0.365109 0.301141
vt 0.367416 0.307515
vt 0.630556 0.284417
vt 0.641383 0.284187
vt 0.645292 0.295169
vt 0.634351 0.293290
vt 0.654068 0.282830
vt 0.657873 0.296509
vt 0.342127 0.296509
vt 0.354709 0.295169
vt 0.345932 0.282830
vt 0.358618 0.284187
vt 0.369444 0.284417
vt 0.365649 0.293290
vt 0.613798 0.267249
vt 0.622999 0.263466
vt 0.633674 0.273409
vt 0.623258 0.275408
vt 0.633494 0.258470
vt 0.645611 0.270158
vt 0.354389 0.270158
vt 0.366326 0.273409
vt 0.377001 0.263466
vt 0.386202 0.267249
vt 0.376742 0.275408
vt 0.590771 0.257759
vt 0.593491 0.248144
vt 0.609997 0.254812
vt 0.603343 0.260982
vt 0.599546 0.236568
vt 0.618564 0.247242
vt 0.381436 0.247242
vt 0.390004 0.254812
vt 0.406510 0.248144
vt 0.409229 0.257759
vt 0.396657 0.260982
vt 0.561138 0.262125
vt 0.552309 0.244955
vt 0.572883 0.244255
vt 0.575468 0.258381
vt 0.575256 0.226592
vt 0.593491 0.248144
vt 0.400454 0.236568
vt 0.424744 0.226592
vt 0.427117 0.244255
vt 0.406509 0.248144
vt 0.447691 0.244955
vt 0.438862 0.262125
vt 0.424532 0.258381
vt 0.409229 0.257759
vt 0.551445 0.268014
vt 0.537358 0.253335
vt 0.552309 0.244955
vt 0.545584 0.275588
vt 0.527475 0.265614
vt 0.500000 0.250807
vt 0.522949 0.234696
vt 0.472525 0.265614
vt 0.462642 0.253335
vt 0.477051 0.234696
vt 0.454416 0.275588
vt 0.448555 0.268014
vt 0.438862 0.262125
vt 0.447691 0.244955
vt 0.549824 0.343615
vt 0.536292 0.335982
vt 0.549262 0.325934
vt 0.524063 0.349518
vt 0.525623 0.325327
vt 0.542702 0.316584
vt 0.475937 0.349518
vt 0.463708 0.335982
vt 0.474377 0.325327
vt 0.457912 0.356742
vt 0.450176 0.343615
vt 0.441607 0.332887
vt 0.450738 0.325934
vt 0.457298 0.316584
vt 0.521870 0.310626
vt 0.539896 0.305771
vt 0.500000 0.313888
vt 0.500000 0.295394
vt 0.521839 0.295106
vt 0.540000 0.294722
vt 0.500000 0.295394
vt 0.500000 0.313888
vt 0.478130 0.310626
vt 0.478161 0.295106
vt 0.460105 0.305771
vt 0.460000 0.294722
vt 0.527475 0.265614
vt 0.523283 0.280125
vt 0.500000 0.277181
vt 0.541924 0.284549
vt 0.540000 0.294722
vt 0.500000 0.295394
vt 0.460000 0.294722
vt 0.458076 0.284549
vt 0.476717 0.280125
vt 0.478161 0.295106
vt 0.454416 0.275588
vt 0.472525 0.265614
vt 0.500000 0.277181
vt 0.500000 0.295394
vt 0.507707 0.074940
vt 0.504057 0.073568
vt 0.505845 0.070464
vt 0.510864 0.071939
vt 0.500000 0.073060
vt 0.500000 0.069830
vt 0.507767 0.066469
vt 0.514313 0.068161
vt 0.500000 0.069830
vt 0.494155 0.070464
vt 0.492233 0.066469
vt 0.495943 0.073568
vt 0.492293 0.074940
vt 0.489136 0.071939
vt 0.485687 0.068161
vt 0.512562 0.080357
vt 0.510593 0.077071
vt 0.514434 0.073847
vt 0.516760 0.076706
vt 0.518756 0.069947
vt 0.521573 0.072290
vt 0.485566 0.073847
vt 0.481244 0.069947
vt 0.489407 0.077071
vt 0.487439 0.080357
vt 0.483240 0.076706
vt 0.478427 0.072290
vt 0.512267 0.090555
vt 0.513415 0.085048
vt 0.518219 0.080967
vt 0.519199 0.085794
vt 0.512561 0.080357
vt 0.516760 0.076706
vt 0.523537 0.075778
vt 0.525255 0.080247
vt 0.483240 0.076706
vt 0.481781 0.080967
vt 0.476463 0.075778
vt 0.487439 0.080357
vt 0.486585 0.085048
vt 0.487734 0.090555
vt 0.480802 0.085794
vt 0.474745 0.080247
vt 0.526243 0.129130
vt 0.523936 0.112638
vt 0.516256 0.131512
vt 0.515003 0.115132
vt 0.514124 0.101670
vt 0.521940 0.098777
vt 0.485876 0.101670
vt 0.484997 0.115132
vt 0.476064 0.112638
vt 0.478060 0.098777
vt 0.483744 0.131512
vt 0.473757 0.129130
vt 0.519198 0.085794
vt 0.520398 0.090654
vt 0.513290 0.094342
vt 0.525255 0.080247
vt 0.527273 0.085870
vt 0.530062 0.094928
vt 0.514124 0.101670
vt 0.469938 0.094928
vt 0.472727 0.085870
vt 0.479602 0.090654
vt 0.478060 0.098777
vt 0.480802 0.085794
vt 0.486710 0.094342
vt 0.485876 0.101670
vt 0.520467 0.161843
vt 0.509516 0.158265
vt 0.508718 0.146967
vt 0.518125 0.147022
vt 0.500000 0.157011
vt 0.500000 0.146506
vt 0.500000 0.132565
vt 0.507728 0.132436
vt 0.500000 0.146506
vt 0.491282 0.146967
vt 0.492273 0.132436
vt 0.500000 0.157011
vt 0.490484 0.158265
vt 0.479533 0.161843
vt 0.481875 0.147022
vt 0.483744 0.131512
vt 0.515003 0.115132
vt 0.507183 0.116536
vt 0.506886 0.103277
vt 0.507728 0.132436
vt 0.500000 0.132565
vt 0.500000 0.116970
vt 0.500000 0.103752
vt 0.500000 0.132565
vt 0.492273 0.132436
vt 0.492817 0.116536
vt 0.500000 0.116970
vt 0.484997 0.115132
vt 0.485876 0.101670
vt 0.493114 0.103277
vt 0.500000 0.103752
vt 0.500000 0.092922
vt 0.506021 0.092828
vt 0.506528 0.095980
vt 0.500000 0.096268
vt 0.506886 0.103277
vt 0.500000 0.103752
vt 0.493472 0.095979
vt 0.493114 0.103277
vt 0.493979 0.092828
vt 0.500000 0.103752
vt 0.528833 0.180350
vt 0.524309 0.181403
vt 0.522271 0.174685
vt 0.526684 0.171690
vt 0.521062 0.182023
vt 0.519501 0.176747
vt 0.515347 0.172292
vt 0.517155 0.168928
vt 0.484653 0.172292
vt 0.480499 0.176747
vt 0.477729 0.174685
vt 0.482846 0.168928
vt 0.478938 0.182023
vt 0.475691 0.181403
vt 0.471167 0.180350
vt 0.473316 0.171690
vt 0.522041 0.198967
vt 0.519392 0.195066
vt 0.523372 0.188730
vt 0.527402 0.189970
vt 0.517649 0.192988
vt 0.520433 0.187926
vt 0.521062 0.182023
vt 0.524309 0.181403
vt 0.528833 0.180350
vt 0.478938 0.182023
vt 0.479567 0.187926
vt 0.476628 0.188730
vt 0.482351 0.192988
vt 0.480608 0.195066
vt 0.477959 0.198967
vt 0.472598 0.189970
vt 0.471167 0.180350
vt 0.500000 0.204726
vt 0.505886 0.199279
vt 0.512712 0.198727
vt 0.512717 0.204963
vt 0.507816 0.196177
vt 0.512958 0.195764
vt 0.517649 0.192988
vt 0.519392 0.195066
vt 0.482351 0.192988
vt 0.487042 0.195764
vt 0.487288 0.198728
vt 0.480608 0.195066
vt 0.492184 0.196177
vt 0.494114 0.199279
vt 0.487283 0.204963
vt 0.477959 0.198967
vt 0.500000 0.197703
vt 0.500000 0.196473
vt 0.502171 0.197569
vt 0.500000 0.199099
vt 0.500000 0.193873
vt 0.503581 0.194855
vt 0.496419 0.194855
vt 0.497829 0.197569
vt 0.500000 0.193873
vt 0.500000 0.196473
vt 0.500000 0.199099
vt 0.500000 0.157011
vt 0.509516 0.158265
vt 0.509194 0.164943
vt 0.500000 0.163419
vt 0.517155 0.168928
vt 0.508445 0.168777
vt 0.500000 0.167306
vt 0.484653 0.172292
vt 0.482846 0.168928
vt 0.490806 0.164943
vt 0.491555 0.168777
vt 0.490485 0.158265
vt 0.500000 0.163419
vt 0.500000 0.167306
vt 0.507587 0.171841
vt 0.500000 0.170593
vt 0.513573 0.174668
vt 0.511752 0.176218
vt 0.507042 0.175090
vt 0.500000 0.174359
vt 0.488248 0.176218
vt 0.486427 0.174668
vt 0.492413 0.171841
vt 0.492958 0.175090
vt 0.500000 0.170593
vt 0.500000 0.174359
vt 0.500000 0.190899
vt 0.504346 0.192090
vt 0.500000 0.186095
vt 0.505960 0.189533
vt 0.508708 0.191549
vt 0.508462 0.193596
vt 0.491292 0.191549
vt 0.494041 0.189533
vt 0.495654 0.192090
vt 0.491538 0.193596
vt 0.500000 0.190899
vt 0.512584 0.193423
vt 0.511645 0.190936
vt 0.514414 0.189894
vt 0.516015 0.191269
vt 0.485586 0.189894
vt 0.488356 0.190936
vt 0.487416 0.193423
vt 0.483985 0.191269
vt 0.517893 0.187186
vt 0.520433 0.187926
vt 0.514730 0.186939
vt 0.514407 0.182855
vt 0.518223 0.182389
vt 0.485593 0.182855
vt 0.485270 0.186939
vt 0.482107 0.187186
vt 0.481777 0.182389
vt 0.516957 0.178190
vt 0.513315 0.179034
vt 0.513573 0.174668
vt 0.486685 0.179034
vt 0.483043 0.178190
vt 0.486427 0.174668
vt 0.508478 0.183823
vt 0.510217 0.187800
vt 0.514407 0.182855
vt 0.511645 0.190936
vt 0.485270 0.186939
vt 0.489783 0.187800
vt 0.488356 0.190936
vt 0.485593 0.182855
vt 0.491522 0.183823
vt 0.500000 0.179309
vt 0.507446 0.179235
vt 0.508478 0.183823
vt 0.507042 0.175090
vt 0.513315 0.179034
vt 0.492555 0.179235
vt 0.486685 0.179034
vt 0.500000 0.179309
vt 0.491522 0.183823
vt 0.485593 0.182855
vt 0.512717 0.204963
vt 0.515236 0.217417
vt 0.500000 0.222511
vt 0.522041 0.198967
vt 0.527403 0.205884
vt 0.522949 0.234696
vt 0.472597 0.205884
vt 0.484764 0.217417
vt 0.477051 0.234696
vt 0.477959 0.198967
vt 0.527402 0.189970
vt 0.533670 0.191503
vt 0.528833 0.180350
vt 0.535623 0.178409
vt 0.546658 0.173864
vt 0.545319 0.189427
vt 0.453342 0.173864
vt 0.464377 0.178409
vt 0.466330 0.191503
vt 0.454681 0.189427
vt 0.472598 0.189970
vt 0.526684 0.171690
vt 0.534364 0.167907
vt 0.531390 0.157504
vt 0.543810 0.152201
vt 0.545967 0.162573
vt 0.456190 0.152201
vt 0.468610 0.157504
vt 0.465637 0.167907
vt 0.454033 0.162573
vt 0.473316 0.171690
vt 0.528686 0.144471
vt 0.516256 0.131512
vt 0.526243 0.129130
vt 0.541088 0.139892
vt 0.473757 0.129130
vt 0.471315 0.144471
vt 0.458912 0.139892
vt 0.481875 0.147022
vt 0.566506 0.115790
vt 0.572662 0.128735
vt 0.555893 0.134048
vt 0.550950 0.120208
vt 0.576793 0.139604
vt 0.559487 0.145635
vt 0.543810 0.152201
vt 0.541088 0.139892
vt 0.537774 0.125226
vt 0.456190 0.152201
vt 0.440513 0.145635
vt 0.444107 0.134048
vt 0.458912 0.139892
vt 0.423207 0.139604
vt 0.427338 0.128735
vt 0.433494 0.115790
vt 0.449050 0.120208
vt 0.579067 0.148796
vt 0.561857 0.155444
vt 0.580098 0.157660
vt 0.562882 0.165788
vt 0.546658 0.173864
vt 0.545967 0.162573
vt 0.453342 0.173864
vt 0.437118 0.165788
vt 0.438143 0.155444
vt 0.454033 0.162573
vt 0.419902 0.157660
vt 0.420933 0.148796
vt 0.587974 0.179933
vt 0.569710 0.194436
vt 0.563453 0.178955
vt 0.581441 0.167678
vt 0.545319 0.189427
vt 0.546658 0.173864
vt 0.562882 0.165788
vt 0.580098 0.157660
vt 0.454681 0.189427
vt 0.436547 0.178955
vt 0.437118 0.165788
vt 0.430290 0.194436
vt 0.412026 0.179933
vt 0.418559 0.167678
vt 0.419902 0.157660
vt 0.506021 0.092828
vt 0.505361 0.091285
vt 0.509510 0.090160
vt 0.500000 0.092922
vt 0.500000 0.091226
vt 0.500000 0.089977
vt 0.504956 0.090351
vt 0.509911 0.090724
vt 0.494639 0.091285
vt 0.495044 0.090351
vt 0.500000 0.092922
vt 0.493979 0.092828
vt 0.490491 0.090160
vt 0.490089 0.090724
vt 0.513415 0.085048
vt 0.510836 0.086435
vt 0.510259 0.082105
vt 0.509812 0.086480
vt 0.509713 0.082236
vt 0.489164 0.086435
vt 0.490188 0.086480
vt 0.486585 0.085048
vt 0.489741 0.082105
vt 0.490287 0.082236
vt 0.510593 0.077071
vt 0.508454 0.078850
vt 0.505955 0.076634
vt 0.507455 0.079659
vt 0.505196 0.077083
vt 0.491546 0.078850
vt 0.492545 0.079659
vt 0.489407 0.077071
vt 0.492293 0.074940
vt 0.494045 0.076634
vt 0.494804 0.077083
vt 0.500000 0.073060
vt 0.504057 0.073568
vt 0.503066 0.075353
vt 0.500000 0.074890
vt 0.502598 0.076278
vt 0.500000 0.075473
vt 0.496935 0.075353
vt 0.497402 0.076278
vt 0.495943 0.073568
vt 0.500000 0.074890
vt 0.502203 0.078534
vt 0.500000 0.078229
vt 0.504333 0.079398
vt 0.504033 0.081399
vt 0.502117 0.080860
vt 0.500000 0.080667
vt 0.495967 0.081399
vt 0.495668 0.079398
vt 0.497797 0.078534
vt 0.497884 0.080860
vt 0.500000 0.078229
vt 0.506260 0.080954
vt 0.507692 0.083070
vt 0.506692 0.083355
vt 0.505597 0.082274
vt 0.493308 0.083355
vt 0.492308 0.083070
vt 0.493740 0.080954
vt 0.494403 0.082274
vt 0.508095 0.085654
vt 0.507086 0.087694
vt 0.505683 0.085744
vt 0.506693 0.084710
vt 0.494318 0.085744
vt 0.492914 0.087694
vt 0.491905 0.085654
vt 0.493307 0.084710
vt 0.504038 0.088173
vt 0.500000 0.088076
vt 0.500000 0.085801
vt 0.503251 0.085916
vt 0.500000 0.088076
vt 0.495962 0.088173
vt 0.496749 0.085916
vt 0.500000 0.085801
vt 0.500000 0.083252
vt 0.502533 0.083402
vt 0.503251 0.085916
vt 0.502117 0.080860
vt 0.504033 0.081399
vt 0.504557 0.083604
vt 0.505683 0.085744
vt 0.497468 0.083402
vt 0.495443 0.083604
vt 0.500000 0.085801
vt 0.496749 0.085916
vt 0.494318 0.085744
vt 0.504557 0.083604
vt 0.505634 0.083590
vt 0.504557 0.083604
vt 0.506693 0.084710
vt 0.494403 0.082274
vt 0.494366 0.083590
vt 0.493307 0.084710
vt 0.495967 0.081399
vt 0.495443 0.083604
vt 0.494318 0.085744
vt 0.495443 0.083604
vt 0.541924 0.284549
vt 0.553497 0.287609
vt 0.551964 0.294790
vt 0.545584 0.275588
vt 0.556333 0.281485
vt 0.562735 0.284843
vt 0.560698 0.289608
vt 0.559849 0.295167
vt 0.437265 0.284843
vt 0.443667 0.281485
vt 0.446504 0.287609
vt 0.439302 0.289608
vt 0.454416 0.275588
vt 0.458076 0.284549
vt 0.448036 0.294790
vt 0.440151 0.295167
vt 0.542702 0.316584
vt 0.539896 0.305771
vt 0.552180 0.302785
vt 0.554481 0.311019
vt 0.560482 0.301287
vt 0.562571 0.307583
vt 0.447820 0.302785
vt 0.439518 0.301287
vt 0.460105 0.305771
vt 0.457298 0.316584
vt 0.445519 0.311019
vt 0.437430 0.307583
vt 0.558393 0.332887
vt 0.549262 0.325934
vt 0.559015 0.318705
vt 0.565290 0.324529
vt 0.565991 0.313526
vt 0.570554 0.318139
vt 0.440985 0.318705
vt 0.434009 0.313526
vt 0.450738 0.325934
vt 0.441607 0.332887
vt 0.434710 0.324528
vt 0.429446 0.318139
vt 0.551445 0.268014
vt 0.560406 0.276447
vt 0.561138 0.262125
vt 0.567254 0.271991
vt 0.571306 0.277459
vt 0.565889 0.280939
vt 0.428694 0.277459
vt 0.432746 0.271991
vt 0.439594 0.276447
vt 0.434111 0.280939
vt 0.448555 0.268014
vt 0.575468 0.258381
vt 0.577867 0.267936
vt 0.589427 0.265922
vt 0.588859 0.272504
vt 0.579701 0.274213
vt 0.411141 0.272504
vt 0.410573 0.265922
vt 0.422133 0.267936
vt 0.420299 0.274213
vt 0.424532 0.258381
vt 0.603343 0.260982
vt 0.599057 0.267500
vt 0.613798 0.267249
vt 0.607459 0.272033
vt 0.603396 0.276967
vt 0.596548 0.273582
vt 0.396604 0.276967
vt 0.392541 0.272033
vt 0.400943 0.267500
vt 0.403452 0.273582
vt 0.386202 0.267249
vt 0.396657 0.260982
vt 0.623258 0.275408
vt 0.615625 0.278381
vt 0.622115 0.285573
vt 0.615600 0.287396
vt 0.610204 0.281797
vt 0.384400 0.287396
vt 0.377885 0.285574
vt 0.384375 0.278380
vt 0.389796 0.281797
vt 0.369444 0.284417
vt 0.376742 0.275408
vt 0.634351 0.293290
vt 0.625383 0.292746
vt 0.625878 0.299268
vt 0.618527 0.298527
vt 0.618172 0.293154
vt 0.381473 0.298527
vt 0.374122 0.299268
vt 0.374617 0.292746
vt 0.381828 0.293154
vt 0.365109 0.301141
vt 0.365649 0.293290
vt 0.632584 0.307515
vt 0.624227 0.304786
vt 0.626901 0.313582
vt 0.619777 0.309803
vt 0.613966 0.307225
vt 0.617395 0.303139
vt 0.386034 0.307225
vt 0.380223 0.309803
vt 0.375773 0.304786
vt 0.382605 0.303139
vt 0.617747 0.320414
vt 0.612221 0.314825
vt 0.603899 0.319509
vt 0.600768 0.314638
vt 0.607714 0.311081
vt 0.399233 0.314638
vt 0.396101 0.319509
vt 0.387780 0.314825
vt 0.392286 0.311081
vt 0.392272 0.327073
vt 0.597130 0.323367
vt 0.591486 0.326163
vt 0.590778 0.319995
vt 0.595272 0.317709
vt 0.409222 0.319995
vt 0.408514 0.326163
vt 0.402870 0.323367
vt 0.404728 0.317709
vt 0.407614 0.336008
vt 0.400606 0.332355
vt 0.585931 0.327771
vt 0.577862 0.338351
vt 0.579738 0.328243
vt 0.581415 0.321470
vt 0.586314 0.321240
vt 0.418585 0.321470
vt 0.420262 0.328243
vt 0.414069 0.327771
vt 0.413686 0.321240
vt 0.422138 0.338351
vt 0.414402 0.338015
vt 0.568440 0.336858
vt 0.572564 0.327473
vt 0.575944 0.320639
vt 0.427436 0.327473
vt 0.424057 0.320639
vt 0.431560 0.336858
vt 0.581415 0.321470
vt 0.575943 0.320639
vt 0.578770 0.315447
vt 0.582808 0.316502
vt 0.570554 0.318139
vt 0.574828 0.313220
vt 0.578615 0.309394
vt 0.581307 0.311143
vt 0.583998 0.312892
vt 0.421385 0.309394
vt 0.425172 0.313220
vt 0.421230 0.315448
vt 0.418694 0.311143
vt 0.429446 0.318139
vt 0.424057 0.320639
vt 0.418585 0.321470
vt 0.417192 0.316502
vt 0.416002 0.312892
vt 0.590778 0.319995
vt 0.586610 0.316499
vt 0.590239 0.315611
vt 0.586827 0.312614
vt 0.589656 0.312336
vt 0.413390 0.316499
vt 0.413173 0.312614
vt 0.413686 0.321240
vt 0.409222 0.319995
vt 0.409761 0.315611
vt 0.410344 0.312336
vt 0.600768 0.314638
vt 0.595272 0.317709
vt 0.593991 0.313813
vt 0.598501 0.311335
vt 0.593002 0.310793
vt 0.596347 0.309249
vt 0.406009 0.313813
vt 0.406999 0.310793
vt 0.404728 0.317709
vt 0.399233 0.314638
vt 0.401499 0.311335
vt 0.403653 0.309249
vt 0.607714 0.311081
vt 0.604158 0.308265
vt 0.609200 0.304949
vt 0.601181 0.305883
vt 0.606014 0.302517
vt 0.395842 0.308264
vt 0.398820 0.305883
vt 0.392286 0.311081
vt 0.390800 0.304949
vt 0.393986 0.302517
vt 0.618527 0.298527
vt 0.617395 0.303139
vt 0.611760 0.301604
vt 0.612592 0.297948
vt 0.606875 0.300019
vt 0.607735 0.297520
vt 0.388240 0.301604
vt 0.393126 0.300019
vt 0.381473 0.298527
vt 0.387408 0.297948
vt 0.392265 0.297520
vt 0.615600 0.287396
vt 0.612342 0.293738
vt 0.610434 0.289223
vt 0.607360 0.294368
vt 0.606985 0.291216
vt 0.387658 0.293738
vt 0.392640 0.294368
vt 0.384400 0.287396
vt 0.389566 0.289223
vt 0.393015 0.291216
vt 0.603396 0.276967
vt 0.610204 0.281797
vt 0.606068 0.284691
vt 0.600570 0.280754
vt 0.602630 0.287150
vt 0.598275 0.283083
vt 0.393932 0.284691
vt 0.397370 0.287150
vt 0.389796 0.281797
vt 0.396604 0.276967
vt 0.399431 0.280754
vt 0.401725 0.283083
vt 0.588859 0.272504
vt 0.595045 0.278155
vt 0.588879 0.277316
vt 0.594071 0.281625
vt 0.589866 0.280167
vt 0.404955 0.278155
vt 0.405930 0.281625
vt 0.411141 0.272504
vt 0.411121 0.277316
vt 0.410134 0.280167
vt 0.581435 0.278749
vt 0.574611 0.281370
vt 0.583109 0.282396
vt 0.576352 0.284624
vt 0.418565 0.278749
vt 0.416891 0.282396
vt 0.420299 0.274212
vt 0.428694 0.277459
vt 0.425389 0.281370
vt 0.423648 0.284624
vt 0.562735 0.284843
vt 0.565889 0.280939
vt 0.570436 0.284278
vt 0.568093 0.287503
vt 0.574592 0.287270
vt 0.572831 0.289915
vt 0.429564 0.284278
vt 0.425409 0.287270
vt 0.434111 0.280939
vt 0.437265 0.284843
vt 0.431908 0.287503
vt 0.427169 0.289915
vt 0.571378 0.309615
vt 0.562571 0.307583
vt 0.568682 0.305146
vt 0.573307 0.303342
vt 0.575961 0.306368
vt 0.426693 0.303342
vt 0.431318 0.305146
vt 0.428622 0.309615
vt 0.424039 0.306368
vt 0.434009 0.313526
vt 0.560482 0.301287
vt 0.567064 0.300316
vt 0.559849 0.295168
vt 0.566435 0.295569
vt 0.572447 0.295716
vt 0.572877 0.299529
vt 0.427553 0.295716
vt 0.433565 0.295569
vt 0.432936 0.300316
vt 0.427123 0.299529
vt 0.440151 0.295167
vt 0.439518 0.301287
vt 0.560698 0.289608
vt 0.566813 0.291277
vt 0.572639 0.292816
vt 0.433187 0.291277
vt 0.427361 0.292816
vt 0.439302 0.289608
vt 0.500000 0.385190
vt 0.516777 0.386408
vt 0.515821 0.407158
vt 0.500000 0.406602
vt 0.534083 0.408694
vt 0.529647 0.428636
vt 0.514824 0.428636
vt 0.500000 0.428636
vt 0.470353 0.428636
vt 0.465917 0.408694
vt 0.484179 0.407158
vt 0.485177 0.428636
vt 0.464549 0.389613
vt 0.483223 0.386408
vt 0.500000 0.385190
vt 0.500000 0.406602
vt 0.556832 0.410758
vt 0.579371 0.411732
vt 0.584616 0.428636
vt 0.557132 0.428636
vt 0.415384 0.428636
vt 0.420629 0.411732
vt 0.443168 0.410758
vt 0.442869 0.428636
vt 0.423122 0.396871
vt 0.443229 0.393828
vt 0.592336 0.396552
vt 0.597451 0.409604
vt 0.605977 0.391859
vt 0.614009 0.403636
vt 0.622301 0.417889
vt 0.603459 0.423263
vt 0.377699 0.417889
vt 0.385991 0.403636
vt 0.402549 0.409604
vt 0.396542 0.423263
vt 0.394023 0.391859
vt 0.621281 0.382365
vt 0.632196 0.392698
vt 0.638037 0.368810
vt 0.651056 0.377824
vt 0.666214 0.388954
vt 0.644258 0.403422
vt 0.333786 0.388954
vt 0.348944 0.377824
vt 0.367804 0.392698
vt 0.355743 0.403422
vt 0.361963 0.368810
vt 0.378719 0.382365
vt 0.654804 0.352697
vt 0.668651 0.359772
vt 0.668910 0.337433
vt 0.683067 0.342199
vt 0.701481 0.344467
vt 0.683848 0.366711
vt 0.298519 0.344467
vt 0.316933 0.342199
vt 0.331349 0.359772
vt 0.316153 0.366711
vt 0.345196 0.352697
vt 0.678116 0.325251
vt 0.691871 0.327820
vt 0.683144 0.311805
vt 0.696460 0.312029
vt 0.712163 0.315527
vt 0.706822 0.329997
vt 0.287837 0.315527
vt 0.303540 0.312029
vt 0.308129 0.327820
vt 0.293178 0.329997
vt 0.316856 0.311805
vt 0.321884 0.325251
vt 0.684695 0.293078
vt 0.697063 0.290249
vt 0.680447 0.272960
vt 0.691932 0.267652
vt 0.707131 0.260944
vt 0.711922 0.285952
vt 0.292869 0.260944
vt 0.308068 0.267652
vt 0.302937 0.290249
vt 0.288078 0.285952
vt 0.319553 0.272960
vt 0.680447 0.272960
vt 0.668706 0.255950
vt 0.679719 0.248846
vt 0.691932 0.267652
vt 0.653327 0.241076
vt 0.664000 0.232869
vt 0.680510 0.223515
vt 0.695919 0.240630
vt 0.707131 0.260944
vt 0.319490 0.223515
vt 0.336000 0.232869
vt 0.320281 0.248846
vt 0.304081 0.240630
vt 0.292869 0.260944
vt 0.653327 0.241076
vt 0.638208 0.226314
vt 0.648351 0.217657
vt 0.664000 0.232869
vt 0.631526 0.202031
vt 0.640218 0.189271
vt 0.663164 0.207287
vt 0.680510 0.223515
vt 0.359782 0.189271
vt 0.368474 0.202031
vt 0.351649 0.217657
vt 0.336836 0.207287
vt 0.378129 0.210918
vt 0.336000 0.232869
vt 0.319490 0.223515
vt 0.603553 0.023452
vt 0.614341 0.026457
vt 0.614876 0.047507
vt 0.597975 0.040208
vt 0.625128 0.029461
vt 0.628764 0.053341
vt 0.627643 0.076039
vt 0.613032 0.067150
vt 0.595852 0.057066
vt 0.372357 0.076039
vt 0.371236 0.053341
vt 0.385124 0.047507
vt 0.386968 0.067150
vt 0.374872 0.029461
vt 0.385660 0.026457
vt 0.396447 0.023452
vt 0.402025 0.040208
vt 0.404148 0.057066
vt 0.546781 0.009442
vt 0.575167 0.016447
vt 0.576080 0.033087
vt 0.553169 0.029708
vt 0.576419 0.048510
vt 0.557078 0.043913
vt 0.423920 0.033087
vt 0.423581 0.048510
vt 0.424833 0.016447
vt 0.453219 0.009442
vt 0.446832 0.029708
vt 0.442923 0.043913
vt 0.500000 0.033223
vt 0.523391 0.021333
vt 0.533089 0.033671
vt 0.518423 0.041365
vt 0.540487 0.044770
vt 0.528540 0.049111
vt 0.466911 0.033671
vt 0.459513 0.044770
vt 0.476610 0.021333
vt 0.481578 0.041365
vt 0.471460 0.049111
vt 0.519161 0.059644
vt 0.512270 0.049564
vt 0.522160 0.054442
vt 0.500000 0.055045
vt 0.500000 0.046920
vt 0.518422 0.041365
vt 0.528540 0.049111
vt 0.500000 0.046920
vt 0.487730 0.049564
vt 0.489666 0.056549
vt 0.480839 0.059644
vt 0.477840 0.054442
vt 0.471460 0.049111
vt 0.525404 0.062574
vt 0.528986 0.058878
vt 0.534133 0.062215
vt 0.534799 0.055696
vt 0.537892 0.059801
vt 0.471015 0.058878
vt 0.465201 0.055696
vt 0.470278 0.065076
vt 0.465867 0.062215
vt 0.462108 0.059801
vt 0.533252 0.067508
vt 0.539759 0.064742
vt 0.546967 0.068559
vt 0.544721 0.060943
vt 0.555423 0.064317
vt 0.460241 0.064742
vt 0.455279 0.060943
vt 0.466748 0.067508
vt 0.462693 0.071208
vt 0.453033 0.068559
vt 0.444577 0.064317
vt 0.550228 0.087584
vt 0.556076 0.075514
vt 0.566198 0.085873
vt 0.546967 0.068559
vt 0.568316 0.071381
vt 0.581580 0.081806
vt 0.444577 0.064317
vt 0.453033 0.068559
vt 0.443924 0.075514
vt 0.431684 0.071381
vt 0.462693 0.071208
vt 0.457030 0.077612
vt 0.449772 0.087584
vt 0.433802 0.085873
vt 0.418420 0.081806
vt 0.558471 0.055810
vt 0.574686 0.061954
vt 0.568316 0.071381
vt 0.557078 0.043913
vt 0.576419 0.048510
vt 0.595852 0.057066
vt 0.591230 0.071750
vt 0.581580 0.081806
vt 0.404148 0.057066
vt 0.423581 0.048510
vt 0.425314 0.061954
vt 0.408770 0.071750
vt 0.442923 0.043913
vt 0.441529 0.055810
vt 0.444577 0.064317
vt 0.431684 0.071381
vt 0.544733 0.054173
vt 0.558471 0.055810
vt 0.540487 0.044770
vt 0.557077 0.043913
vt 0.471460 0.049111
vt 0.465201 0.055696
vt 0.455267 0.054173
vt 0.459513 0.044770
vt 0.441529 0.055810
vt 0.442923 0.043913
vt 0.603014 0.107106
vt 0.593460 0.094491
vt 0.606073 0.083524
vt 0.618415 0.094631
vt 0.591230 0.071750
vt 0.595852 0.057066
vt 0.627643 0.076039
vt 0.408770 0.071750
vt 0.393928 0.083524
vt 0.386968 0.067150
vt 0.406540 0.094491
vt 0.396986 0.107106
vt 0.381585 0.094631
vt 0.566506 0.115790
vt 0.558560 0.101176
vt 0.576143 0.099079
vt 0.584671 0.112786
vt 0.423857 0.099079
vt 0.441440 0.101176
vt 0.415329 0.112786
vt 0.576793 0.139604
vt 0.594692 0.135608
vt 0.595232 0.145343
vt 0.619526 0.131413
vt 0.613814 0.147475
vt 0.608571 0.156991
vt 0.594446 0.153738
vt 0.580098 0.157660
vt 0.391429 0.156991
vt 0.386186 0.147475
vt 0.404768 0.145343
vt 0.405554 0.153738
vt 0.380474 0.131413
vt 0.405309 0.135608
vt 0.420933 0.148796
vt 0.590872 0.124854
vt 0.572662 0.128735
vt 0.603014 0.107106
vt 0.610264 0.118077
vt 0.389737 0.118077
vt 0.409128 0.124854
vt 0.396986 0.107106
vt 0.415329 0.112786
vt 0.433494 0.115790
vt 0.427338 0.128735
vt 0.587974 0.179933
vt 0.581441 0.167678
vt 0.594548 0.161813
vt 0.599872 0.172169
vt 0.608571 0.156991
vt 0.605394 0.163427
vt 0.606804 0.170410
vt 0.391429 0.156991
vt 0.405554 0.153738
vt 0.405452 0.161813
vt 0.394606 0.163427
vt 0.419902 0.157660
vt 0.418559 0.167678
vt 0.412026 0.179933
vt 0.400129 0.172169
vt 0.393196 0.170410
vt 0.599871 0.172169
vt 0.613478 0.186173
vt 0.603208 0.194887
vt 0.617927 0.179213
vt 0.621871 0.210918
vt 0.382073 0.179213
vt 0.386522 0.186173
vt 0.368474 0.202031
vt 0.400129 0.172169
vt 0.922374 0.064228
vt 0.891623 0.097679
vt 0.867108 0.077870
vt 0.891858 0.045729
vt 0.865466 0.119496
vt 0.847946 0.103808
vt 0.826331 0.095429
vt 0.839593 0.065176
vt 0.861342 0.027230
vt 0.173669 0.095429
vt 0.152054 0.103808
vt 0.132892 0.077870
vt 0.160407 0.065176
vt 0.134534 0.119496
vt 0.108377 0.097679
vt 0.077626 0.064228
vt 0.108142 0.045729
vt 0.138658 0.027230
vt 0.805710 0.056486
vt 0.817973 0.019034
vt 0.797985 0.088803
vt 0.761146 0.084697
vt 0.763901 0.051956
vt 0.774604 0.010837
vt 0.238854 0.084697
vt 0.202015 0.088803
vt 0.194290 0.056486
vt 0.236099 0.051956
vt 0.182027 0.019034
vt 0.225396 0.010837
vt 0.713213 0.053480
vt 0.710807 0.019777
vt 0.716002 0.085063
vt 0.667831 0.090156
vt 0.667508 0.056654
vt 0.647010 0.028716
vt 0.332169 0.090156
vt 0.283998 0.085063
vt 0.286787 0.053481
vt 0.332492 0.056654
vt 0.289193 0.019777
vt 0.352990 0.028716
vt 0.642878 0.056331
vt 0.636069 0.029089
vt 0.641743 0.082147
vt 0.627643 0.076039
vt 0.372357 0.076039
vt 0.358257 0.082147
vt 0.357122 0.056331
vt 0.371236 0.053341
vt 0.363931 0.029089
vt 0.618415 0.094631
vt 0.628797 0.103314
vt 0.627643 0.076039
vt 0.641743 0.082147
vt 0.641528 0.112416
vt 0.358257 0.082147
vt 0.371203 0.103314
vt 0.358473 0.112416
vt 0.381585 0.094631
vt 0.695919 0.240630
vt 0.721073 0.229737
vt 0.729848 0.251395
vt 0.706670 0.210875
vt 0.740018 0.196440
vt 0.747508 0.219460
vt 0.753510 0.241834
vt 0.259983 0.196440
vt 0.293330 0.210875
vt 0.278927 0.229737
vt 0.252493 0.219460
vt 0.304081 0.240630
vt 0.270152 0.251395
vt 0.246491 0.241834
vt 0.987633 0.154243
vt 0.934704 0.168068
vt 0.915197 0.129091
vt 0.955004 0.109236
vt 0.896128 0.177540
vt 0.881994 0.144724
vt 0.118006 0.144724
vt 0.084803 0.129091
vt 0.103873 0.177540
vt 0.065297 0.168068
vt 0.012367 0.154243
vt 0.044997 0.109236
vt 0.899807 0.420886
vt 0.868892 0.382737
vt 0.896250 0.358417
vt 0.929385 0.389136
vt 0.845385 0.349477
vt 0.869249 0.330320
vt 0.887250 0.308014
vt 0.918638 0.329726
vt 0.958963 0.357385
vt 0.112750 0.308014
vt 0.130751 0.330319
vt 0.103750 0.358417
vt 0.081362 0.329726
vt 0.154615 0.349477
vt 0.131108 0.382737
vt 0.100193 0.420886
vt 0.070615 0.389136
vt 0.041037 0.357385
vt 0.935976 0.294352
vt 0.979412 0.305458
vt 0.900585 0.282038
vt 0.907259 0.251051
vt 0.946139 0.254228
vt 0.999860 0.253531
vt 0.092741 0.251051
vt 0.099415 0.282038
vt 0.064024 0.294352
vt 0.053861 0.254228
vt 0.020589 0.305458
vt 0.000140 0.253531
vt 0.945040 0.211094
vt 0.993747 0.203887
vt 0.905311 0.214719
vt 0.094689 0.214719
vt 0.054960 0.211094
vt 0.006254 0.203887
vt 0.724763 0.340212
vt 0.718463 0.327870
vt 0.737667 0.319613
vt 0.745142 0.334808
vt 0.732597 0.303068
vt 0.753053 0.294290
vt 0.758828 0.310611
vt 0.767386 0.325333
vt 0.246947 0.294290
vt 0.267403 0.303068
vt 0.262333 0.319613
vt 0.241172 0.310611
vt 0.281537 0.327870
vt 0.275237 0.340212
vt 0.254858 0.334808
vt 0.232614 0.325333
vt 0.767386 0.325333
vt 0.782964 0.300147
vt 0.793667 0.314387
vt 0.753053 0.294290
vt 0.774593 0.284658
vt 0.794728 0.273645
vt 0.806104 0.288188
vt 0.819032 0.301906
vt 0.205272 0.273645
vt 0.225407 0.284658
vt 0.217036 0.300147
vt 0.193896 0.288188
vt 0.246947 0.294290
vt 0.232614 0.325333
vt 0.206333 0.314387
vt 0.180968 0.301906
vt 0.824058 0.274889
vt 0.838248 0.287622
vt 0.810902 0.261307
vt 0.822856 0.248111
vt 0.836824 0.260438
vt 0.851701 0.271726
vt 0.177144 0.248111
vt 0.189098 0.261307
vt 0.175943 0.274889
vt 0.163176 0.260438
vt 0.161752 0.287622
vt 0.148299 0.271726
vt 0.851701 0.271726
vt 0.836824 0.260438
vt 0.845020 0.244939
vt 0.860550 0.254189
vt 0.830972 0.234937
vt 0.835584 0.224788
vt 0.847283 0.227859
vt 0.863440 0.233646
vt 0.164416 0.224788
vt 0.169028 0.234937
vt 0.154980 0.244939
vt 0.152717 0.227859
vt 0.177144 0.248111
vt 0.163176 0.260438
vt 0.148299 0.271726
vt 0.139450 0.254189
vt 0.136560 0.233646
vt 0.813499 0.190705
vt 0.833095 0.188120
vt 0.842088 0.208196
vt 0.827882 0.210681
vt 0.850889 0.184430
vt 0.859324 0.209358
vt 0.863440 0.233646
vt 0.847283 0.227859
vt 0.136560 0.233646
vt 0.140676 0.209358
vt 0.157912 0.208196
vt 0.152717 0.227859
vt 0.149111 0.184430
vt 0.166905 0.188120
vt 0.186501 0.190705
vt 0.172118 0.210681
vt 0.896128 0.177540
vt 0.905312 0.214719
vt 0.878484 0.212918
vt 0.869955 0.181958
vt 0.907259 0.251051
vt 0.881569 0.242801
vt 0.863440 0.233646
vt 0.859324 0.209358
vt 0.850889 0.184430
vt 0.118431 0.242801
vt 0.121516 0.212918
vt 0.140676 0.209358
vt 0.092741 0.251051
vt 0.094689 0.214719
vt 0.103873 0.177540
vt 0.130045 0.181958
vt 0.149111 0.184430
vt 0.900585 0.282038
vt 0.877160 0.267497
vt 0.887250 0.308014
vt 0.866656 0.287999
vt 0.851701 0.271726
vt 0.860550 0.254189
vt 0.133344 0.287999
vt 0.122840 0.267497
vt 0.139450 0.254189
vt 0.112750 0.308014
vt 0.099415 0.282038
vt 0.851578 0.306157
vt 0.845385 0.349477
vt 0.830477 0.322131
vt 0.819032 0.301906
vt 0.180968 0.301906
vt 0.169523 0.322131
vt 0.148422 0.306157
vt 0.161752 0.287623
vt 0.154615 0.349477
vt 0.130751 0.330320
vt 0.815480 0.365643
vt 0.802870 0.335762
vt 0.786623 0.378317
vt 0.775112 0.347298
vt 0.767386 0.325333
vt 0.224889 0.347298
vt 0.197130 0.335762
vt 0.206333 0.314387
vt 0.213377 0.378317
vt 0.184520 0.365643
vt 0.744519 0.390057
vt 0.734641 0.365135
vt 0.753141 0.357000
vt 0.765006 0.387000
vt 0.775112 0.347298
vt 0.786623 0.378317
vt 0.246859 0.357000
vt 0.224889 0.347298
vt 0.265359 0.365135
vt 0.255481 0.390057
vt 0.234994 0.387000
vt 0.824765 0.470987
vt 0.805821 0.418213
vt 0.836442 0.403275
vt 0.862286 0.445937
vt 0.815480 0.365643
vt 0.184520 0.365643
vt 0.163558 0.403275
vt 0.194179 0.418213
vt 0.175235 0.470987
vt 0.137714 0.445937
vt 0.792141 0.464714
vt 0.767161 0.463129
vt 0.751374 0.437427
vt 0.767752 0.429309
vt 0.742181 0.461543
vt 0.734518 0.447059
vt 0.726855 0.432574
vt 0.735687 0.411316
vt 0.273145 0.432574
vt 0.265482 0.447059
vt 0.248626 0.437427
vt 0.264313 0.411316
vt 0.257819 0.461543
vt 0.232839 0.463129
vt 0.207859 0.464714
vt 0.232249 0.429309
vt 0.767752 0.429309
vt 0.783978 0.424258
vt 0.800333 0.458122
vt 0.216022 0.424258
vt 0.232249 0.429309
vt 0.199667 0.458122
vt 0.795638 0.489991
vt 0.793890 0.477353
vt 0.802960 0.473750
vt 0.810202 0.480489
vt 0.800333 0.458122
vt 0.810202 0.480489
vt 0.800333 0.458122
vt 0.197040 0.473750
vt 0.189799 0.480489
vt 0.206111 0.477353
vt 0.204362 0.489991
vt 0.206111 0.477353
vt 0.731910 0.278001
vt 0.753356 0.269191
vt 0.268090 0.278001
vt 0.246644 0.269191
vt 0.753510 0.241834
vt 0.771186 0.234649
vt 0.772378 0.260909
vt 0.753356 0.269191
vt 0.785607 0.225047
vt 0.788532 0.251830
vt 0.794728 0.273645
vt 0.774593 0.284658
vt 0.205272 0.273645
vt 0.211468 0.251830
vt 0.227622 0.260909
vt 0.214393 0.225047
vt 0.228814 0.234649
vt 0.246491 0.241834
vt 0.246644 0.269191
vt 0.797150 0.219961
vt 0.801747 0.241119
vt 0.802950 0.203415
vt 0.811700 0.228910
vt 0.822856 0.248111
vt 0.188300 0.228910
vt 0.198253 0.241119
vt 0.189098 0.261307
vt 0.197050 0.203415
vt 0.202850 0.219961
vt 0.827882 0.210681
vt 0.819264 0.218244
vt 0.808225 0.197060
vt 0.830972 0.234937
vt 0.177144 0.248111
vt 0.180736 0.218244
vt 0.188300 0.228910
vt 0.172118 0.210681
vt 0.191776 0.197060
vt 0.716002 0.085063
vt 0.722702 0.112664
vt 0.683158 0.117844
vt 0.761146 0.084697
vt 0.762807 0.110868
vt 0.767097 0.133044
vt 0.732138 0.137866
vt 0.689580 0.148245
vt 0.232904 0.133044
vt 0.237193 0.110868
vt 0.277298 0.112664
vt 0.267863 0.137866
vt 0.238854 0.084697
vt 0.283998 0.085063
vt 0.316842 0.117844
vt 0.310420 0.148245
vt 0.716478 0.174594
vt 0.745720 0.160891
vt 0.759568 0.177894
vt 0.732138 0.137866
vt 0.767097 0.133044
vt 0.772483 0.153402
vt 0.780113 0.169386
vt 0.254280 0.160891
vt 0.227517 0.153402
vt 0.283522 0.174594
vt 0.240432 0.177894
vt 0.219887 0.169386
vt 0.687300 0.191929
vt 0.663866 0.173159
vt 0.336135 0.173159
vt 0.312700 0.191929
vt 0.624964 0.169041
vt 0.637763 0.157591
vt 0.649717 0.139803
vt 0.386187 0.147475
vt 0.362238 0.157591
vt 0.350283 0.139803
vt 0.391429 0.156991
vt 0.375036 0.169041
vt 0.656629 0.122976
vt 0.649717 0.139803
vt 0.683158 0.117844
vt 0.683158 0.117844
vt 0.343371 0.122976
vt 0.358473 0.112416
vt 0.358473 0.112416
vt 0.617927 0.179213
vt 0.615823 0.170880
vt 0.624964 0.169041
vt 0.605394 0.163427
vt 0.605394 0.163427
vt 0.394606 0.163427
vt 0.384177 0.170880
vt 0.394606 0.163427
vt 0.375036 0.169041
vt 0.382074 0.179213
vt 0.808644 0.180943
vt 0.824462 0.171350
vt 0.833095 0.188120
vt 0.803789 0.171181
vt 0.813087 0.158813
vt 0.825784 0.140699
vt 0.840739 0.162092
vt 0.850890 0.184430
vt 0.174216 0.140699
vt 0.186913 0.158813
vt 0.175538 0.171350
vt 0.159261 0.162092
vt 0.196211 0.171181
vt 0.191356 0.180943
vt 0.166905 0.188120
vt 0.869955 0.181958
vt 0.858660 0.154629
vt 0.840739 0.162092
vt 0.846783 0.132955
vt 0.141340 0.154629
vt 0.153217 0.132955
vt 0.130045 0.181958
vt 0.795122 0.153023
vt 0.791951 0.170284
vt 0.797272 0.134276
vt 0.813087 0.158813
vt 0.202728 0.134276
vt 0.204878 0.153023
vt 0.208049 0.170284
vt 0.797985 0.088803
vt 0.796426 0.113704
vt 0.826331 0.095429
vt 0.822278 0.117915
vt 0.177722 0.117915
vt 0.203574 0.113704
vt 0.173669 0.095429
vt 0.865466 0.119496
vt 0.838413 0.119035
vt 0.822278 0.117915
vt 0.846783 0.132955
vt 0.826331 0.095429
vt 0.847946 0.103808
vt 0.173669 0.095429
vt 0.177722 0.117915
vt 0.161587 0.119035
vt 0.152054 0.103808
vt 0.153217 0.132955
vt 0.177722 0.117915
vt 0.134534 0.119496
vt 0.153217 0.132955
vt 0.574628 0.959188
vt 0.519572 0.959188
vt 0.516045 0.922936
vt 0.561802 0.915652
vt 0.464516 0.959188
vt 0.474551 0.920758
vt 0.478397 0.891177
vt 0.511865 0.891435
vt 0.546486 0.884398
vt 0.271829 0.891177
vt 0.275675 0.920758
vt 0.234181 0.922936
vt 0.238361 0.891435
vt 0.285710 0.959188
vt 0.230654 0.959188
vt 0.175598 0.959188
vt 0.188424 0.915652
vt 0.203740 0.884398
vt 0.561802 0.915652
vt 0.609269 0.895978
vt 0.645261 0.928129
vt 0.579383 0.869204
vt 0.602918 0.845870
vt 0.644486 0.864912
vt 0.715894 0.897069
vt 0.147308 0.845870
vt 0.170843 0.869204
vt 0.140958 0.895978
vt 0.105740 0.864912
vt 0.188424 0.915652
vt 0.104965 0.928129
vt 0.034332 0.897069
vt 0.651095 0.821545
vt 0.699884 0.827040
vt 0.610634 0.815930
vt 0.605563 0.786110
vt 0.640167 0.779387
vt 0.683874 0.757011
vt 0.144664 0.786110
vt 0.139592 0.815930
vt 0.099131 0.821545
vt 0.110059 0.779387
vt 0.050342 0.827040
vt 0.066352 0.757011
vt 0.619586 0.751802
vt 0.642922 0.736745
vt 0.592711 0.762554
vt 0.575509 0.743899
vt 0.596736 0.732188
vt 0.616494 0.718829
vt 0.174717 0.743899
vt 0.157515 0.762554
vt 0.130640 0.751802
vt 0.153490 0.732188
vt 0.107304 0.736745
vt 0.133732 0.718829
vt 0.596736 0.732188
vt 0.574099 0.714494
vt 0.592767 0.700818
vt 0.556364 0.727394
vt 0.535174 0.712262
vt 0.550439 0.697425
vt 0.568762 0.682226
vt 0.215052 0.712262
vt 0.193862 0.727394
vt 0.176127 0.714494
vt 0.199788 0.697425
vt 0.174717 0.743899
vt 0.153490 0.732188
vt 0.133732 0.718829
vt 0.157460 0.700818
vt 0.181464 0.682226
vt 0.523844 0.680612
vt 0.542017 0.662681
vt 0.511127 0.698351
vt 0.483059 0.686046
vt 0.492106 0.663910
vt 0.509951 0.641511
vt 0.267167 0.686046
vt 0.239099 0.698351
vt 0.226383 0.680612
vt 0.258121 0.663910
vt 0.208209 0.662681
vt 0.240275 0.641510
vt 0.523035 0.725478
vt 0.502570 0.713953
vt 0.513367 0.736876
vt 0.496558 0.727138
vt 0.478437 0.719479
vt 0.479512 0.704615
vt 0.271789 0.719479
vt 0.253668 0.727138
vt 0.247656 0.713953
vt 0.270714 0.704615
vt 0.236859 0.736876
vt 0.227191 0.725478
vt 0.556793 0.753282
vt 0.541105 0.738607
vt 0.541246 0.760746
vt 0.528405 0.748145
vt 0.221821 0.748145
vt 0.209121 0.738607
vt 0.208980 0.760746
vt 0.193433 0.753282
vt 0.605562 0.786110
vt 0.578305 0.788819
vt 0.569742 0.769732
vt 0.592711 0.762554
vt 0.557492 0.789842
vt 0.551327 0.774608
vt 0.198899 0.774608
vt 0.180484 0.769732
vt 0.192734 0.789842
vt 0.171921 0.788819
vt 0.144664 0.786110
vt 0.157515 0.762554
vt 0.602918 0.845870
vt 0.573835 0.831938
vt 0.580442 0.810681
vt 0.610634 0.815930
vt 0.553278 0.821575
vt 0.558490 0.806171
vt 0.191736 0.806171
vt 0.169784 0.810681
vt 0.196948 0.821575
vt 0.176391 0.831938
vt 0.147308 0.845870
vt 0.139592 0.815930
vt 0.546486 0.884398
vt 0.534023 0.860442
vt 0.557245 0.848936
vt 0.579383 0.869204
vt 0.524733 0.842213
vt 0.541426 0.833901
vt 0.208800 0.833901
vt 0.192981 0.848936
vt 0.225493 0.842213
vt 0.216203 0.860442
vt 0.203740 0.884398
vt 0.546486 0.884398
vt 0.511865 0.891435
vt 0.508191 0.866036
vt 0.534023 0.860442
vt 0.478397 0.891177
vt 0.481859 0.866134
vt 0.485167 0.845417
vt 0.505421 0.846022
vt 0.524733 0.842213
vt 0.265059 0.845417
vt 0.268367 0.866134
vt 0.242035 0.866036
vt 0.244805 0.846022
vt 0.271829 0.891177
vt 0.238361 0.891435
vt 0.216203 0.860442
vt 0.225493 0.842213
vt 0.759568 0.177894
vt 0.770332 0.184676
vt 0.763030 0.197103
vt 0.783132 0.175257
vt 0.786150 0.181127
vt 0.777626 0.186156
vt 0.774208 0.194778
vt 0.213850 0.181127
vt 0.216869 0.175257
vt 0.229668 0.184676
vt 0.222374 0.186156
vt 0.240432 0.177894
vt 0.236970 0.197103
vt 0.225792 0.194778
vt 0.408153 0.587507
vt 0.469381 0.617758
vt 0.453411 0.647273
vt 0.408882 0.630765
vt 0.509951 0.641510
vt 0.492105 0.663910
vt 0.483059 0.686046
vt 0.450049 0.676375
vt 0.409610 0.674022
vt 0.267167 0.686046
vt 0.296815 0.647273
vt 0.300177 0.676375
vt 0.240275 0.641510
vt 0.280845 0.617758
vt 0.342073 0.587507
vt 0.341345 0.630765
vt 0.340616 0.674022
vt 0.765874 0.213520
vt 0.771186 0.234649
vt 0.777530 0.207879
vt 0.234126 0.213520
vt 0.222470 0.207879
vt 0.228814 0.234649
vt 0.400301 0.910556
vt 0.407228 0.894437
vt 0.439551 0.909525
vt 0.432409 0.934872
vt 0.414155 0.878318
vt 0.447072 0.885130
vt 0.478397 0.891177
vt 0.474551 0.920758
vt 0.271829 0.891177
vt 0.303154 0.885131
vt 0.310675 0.909525
vt 0.275675 0.920758
vt 0.336071 0.878318
vt 0.342998 0.894437
vt 0.349925 0.910556
vt 0.317818 0.934872
vt 0.479512 0.704615
vt 0.454406 0.698551
vt 0.450049 0.676375
vt 0.460003 0.714724
vt 0.444369 0.714480
vt 0.432071 0.698602
vt 0.305857 0.714480
vt 0.290223 0.714724
vt 0.295820 0.698551
vt 0.318155 0.698602
vt 0.270714 0.704615
vt 0.430148 0.728711
vt 0.415721 0.720660
vt 0.419682 0.707193
vt 0.434438 0.719796
vt 0.392812 0.710774
vt 0.401211 0.692398
vt 0.432071 0.698602
vt 0.444369 0.714480
vt 0.349015 0.692398
vt 0.330544 0.707194
vt 0.318155 0.698602
vt 0.357414 0.710774
vt 0.334505 0.720660
vt 0.320078 0.728711
vt 0.315788 0.719796
vt 0.305857 0.714480
vt 0.423608 0.756432
vt 0.411463 0.743520
vt 0.420204 0.736114
vt 0.427559 0.748080
vt 0.415721 0.720660
vt 0.430148 0.728711
vt 0.430302 0.738481
vt 0.431951 0.745678
vt 0.334505 0.720660
vt 0.330022 0.736114
vt 0.319924 0.738481
vt 0.338763 0.743520
vt 0.326618 0.756432
vt 0.322667 0.748080
vt 0.318275 0.745678
vt 0.427743 0.795436
vt 0.412294 0.802298
vt 0.409195 0.769765
vt 0.423542 0.773857
vt 0.391578 0.815187
vt 0.392195 0.762981
vt 0.358031 0.762981
vt 0.341031 0.769765
vt 0.358648 0.815187
vt 0.337932 0.802298
vt 0.322483 0.795436
vt 0.326684 0.773857
vt 0.402867 0.846753
vt 0.420886 0.829514
vt 0.435134 0.849876
vt 0.412294 0.802298
vt 0.427743 0.795436
vt 0.436040 0.815125
vt 0.448675 0.830507
vt 0.337932 0.802298
vt 0.329340 0.829514
vt 0.314186 0.815125
vt 0.347360 0.846753
vt 0.315092 0.849876
vt 0.301551 0.830507
vt 0.447072 0.885131
vt 0.456683 0.861151
vt 0.481859 0.866134
vt 0.465599 0.840461
vt 0.485167 0.845417
vt 0.293543 0.861151
vt 0.284627 0.840461
vt 0.303154 0.885131
vt 0.268367 0.866134
vt 0.265059 0.845417
vt 0.791773 0.206854
vt 0.797593 0.206598
vt 0.797710 0.195652
vt 0.800145 0.197705
vt 0.802580 0.199758
vt 0.802765 0.201587
vt 0.197420 0.199758
vt 0.199855 0.197705
vt 0.202407 0.206598
vt 0.197235 0.201587
vt 0.202290 0.195652
vt 0.208228 0.206854
vt 0.202850 0.219961
vt 0.786094 0.199471
vt 0.791773 0.206854
vt 0.782492 0.190815
vt 0.789609 0.184671
vt 0.793660 0.190162
vt 0.210391 0.184671
vt 0.217508 0.190815
vt 0.213906 0.199471
vt 0.206341 0.190162
vt 0.208228 0.206854
vt 0.774208 0.194778
vt 0.782271 0.186127
vt 0.787880 0.182899
vt 0.777626 0.186156
vt 0.782492 0.190815
vt 0.787880 0.182899
vt 0.212121 0.182899
vt 0.217730 0.186127
vt 0.217508 0.190815
vt 0.222374 0.186156
vt 0.212121 0.182899
vt 0.225792 0.194778
vt 0.217508 0.190815
vt 0.222374 0.186156
vt 0.465599 0.840461
vt 0.472511 0.824106
vt 0.487963 0.828981
vt 0.458652 0.815659
vt 0.466180 0.803889
vt 0.477937 0.811208
vt 0.490554 0.816033
vt 0.284046 0.803889
vt 0.291574 0.815659
vt 0.277715 0.824106
vt 0.272289 0.811208
vt 0.301551 0.830507
vt 0.262263 0.828981
vt 0.259672 0.816033
vt 0.436040 0.815125
vt 0.447530 0.803765
vt 0.427743 0.795436
vt 0.439422 0.789579
vt 0.448088 0.783689
vt 0.456118 0.794388
vt 0.302138 0.783689
vt 0.310804 0.789579
vt 0.302697 0.803765
vt 0.294108 0.794388
vt 0.322483 0.795436
vt 0.314186 0.815125
vt 0.423542 0.773857
vt 0.434430 0.774883
vt 0.432908 0.762868
vt 0.438903 0.765722
vt 0.442266 0.773174
vt 0.448088 0.783689
vt 0.311323 0.765722
vt 0.317318 0.762868
vt 0.315796 0.774883
vt 0.307960 0.773174
vt 0.310804 0.789579
vt 0.302138 0.783689
vt 0.427559 0.748080
vt 0.434934 0.755645
vt 0.437813 0.750373
vt 0.444880 0.756293
vt 0.441639 0.761612
vt 0.305346 0.756293
vt 0.312414 0.750373
vt 0.315292 0.755645
vt 0.308587 0.761612
vt 0.322667 0.748080
vt 0.439277 0.743779
vt 0.441036 0.736364
vt 0.450156 0.743396
vt 0.447517 0.750025
vt 0.300070 0.743396
vt 0.309190 0.736364
vt 0.310949 0.743780
vt 0.302709 0.750025
vt 0.434438 0.719796
vt 0.445033 0.729698
vt 0.444369 0.714480
vt 0.452267 0.725889
vt 0.456628 0.732950
vt 0.453480 0.737248
vt 0.293598 0.732950
vt 0.297959 0.725889
vt 0.305193 0.729698
vt 0.296746 0.737248
vt 0.315788 0.719796
vt 0.460003 0.714724
vt 0.463534 0.726810
vt 0.478437 0.719479
vt 0.477300 0.731314
vt 0.475253 0.740887
vt 0.464370 0.735905
vt 0.274973 0.740887
vt 0.272926 0.731314
vt 0.286692 0.726810
vt 0.285856 0.735905
vt 0.271789 0.719479
vt 0.505421 0.846021
vt 0.503644 0.830386
vt 0.518173 0.828287
vt 0.487963 0.828981
vt 0.490554 0.816033
vt 0.503021 0.818250
vt 0.514138 0.817861
vt 0.259672 0.816033
vt 0.262263 0.828981
vt 0.246582 0.830386
vt 0.247205 0.818250
vt 0.244805 0.846021
vt 0.225493 0.842213
vt 0.232053 0.828287
vt 0.236088 0.817861
vt 0.553278 0.821575
vt 0.530198 0.822686
vt 0.538533 0.813905
vt 0.522718 0.814756
vt 0.528105 0.808602
vt 0.220028 0.822686
vt 0.227508 0.814756
vt 0.208800 0.833901
vt 0.196948 0.821575
vt 0.211693 0.813905
vt 0.222121 0.808602
vt 0.557492 0.789842
vt 0.558490 0.806171
vt 0.542359 0.802666
vt 0.541688 0.790371
vt 0.530589 0.800274
vt 0.529884 0.790937
vt 0.207867 0.802666
vt 0.219637 0.800274
vt 0.191736 0.806171
vt 0.208538 0.790370
vt 0.220342 0.790937
vt 0.541246 0.760746
vt 0.536851 0.778343
vt 0.528652 0.766937
vt 0.541688 0.790371
vt 0.529884 0.790938
vt 0.525704 0.781560
vt 0.518616 0.772368
vt 0.220342 0.790938
vt 0.208538 0.790371
vt 0.213375 0.778343
vt 0.224522 0.781560
vt 0.192734 0.789842
vt 0.198899 0.774608
vt 0.221574 0.766937
vt 0.231610 0.772368
vt 0.513367 0.736876
vt 0.517955 0.756285
vt 0.505399 0.746589
vt 0.509370 0.763442
vt 0.498612 0.755016
vt 0.232271 0.756285
vt 0.240856 0.763442
vt 0.221821 0.748145
vt 0.244827 0.746589
vt 0.251614 0.755016
vt 0.496558 0.727138
vt 0.491597 0.738115
vt 0.477300 0.731314
vt 0.486986 0.747379
vt 0.475253 0.740887
vt 0.258629 0.738115
vt 0.263240 0.747379
vt 0.253668 0.727138
vt 0.272926 0.731314
vt 0.274973 0.740887
vt 0.444880 0.756293
vt 0.447517 0.750025
vt 0.455685 0.756610
vt 0.452087 0.763081
vt 0.450156 0.743396
vt 0.459045 0.749893
vt 0.468180 0.756304
vt 0.464135 0.763449
vt 0.459747 0.770475
vt 0.282046 0.756304
vt 0.291181 0.749893
vt 0.294541 0.756610
vt 0.286091 0.763449
vt 0.300070 0.743396
vt 0.302709 0.750025
vt 0.305346 0.756293
vt 0.298139 0.763080
vt 0.290479 0.770475
vt 0.473058 0.770482
vt 0.468227 0.778068
vt 0.477670 0.763032
vt 0.487212 0.769934
vt 0.482260 0.777402
vt 0.477403 0.785326
vt 0.263014 0.769934
vt 0.272556 0.763032
vt 0.277168 0.770482
vt 0.267966 0.777402
vt 0.281999 0.778068
vt 0.272823 0.785326
vt 0.491422 0.783852
vt 0.486979 0.791737
vt 0.496379 0.776723
vt 0.504655 0.783088
vt 0.500080 0.789536
vt 0.496472 0.797007
vt 0.245572 0.783088
vt 0.253848 0.776723
vt 0.258804 0.783852
vt 0.250146 0.789536
vt 0.263247 0.791737
vt 0.253754 0.797007
vt 0.496472 0.797007
vt 0.500080 0.789536
vt 0.507840 0.794163
vt 0.505391 0.800947
vt 0.504655 0.783088
vt 0.511487 0.788671
vt 0.515916 0.792605
vt 0.514839 0.797337
vt 0.513407 0.803572
vt 0.234310 0.792605
vt 0.238739 0.788671
vt 0.242386 0.794163
vt 0.235387 0.797337
vt 0.245572 0.783088
vt 0.250146 0.789536
vt 0.253754 0.797007
vt 0.244835 0.800947
vt 0.236819 0.803572
vt 0.503671 0.808749
vt 0.512591 0.810111
vt 0.493347 0.805634
vt 0.496472 0.797007
vt 0.505391 0.800947
vt 0.513407 0.803572
vt 0.256879 0.805634
vt 0.246555 0.808749
vt 0.244835 0.800947
vt 0.237635 0.810111
vt 0.236819 0.803572
vt 0.466180 0.803889
vt 0.472218 0.793997
vt 0.482612 0.800664
vt 0.493347 0.805634
vt 0.267614 0.800664
vt 0.278008 0.793996
vt 0.284046 0.803889
vt 0.272289 0.811207
vt 0.462780 0.785958
vt 0.472218 0.793996
vt 0.454615 0.777290
vt 0.468227 0.778068
vt 0.477403 0.785326
vt 0.290479 0.770475
vt 0.295611 0.777290
vt 0.287446 0.785958
vt 0.281999 0.778068
vt 0.278008 0.793997
vt 0.444880 0.756293
vt 0.452087 0.763080
vt 0.447806 0.768861
vt 0.441639 0.761612
vt 0.459747 0.770475
vt 0.454615 0.777290
vt 0.442266 0.773174
vt 0.302138 0.783689
vt 0.295611 0.777290
vt 0.302420 0.768861
vt 0.307960 0.773174
vt 0.290479 0.770475
vt 0.298139 0.763080
vt 0.305346 0.756293
vt 0.308587 0.761612
vt 0.462329 0.743171
vt 0.453481 0.737248
vt 0.472052 0.748977
vt 0.468180 0.756304
vt 0.450156 0.743396
vt 0.282046 0.756304
vt 0.278174 0.748977
vt 0.287897 0.743171
vt 0.291181 0.749893
vt 0.296746 0.737248
vt 0.498612 0.755016
vt 0.492608 0.762628
vt 0.482333 0.755496
vt 0.486986 0.747379
vt 0.487212 0.769934
vt 0.477670 0.763032
vt 0.472052 0.748977
vt 0.282046 0.756304
vt 0.267893 0.755496
vt 0.278174 0.748977
vt 0.263014 0.769934
vt 0.257618 0.762628
vt 0.251614 0.755016
vt 0.263240 0.747379
vt 0.274973 0.740887
vt 0.510721 0.777545
vt 0.502268 0.770080
vt 0.509370 0.763442
vt 0.496379 0.776723
vt 0.253848 0.776723
vt 0.247958 0.770081
vt 0.245572 0.783088
vt 0.239505 0.777545
vt 0.231610 0.772368
vt 0.240856 0.763442
vt 0.521280 0.791790
vt 0.517340 0.784766
vt 0.525704 0.781560
vt 0.511487 0.788671
vt 0.510721 0.777545
vt 0.518616 0.772367
vt 0.238739 0.788671
vt 0.232886 0.784766
vt 0.239505 0.777545
vt 0.228946 0.791790
vt 0.220342 0.790937
vt 0.224522 0.781560
vt 0.231610 0.772368
vt 0.528105 0.808602
vt 0.520518 0.805432
vt 0.521914 0.798867
vt 0.530589 0.800274
vt 0.235387 0.797337
vt 0.228313 0.798867
vt 0.229708 0.805432
vt 0.222121 0.808602
vt 0.514138 0.817861
vt 0.512591 0.810111
vt 0.518623 0.810120
vt 0.522718 0.814756
vt 0.513407 0.803572
vt 0.522718 0.814756
vt 0.520518 0.805432
vt 0.222121 0.808602
vt 0.229708 0.805432
vt 0.231603 0.810120
vt 0.236819 0.803572
vt 0.237635 0.810111
vt 0.229708 0.805432
vt 0.236088 0.817861
vt 0.227508 0.814756
vt 0.568762 0.682226
vt 0.542017 0.662681
vt 0.566273 0.646693
vt 0.589878 0.668123
vt 0.509951 0.641510
vt 0.538478 0.622491
vt 0.573626 0.608689
vt 0.594854 0.633867
vt 0.613430 0.656303
vt 0.176600 0.608689
vt 0.211748 0.622491
vt 0.183953 0.646693
vt 0.155372 0.633867
vt 0.240275 0.641510
vt 0.181464 0.682226
vt 0.160348 0.668123
vt 0.136796 0.656303
vt 0.592767 0.700818
vt 0.611015 0.687599
vt 0.631455 0.705072
vt 0.589878 0.668123
vt 0.613430 0.656303
vt 0.629727 0.676448
vt 0.644209 0.693364
vt 0.136796 0.656303
vt 0.160348 0.668123
vt 0.139211 0.687599
vt 0.120499 0.676448
vt 0.157460 0.700818
vt 0.118771 0.705072
vt 0.106017 0.693364
vt 0.642922 0.736745
vt 0.652619 0.719468
vt 0.673244 0.724813
vt 0.657429 0.705559
vt 0.668306 0.711200
vt 0.097607 0.719468
vt 0.092797 0.705559
vt 0.107304 0.736745
vt 0.076982 0.724813
vt 0.081920 0.711200
vt 0.727131 0.698475
vt 0.705503 0.727743
vt 0.688458 0.712496
vt 0.697858 0.689895
vt 0.673880 0.702051
vt 0.676134 0.685740
vt 0.061769 0.712496
vt 0.076346 0.702051
vt 0.044724 0.727743
vt 0.023095 0.698475
vt 0.052368 0.689895
vt 0.074092 0.685740
vt 0.729804 0.624370
vt 0.728468 0.661423
vt 0.699766 0.662313
vt 0.697046 0.633912
vt 0.673443 0.664330
vt 0.666976 0.640519
vt 0.050460 0.662313
vt 0.076783 0.664330
vt 0.021759 0.661423
vt 0.020422 0.624370
vt 0.053180 0.633911
vt 0.083250 0.640519
vt 0.721292 0.572934
vt 0.725548 0.598652
vt 0.691519 0.608294
vt 0.685094 0.585386
vt 0.658096 0.616815
vt 0.648021 0.594018
vt 0.058707 0.608294
vt 0.092130 0.616815
vt 0.024678 0.598652
vt 0.028934 0.572934
vt 0.065132 0.585385
vt 0.102205 0.594018
vt 0.666976 0.640519
vt 0.639121 0.647453
vt 0.625722 0.624589
vt 0.658096 0.616815
vt 0.594854 0.633867
vt 0.573626 0.608689
vt 0.610651 0.600456
vt 0.155372 0.633867
vt 0.124504 0.624589
vt 0.139575 0.600456
vt 0.136796 0.656303
vt 0.111105 0.647453
vt 0.083250 0.640519
vt 0.102205 0.594018
vt 0.650242 0.668729
vt 0.639121 0.647453
vt 0.658459 0.686389
vt 0.644209 0.693364
vt 0.629727 0.676448
vt 0.613430 0.656303
vt 0.106017 0.693364
vt 0.091767 0.686389
vt 0.099984 0.668729
vt 0.120499 0.676449
vt 0.676134 0.685740
vt 0.663087 0.697564
vt 0.658459 0.686389
vt 0.657429 0.705559
vt 0.673880 0.702051
vt 0.644209 0.693364
vt 0.657429 0.705559
vt 0.106017 0.693364
vt 0.092797 0.705559
vt 0.087139 0.697564
vt 0.091767 0.686389
vt 0.076346 0.702051
vt 0.092797 0.705559
vt 0.074092 0.685740
vt 0.091767 0.686389
vt 0.076346 0.702051
vt 0.630034 0.557583
vt 0.673872 0.547863
vt 0.679222 0.565658
vt 0.637955 0.572856
vt 0.717709 0.538143
vt 0.719501 0.555539
vt 0.685094 0.585385
vt 0.030726 0.555539
vt 0.071005 0.565658
vt 0.065132 0.585385
vt 0.032517 0.538143
vt 0.076355 0.547863
vt 0.120192 0.557583
vt 0.112271 0.572856
vt 0.102205 0.594018
vt 0.594605 0.574978
vt 0.578456 0.548409
vt 0.610651 0.600456
vt 0.573626 0.608689
vt 0.549921 0.579473
vt 0.526877 0.539235
vt 0.176600 0.608689
vt 0.139575 0.600456
vt 0.155621 0.574978
vt 0.200305 0.579473
vt 0.112271 0.572856
vt 0.171771 0.548409
vt 0.223349 0.539235
vt 0.467515 0.563371
vt 0.505198 0.594610
vt 0.469381 0.617758
vt 0.538478 0.622491
vt 0.176600 0.608689
vt 0.200305 0.579473
vt 0.245028 0.594610
vt 0.211748 0.622491
vt 0.282711 0.563371
vt 0.280845 0.617758
vt 0.000000 0.000000
s 1
usemtl Material.001
f 47/1/1 509/2/2 1518/3/3 508/4/4
f 509/2/2 1/5/5 510/6/6 1518/3/3
f 1518/3/3 510/6/6 3/7/7 511/8/8
f 508/4/4 1518/3/3 511/8/8 45/9/9
f 4/10/10 513/11/11 1519/12/12 512/13/13
f 513/11/11 2/14/14 514/15/15 1519/12/12
f 1519/12/12 514/15/15 48/16/16 515/17/17
f 512/13/13 1519/12/12 515/17/17 46/18/18
f 45/9/9 511/19/8 1520/20/19 516/21/20
f 511/19/8 3/22/7 517/23/21 1520/20/19
f 1520/20/19 517/23/21 5/24/22 518/25/23
f 516/21/20 1520/20/19 518/25/23 43/26/24
f 6/27/25 520/28/26 1521/29/27 519/30/28
f 520/28/26 4/31/10 512/32/13 1521/29/27
f 1521/29/27 512/32/13 46/18/18 521/33/29
f 519/30/28 1521/29/27 521/33/29 44/34/30
f 3/22/7 522/35/31 1522/36/32 517/23/21
f 522/35/31 9/37/33 523/38/34 1522/36/32
f 1522/36/32 523/38/34 7/39/35 524/40/36
f 517/23/21 1522/36/32 524/40/36 5/24/22
f 8/41/37 526/42/38 1523/43/39 525/44/40
f 526/42/38 10/45/41 527/46/42 1523/43/39
f 1523/43/39 527/46/42 4/31/10 520/28/26
f 525/44/40 1523/43/39 520/28/26 6/27/25
f 1/5/5 528/47/43 1524/48/44 510/6/6
f 528/47/43 11/49/45 529/50/46 1524/48/44
f 1524/48/44 529/50/46 9/51/33 522/52/31
f 510/6/6 1524/48/44 522/52/31 3/7/7
f 10/53/41 530/54/47 1525/55/48 527/56/42
f 530/54/47 12/57/49 531/58/50 1525/55/48
f 1525/55/48 531/58/50 2/14/14 513/11/11
f 527/56/42 1525/55/48 513/11/11 4/10/10
f 11/49/45 532/59/51 1526/60/52 529/50/46
f 532/59/51 13/61/53 533/62/54 1526/60/52
f 1526/60/52 533/62/54 15/63/55 534/64/56
f 529/50/46 1526/60/52 534/64/56 9/51/33
f 16/65/57 536/66/58 1527/67/59 535/68/60
f 536/66/58 14/69/61 537/70/62 1527/67/59
f 1527/67/59 537/70/62 12/57/49 530/54/47
f 535/68/60 1527/67/59 530/54/47 10/53/41
f 9/37/33 534/71/56 1528/72/63 523/38/34
f 534/71/56 15/73/55 538/74/64 1528/72/63
f 1528/72/63 538/74/64 17/75/65 539/76/66
f 523/38/34 1528/72/63 539/76/66 7/39/35
f 18/77/67 541/78/68 1529/79/69 540/80/70
f 541/78/68 16/81/57 535/82/60 1529/79/69
f 1529/79/69 535/82/60 10/45/41 526/42/38
f 540/80/70 1529/79/69 526/42/38 8/41/37
f 15/73/55 542/83/71 1530/84/72 538/74/64
f 542/83/71 21/85/73 543/86/74 1530/84/72
f 1530/84/72 543/86/74 19/87/75 544/88/76
f 538/74/64 1530/84/72 544/88/76 17/75/65
f 20/89/77 546/90/78 1531/91/79 545/92/80
f 546/90/78 22/93/81 547/94/82 1531/91/79
f 1531/91/79 547/94/82 16/81/57 541/78/68
f 545/92/80 1531/91/79 541/78/68 18/77/67
f 13/61/53 548/95/83 1532/96/84 533/62/54
f 548/95/83 23/97/85 549/98/86 1532/96/84
f 1532/96/84 549/98/86 21/99/73 542/100/71
f 533/62/54 1532/96/84 542/100/71 15/63/55
f 22/93/81 550/101/87 1533/102/88 547/103/82
f 550/101/87 24/104/89 551/105/90 1533/102/88
f 1533/102/88 551/105/90 14/69/61 536/66/58
f 547/103/82 1533/102/88 536/66/58 16/65/57
f 23/97/85 552/106/91 1534/107/92 549/98/86
f 552/106/91 25/108/93 553/109/94 1534/107/92
f 1534/107/92 553/109/94 27/110/95 554/111/96
f 549/98/86 1534/107/92 554/111/96 21/99/73
f 28/112/97 556/113/98 1535/114/99 555/115/100
f 556/113/98 26/116/101 557/117/102 1535/114/99
f 1535/114/99 557/117/102 24/104/89 550/101/87
f 555/115/100 1535/114/99 550/101/87 22/93/81
f 21/85/73 554/118/96 1536/119/103 543/86/74
f 554/118/96 27/120/95 558/121/104 1536/119/103
f 1536/119/103 558/121/104 29/122/105 559/123/106
f 543/86/74 1536/119/103 559/123/106 19/87/75
f 30/124/107 561/125/108 1537/126/109 560/127/110
f 561/125/108 28/128/97 555/129/100 1537/126/109
f 1537/126/109 555/129/100 22/93/81 546/90/78
f 560/127/110 1537/126/109 546/90/78 20/89/77
f 27/120/95 562/130/111 1538/131/112 558/121/104
f 562/130/111 33/132/113 563/133/114 1538/131/112
f 1538/131/112 563/133/114 31/134/115 564/135/116
f 558/121/104 1538/131/112 564/135/116 29/122/105
f 32/136/117 566/137/118 1539/138/119 565/139/120
f 566/137/118 34/140/121 567/141/122 1539/138/119
f 1539/138/119 567/141/122 28/128/97 561/125/108
f 565/139/120 1539/138/119 561/125/108 30/124/107
f 25/108/93 568/142/123 1540/143/124 553/109/94
f 568/142/123 35/144/125 569/145/126 1540/143/124
f 1540/143/124 569/145/126 33/146/113 562/147/111
f 553/109/94 1540/143/124 562/147/111 27/110/95
f 34/148/121 570/149/127 1541/150/128 567/151/122
f 570/149/127 36/152/129 571/153/130 1541/150/128
f 1541/150/128 571/153/130 26/116/101 556/113/98
f 567/151/122 1541/150/128 556/113/98 28/112/97
f 35/144/125 572/154/131 1542/155/132 569/145/126
f 572/154/131 37/156/133 573/157/134 1542/155/132
f 1542/155/132 573/157/134 39/158/135 574/159/136
f 569/145/126 1542/155/132 574/159/136 33/146/113
f 40/160/137 576/161/138 1543/162/139 575/163/140
f 576/161/138 38/164/141 577/165/142 1543/162/139
f 1543/162/139 577/165/142 36/152/129 570/149/127
f 575/163/140 1543/162/139 570/149/127 34/148/121
f 33/132/113 574/159/136 1544/166/143 563/133/114
f 574/159/136 39/167/135 578/168/144 1544/166/143
f 1544/166/143 578/168/144 41/169/145 579/170/146
f 563/133/114 1544/166/143 579/170/146 31/134/115
f 42/171/147 581/172/148 1545/173/149 580/174/150
f 581/172/148 40/175/137 575/163/140 1545/173/149
f 1545/173/149 575/163/140 34/140/121 566/137/118
f 580/174/150 1545/173/149 566/137/118 32/136/117
f 39/167/135 582/176/151 1546/177/152 578/168/144
f 582/176/151 45/9/9 516/21/20 1546/177/152
f 1546/177/152 516/21/20 43/26/24 583/178/153
f 578/168/144 1546/177/152 583/178/153 41/169/145
f 44/34/30 521/33/29 1547/179/154 584/180/155
f 521/33/29 46/18/18 585/181/156 1547/179/154
f 1547/179/154 585/181/156 40/175/137 581/172/148
f 584/180/155 1547/179/154 581/172/148 42/171/147
f 37/156/133 586/182/157 1548/183/158 573/157/134
f 586/182/157 47/1/1 508/4/4 1548/183/158
f 1548/183/158 508/4/4 45/9/9 582/184/151
f 573/157/134 1548/183/158 582/184/151 39/158/135
f 46/18/18 515/17/17 1549/185/159 585/186/156
f 515/17/17 48/16/16 587/187/160 1549/185/159
f 1549/185/159 587/187/160 38/164/141 576/161/138
f 585/186/156 1549/185/159 576/161/138 40/160/137
f 47/188/1 586/189/157 1550/190/161 588/191/162
f 586/189/157 37/192/133 589/193/163 1550/190/161
f 1550/190/161 589/193/163 51/194/164 590/195/165
f 588/191/162 1550/190/161 590/195/165 49/196/166
f 52/197/167 592/198/168 1551/199/169 591/200/170
f 592/198/168 38/201/141 587/202/160 1551/199/169
f 1551/199/169 587/202/160 48/203/16 593/204/171
f 591/200/170 1551/199/169 593/204/171 50/205/172
f 37/192/133 572/206/131 1552/207/173 589/193/163
f 572/206/131 35/208/125 594/209/174 1552/207/173
f 1552/207/173 594/209/174 53/210/175 595/211/176
f 589/193/163 1552/207/173 595/211/176 51/194/164
f 54/212/177 597/213/178 1553/214/179 596/215/180
f 597/213/178 36/152/129 577/216/142 1553/214/179
f 1553/214/179 577/216/142 38/201/141 592/198/168
f 596/215/180 1553/214/179 592/198/168 52/197/167
f 35/208/125 568/142/123 1554/217/181 594/209/174
f 568/142/123 25/218/93 598/219/182 1554/217/181
f 1554/217/181 598/219/182 55/220/183 599/221/184
f 594/209/174 1554/217/181 599/221/184 53/210/175
f 56/222/185 601/223/186 1555/224/187 600/225/188
f 601/223/186 26/226/101 571/227/130 1555/224/187
f 1555/224/187 571/227/130 36/152/129 597/213/178
f 600/225/188 1555/224/187 597/213/178 54/212/177
f 25/218/93 552/228/91 1556/229/189 598/219/182
f 552/228/91 23/230/85 602/231/190 1556/229/189
f 1556/229/189 602/231/190 57/232/191 603/233/192
f 598/219/182 1556/229/189 603/233/192 55/220/183
f 58/234/193 605/235/194 1557/236/195 604/237/196
f 605/235/194 24/238/89 557/239/102 1557/236/195
f 1557/236/195 557/239/102 26/226/101 601/223/186
f 604/237/196 1557/236/195 601/223/186 56/222/185
f 23/230/85 548/240/83 1558/241/197 602/231/190
f 548/240/83 13/242/53 606/243/198 1558/241/197
f 1558/241/197 606/243/198 59/244/199 607/245/200
f 602/231/190 1558/241/197 607/245/200 57/232/191
f 60/246/201 609/247/202 1559/248/203 608/249/204
f 609/247/202 14/69/61 551/250/90 1559/248/203
f 1559/248/203 551/250/90 24/238/89 605/235/194
f 608/249/204 1559/248/203 605/235/194 58/234/193
f 13/242/53 532/251/51 1560/252/205 606/243/198
f 532/251/51 11/49/45 610/253/206 1560/252/205
f 1560/252/205 610/253/206 63/254/207 611/255/208
f 606/243/198 1560/252/205 611/255/208 59/244/199
f 64/256/209 613/257/210 1561/258/211 612/259/212
f 613/257/210 12/260/49 537/261/62 1561/258/211
f 1561/258/211 537/261/62 14/69/61 609/247/202
f 612/259/212 1561/258/211 609/247/202 60/246/201
f 11/49/45 528/262/43 1562/263/213 610/253/206
f 528/262/43 1/264/5 614/265/214 1562/263/213
f 1562/263/213 614/265/214 65/266/215 615/267/216
f 610/253/206 1562/263/213 615/267/216 63/254/207
f 66/268/217 617/269/218 1563/270/219 616/271/220
f 617/269/218 2/272/14 531/273/50 1563/270/219
f 1563/270/219 531/273/50 12/260/49 613/257/210
f 616/271/220 1563/270/219 613/257/210 64/256/209
f 1/264/5 509/274/2 1564/275/221 614/265/214
f 509/274/2 47/188/1 588/191/162 1564/275/221
f 1564/275/221 588/191/162 49/196/166 618/276/222
f 614/265/214 1564/275/221 618/276/222 65/266/215
f 50/205/172 593/204/171 1565/277/223 619/278/224
f 593/204/171 48/203/16 514/279/15 1565/277/223
f 1565/277/223 514/279/15 2/272/14 617/269/218
f 619/278/224 1565/277/223 617/269/218 66/268/217
f 61/280/225 621/281/226 1566/282/227 620/283/228
f 65/284/215 618/285/222 1566/282/227 621/286/226
f 49/196/166 620/287/228 1566/282/227 618/276/222
f 50/205/172 619/288/224 1567/289/229 622/290/230
f 66/291/217 623/292/231 1567/289/229 619/293/224
f 62/294/232 622/295/230 1567/289/229 623/296/231
f 63/297/207 615/298/216 1568/299/233 624/300/234
f 65/301/215 621/302/226 1568/299/233 615/267/216
f 61/280/225 624/303/234 1568/299/233 621/304/226
f 62/294/232 623/305/231 1569/306/235 625/307/236
f 66/308/217 616/309/220 1569/306/235 623/310/231
f 64/256/209 625/311/236 1569/306/235 616/309/220
f 61/280/225 626/312/237 1570/313/238 624/314/234
f 59/315/199 611/316/208 1570/313/238 626/317/237
f 63/318/207 624/319/234 1570/313/238 611/320/208
f 64/256/209 612/321/212 1571/322/239 625/323/236
f 60/324/201 627/325/240 1571/322/239 612/326/212
f 62/294/232 625/327/236 1571/322/239 627/328/240
f 61/280/225 628/329/241 1572/330/242 626/317/237
f 57/331/191 607/332/200 1572/330/242 628/333/241
f 59/334/199 626/317/237 1572/330/242 607/335/200
f 60/246/201 608/249/204 1573/336/243 627/325/240
f 58/337/193 629/338/244 1573/336/243 608/339/204
f 62/294/232 627/328/240 1573/336/243 629/340/244
f 61/280/225 630/341/245 1574/342/246 628/329/241
f 55/343/183 603/344/192 1574/342/246 630/341/245
f 57/345/191 628/333/241 1574/342/246 603/344/192
f 58/346/193 604/347/196 1575/348/247 629/349/244
f 56/350/185 631/351/248 1575/348/247 604/347/196
f 62/294/232 629/352/244 1575/348/247 631/353/248
f 61/280/225 632/354/249 1576/355/250 630/356/245
f 53/357/175 599/358/184 1576/355/250 632/359/249
f 55/220/183 630/356/245 1576/355/250 599/360/184
f 56/361/185 600/362/188 1577/363/251 631/364/248
f 54/365/177 633/366/252 1577/363/251 600/225/188
f 62/294/232 631/351/248 1577/363/251 633/367/252
f 61/280/225 634/368/253 1578/369/254 632/370/249
f 51/371/164 595/372/176 1578/369/254 634/373/253
f 53/374/175 632/359/249 1578/369/254 595/375/176
f 54/376/177 596/377/180 1579/378/255 633/379/252
f 52/380/167 635/381/256 1579/378/255 596/377/180
f 62/294/232 633/382/252 1579/378/255 635/383/256
f 61/280/225 620/283/228 1580/384/257 634/385/253
f 49/196/166 590/386/165 1580/384/257 620/287/228
f 51/387/164 634/373/253 1580/384/257 590/388/165
f 52/389/167 591/200/170 1581/390/258 635/381/256
f 50/391/172 622/392/230 1581/390/258 591/393/170
f 62/294/232 635/383/256 1581/390/258 622/295/230
f 89/394/259 637/395/260 1582/396/261 636/397/262
f 637/395/260 174/398/263 638/399/264 1582/396/261
f 1582/396/261 638/399/264 176/400/265 639/401/266
f 636/397/262 1582/396/261 639/401/266 91/402/267
f 176/403/265 640/404/268 1583/405/269 639/406/266
f 640/404/268 175/407/270 641/408/271 1583/405/269
f 1583/405/269 641/408/271 90/409/272 642/410/273
f 639/406/266 1583/405/269 642/410/273 91/411/267
f 87/412/274 644/413/275 1584/414/276 643/415/277
f 644/413/275 172/416/278 645/417/279 1584/414/276
f 1584/414/276 645/417/279 174/398/263 637/395/260
f 643/415/277 1584/414/276 637/395/260 89/394/259
f 175/407/270 646/418/280 1585/419/281 641/408/271
f 646/418/280 173/420/282 647/421/283 1585/419/281
f 1585/419/281 647/421/283 88/422/284 648/423/285
f 641/408/271 1585/419/281 648/423/285 90/409/272
f 85/424/286 650/425/287 1586/426/288 649/427/289
f 650/425/287 170/428/290 651/429/291 1586/426/288
f 1586/426/288 651/429/291 172/416/278 644/413/275
f 649/427/289 1586/426/288 644/413/275 87/412/274
f 173/420/282 652/430/292 1587/431/293 647/421/283
f 652/430/292 171/432/294 653/433/295 1587/431/293
f 1587/431/293 653/433/295 86/434/296 654/435/297
f 647/421/283 1587/431/293 654/435/297 88/422/284
f 83/436/298 656/437/299 1588/438/300 655/439/301
f 656/437/299 168/440/302 657/441/303 1588/438/300
f 1588/438/300 657/441/303 170/428/290 650/425/287
f 655/439/301 1588/438/300 650/425/287 85/424/286
f 171/432/294 658/442/304 1589/443/305 653/433/295
f 658/442/304 169/444/306 659/445/307 1589/443/305
f 1589/443/305 659/445/307 84/446/308 660/447/309
f 653/433/295 1589/443/305 660/447/309 86/434/296
f 81/448/310 662/449/311 1590/450/312 661/451/313
f 662/449/311 166/452/314 663/453/315 1590/450/312
f 1590/450/312 663/453/315 168/440/302 656/437/299
f 661/451/313 1590/450/312 656/437/299 83/436/298
f 169/444/306 664/454/316 1591/455/317 659/445/307
f 664/454/316 167/456/318 665/457/319 1591/455/317
f 1591/455/317 665/457/319 82/458/320 666/459/321
f 659/445/307 1591/455/317 666/459/321 84/446/308
f 79/460/322 668/461/323 1592/462/324 667/463/325
f 668/461/323 92/464/326 669/465/327 1592/462/324
f 1592/462/324 669/465/327 146/466/328 670/467/329
f 667/463/325 1592/462/324 670/467/329 164/468/330
f 147/469/331 672/470/332 1593/471/333 671/472/334
f 672/470/332 93/473/335 673/474/336 1593/471/333
f 1593/471/333 673/474/336 80/475/337 674/476/338
f 671/472/334 1593/471/333 674/476/338 165/477/339
f 92/478/326 675/479/340 1594/480/341 669/481/327
f 675/479/340 94/482/342 676/483/343 1594/480/341
f 1594/480/341 676/483/343 148/484/344 677/485/345
f 669/481/327 1594/480/341 677/485/345 146/486/328
f 149/487/346 679/488/347 1595/489/348 678/490/349
f 679/488/347 95/491/350 680/492/351 1595/489/348
f 1595/489/348 680/492/351 93/493/335 672/494/332
f 678/490/349 1595/489/348 672/494/332 147/495/331
f 94/482/342 681/496/352 1596/497/353 676/483/343
f 681/496/352 96/498/354 682/499/355 1596/497/353
f 1596/497/353 682/499/355 150/500/356 683/501/357
f 676/483/343 1596/497/353 683/501/357 148/484/344
f 151/502/358 685/503/359 1597/504/360 684/505/361
f 685/503/359 97/506/362 686/507/363 1597/504/360
f 1597/504/360 686/507/363 95/491/350 679/488/347
f 684/505/361 1597/504/360 679/488/347 149/487/346
f 96/498/354 687/508/364 1598/509/365 682/499/355
f 687/508/364 98/510/366 688/511/367 1598/509/365
f 1598/509/365 688/511/367 152/512/368 689/513/369
f 682/499/355 1598/509/365 689/513/369 150/500/356
f 153/514/370 691/515/371 1599/516/372 690/517/373
f 691/515/371 99/518/374 692/519/375 1599/516/372
f 1599/516/372 692/519/375 97/506/362 685/503/359
f 690/517/373 1599/516/372 685/503/359 151/502/358
f 98/510/366 693/520/376 1600/521/377 688/511/367
f 693/520/376 100/522/378 694/523/379 1600/521/377
f 1600/521/377 694/523/379 154/524/380 695/525/381
f 688/511/367 1600/521/377 695/525/381 152/512/368
f 155/526/382 697/527/383 1601/528/384 696/529/385
f 697/527/383 101/530/386 698/531/387 1601/528/384
f 1601/528/384 698/531/387 99/518/374 691/515/371
f 696/529/385 1601/528/384 691/515/371 153/514/370
f 100/522/378 699/532/388 1602/533/389 694/523/379
f 699/532/388 102/534/390 700/535/391 1602/533/389
f 1602/533/389 700/535/391 156/536/392 701/537/393
f 694/523/379 1602/533/389 701/537/393 154/524/380
f 157/538/394 703/539/395 1603/540/396 702/541/397
f 703/539/395 103/542/398 704/543/399 1603/540/396
f 1603/540/396 704/543/399 101/530/386 697/527/383
f 702/541/397 1603/540/396 697/527/383 155/526/382
f 102/534/390 705/544/400 1604/545/401 700/535/391
f 705/544/400 104/546/402 706/547/403 1604/545/401
f 1604/545/401 706/547/403 158/548/404 707/549/405
f 700/535/391 1604/545/401 707/549/405 156/536/392
f 159/550/406 709/551/407 1605/552/408 708/553/409
f 709/551/407 105/554/410 710/555/411 1605/552/408
f 1605/552/408 710/555/411 103/542/398 703/539/395
f 708/553/409 1605/552/408 703/539/395 157/538/394
f 104/546/402 711/556/412 1606/557/413 706/547/403
f 711/556/412 106/558/414 712/559/415 1606/557/413
f 1606/557/413 712/559/415 160/560/416 713/561/417
f 706/547/403 1606/557/413 713/561/417 158/548/404
f 161/562/418 715/563/419 1607/564/420 714/565/421
f 715/563/419 107/566/422 716/567/423 1607/564/420
f 1607/564/420 716/567/423 105/554/410 709/551/407
f 714/565/421 1607/564/420 709/551/407 159/550/406
f 106/558/414 717/568/424 1608/569/425 712/559/415
f 717/568/424 108/570/426 718/571/427 1608/569/425
f 1608/569/425 718/571/427 162/572/428 719/573/429
f 712/559/415 1608/569/425 719/573/429 160/560/416
f 163/574/430 721/575/431 1609/576/432 720/577/433
f 721/575/431 109/578/434 722/579/435 1609/576/432
f 1609/576/432 722/579/435 107/566/422 715/563/419
f 720/577/433 1609/576/432 715/563/419 161/562/418
f 108/580/426 723/581/436 1610/582/437 718/583/427
f 723/581/436 67/584/438 724/585/439 1610/582/437
f 1610/582/437 724/585/439 68/586/440 725/587/441
f 718/583/427 1610/582/437 725/587/441 162/572/428
f 68/586/440 724/588/439 1611/589/442 726/590/443
f 724/588/439 67/591/438 727/592/444 1611/589/442
f 1611/589/442 727/592/444 109/593/434 721/594/431
f 726/590/443 1611/589/442 721/594/431 163/595/430
f 110/596/445 729/597/446 1612/598/447 728/599/448
f 729/597/446 128/600/449 730/601/450 1612/598/447
f 1612/598/447 730/601/450 160/602/416 719/603/429
f 728/599/448 1612/598/447 719/603/429 162/604/428
f 161/605/418 731/606/451 1613/607/452 720/608/433
f 731/606/451 129/609/453 732/610/454 1613/607/452
f 1613/607/452 732/610/454 111/611/455 733/612/456
f 720/608/433 1613/607/452 733/612/456 163/613/430
f 128/600/449 734/614/457 1614/615/458 730/601/450
f 734/614/457 179/616/459 735/617/460 1614/615/458
f 1614/615/458 735/617/460 158/618/404 713/619/417
f 730/601/450 1614/615/458 713/619/417 160/602/416
f 159/620/406 736/621/461 1615/622/462 714/623/421
f 736/621/461 180/624/463 737/625/464 1615/622/462
f 1615/622/462 737/625/464 129/609/453 731/606/451
f 714/623/421 1615/622/462 731/606/451 161/605/418
f 126/626/465 739/627/466 1616/628/467 738/629/468
f 739/627/466 156/536/392 707/549/405 1616/628/467
f 1616/628/467 707/549/405 158/548/404 735/630/460
f 738/629/468 1616/628/467 735/630/460 179/631/459
f 159/620/406 708/632/409 1617/633/469 736/634/461
f 708/632/409 157/538/394 740/635/470 1617/633/469
f 1617/633/469 740/635/470 127/636/471 741/637/472
f 736/634/461 1617/633/469 741/637/472 180/638/463
f 124/639/473 743/640/474 1618/641/475 742/642/476
f 743/640/474 154/643/380 701/537/393 1618/641/475
f 1618/641/475 701/537/393 156/536/392 739/627/466
f 742/642/476 1618/641/475 739/627/466 126/626/465
f 157/538/394 702/644/397 1619/645/477 740/635/470
f 702/644/397 155/646/382 744/647/478 1619/645/477
f 1619/645/477 744/647/478 125/648/479 745/649/480
f 740/635/470 1619/645/477 745/649/480 127/636/471
f 122/650/481 747/651/482 1620/652/483 746/653/484
f 747/651/482 152/654/368 695/525/381 1620/652/483
f 1620/652/483 695/525/381 154/643/380 743/640/474
f 746/653/484 1620/652/483 743/640/474 124/639/473
f 155/646/382 696/655/385 1621/656/485 744/647/478
f 696/655/385 153/657/370 748/658/486 1621/656/485
f 1621/656/485 748/658/486 123/659/487 749/660/488
f 744/647/478 1621/656/485 749/660/488 125/648/479
f 120/661/489 751/662/490 1622/663/491 750/664/492
f 751/662/490 150/665/356 689/666/369 1622/663/491
f 1622/663/491 689/666/369 152/654/368 747/651/482
f 750/664/492 1622/663/491 747/651/482 122/650/481
f 153/657/370 690/667/373 1623/668/493 748/658/486
f 690/667/373 151/669/358 752/670/494 1623/668/493
f 1623/668/493 752/670/494 121/671/495 753/672/496
f 748/658/486 1623/668/493 753/672/496 123/659/487
f 118/673/497 755/674/498 1624/675/499 754/676/500
f 755/674/498 148/677/344 683/678/357 1624/675/499
f 1624/675/499 683/678/357 150/665/356 751/662/490
f 754/676/500 1624/675/499 751/662/490 120/661/489
f 151/669/358 684/679/361 1625/680/501 752/670/494
f 684/679/361 149/487/346 756/681/502 1625/680/501
f 1625/680/501 756/681/502 119/682/503 757/683/504
f 752/670/494 1625/680/501 757/683/504 121/671/495
f 116/684/505 759/685/506 1626/686/507 758/687/508
f 759/685/506 146/688/328 677/689/345 1626/686/507
f 1626/686/507 677/689/345 148/677/344 755/674/498
f 758/687/508 1626/686/507 755/674/498 118/673/497
f 149/487/346 678/690/349 1627/691/509 756/681/502
f 678/690/349 147/495/331 760/692/510 1627/691/509
f 1627/691/509 760/692/510 117/693/511 761/694/512
f 756/681/502 1627/691/509 761/694/512 119/682/503
f 114/695/513 763/696/514 1628/697/515 762/698/516
f 763/696/514 164/468/330 670/699/329 1628/697/515
f 1628/697/515 670/699/329 146/688/328 759/700/506
f 762/698/516 1628/697/515 759/700/506 116/684/505
f 147/701/331 671/702/334 1629/703/517 760/704/510
f 671/702/334 165/477/339 764/705/518 1629/703/517
f 1629/703/517 764/705/518 115/706/519 765/707/520
f 760/704/510 1629/703/517 765/707/520 117/708/511
f 114/695/513 766/709/521 1630/710/522 763/711/514
f 766/709/521 181/712/523 767/713/524 1630/710/522
f 1630/710/522 767/713/524 177/714/525 768/715/526
f 763/711/514 1630/710/522 768/715/526 164/468/330
f 177/714/525 770/716/527 1631/717/528 769/718/529
f 770/716/527 182/719/530 771/720/531 1631/717/528
f 1631/717/528 771/720/531 115/721/519 764/722/518
f 769/718/529 1631/717/528 764/722/518 165/477/339
f 110/596/445 728/723/448 1632/724/532 772/725/533
f 728/723/448 162/572/428 725/726/441 1632/724/532
f 1632/724/532 725/726/441 68/586/440 773/727/534
f 772/725/533 1632/724/532 773/727/534 112/728/535
f 68/586/440 726/729/443 1633/730/536 774/731/537
f 726/729/443 163/732/430 733/733/456 1633/730/536
f 1633/730/536 733/733/456 111/734/455 775/735/538
f 774/731/537 1633/730/536 775/735/538 113/736/539
f 112/728/535 773/727/534 1634/737/540 776/738/541
f 773/727/534 68/586/440 777/739/542 1634/737/540
f 1634/737/540 777/739/542 178/740/543 778/741/544
f 776/738/541 1634/737/540 778/741/544 183/742/545
f 178/743/543 777/744/542 1635/745/546 779/746/547
f 777/744/542 68/586/440 774/731/537 1635/745/546
f 1635/745/546 774/731/537 113/736/539 780/747/548
f 779/746/547 1635/745/546 780/747/548 184/748/549
f 177/714/525 767/749/524 1636/750/550 781/751/551
f 767/749/524 181/712/523 782/752/552 1636/750/550
f 1636/750/550 782/752/552 183/753/545 778/741/544
f 781/751/551 1636/750/550 778/741/544 178/754/543
f 184/755/549 783/756/553 1637/757/554 779/758/547
f 783/756/553 182/759/530 770/760/527 1637/757/554
f 1637/757/554 770/760/527 177/714/525 781/761/551
f 779/758/547 1637/757/554 781/761/551 178/762/543
f 135/763/555 785/764/556 1638/765/557 784/766/558
f 785/764/556 137/767/559 786/768/560 1638/765/557
f 1638/765/557 786/768/560 176/403/265 638/769/264
f 784/766/558 1638/765/557 638/769/264 174/770/263
f 176/400/265 786/771/560 1639/772/561 640/773/268
f 786/771/560 137/767/559 787/774/562 1639/772/561
f 1639/772/561 787/774/562 136/775/563 788/776/564
f 640/773/268 1639/772/561 788/776/564 175/777/270
f 133/778/565 790/779/566 1640/780/567 789/781/568
f 790/779/566 135/763/555 784/766/558 1640/780/567
f 1640/780/567 784/766/558 174/770/263 645/782/279
f 789/781/568 1640/780/567 645/782/279 172/783/278
f 175/777/270 788/776/564 1641/784/569 646/785/280
f 788/776/564 136/775/563 791/786/570 1641/784/569
f 1641/784/569 791/786/570 134/787/571 792/788/572
f 646/785/280 1641/784/569 792/788/572 173/789/282
f 131/790/573 794/791/574 1642/792/575 793/793/576
f 794/791/574 133/794/565 789/795/568 1642/792/575
f 1642/792/575 789/795/568 172/783/278 651/796/291
f 793/793/576 1642/792/575 651/796/291 170/797/290
f 173/420/282 792/798/572 1643/799/577 652/800/292
f 792/798/572 134/801/571 795/802/578 1643/799/577
f 1643/799/577 795/802/578 132/803/579 796/804/580
f 652/800/292 1643/799/577 796/804/580 171/805/294
f 166/452/314 797/806/581 1644/807/582 663/453/315
f 797/806/581 187/808/583 798/809/584 1644/807/582
f 1644/807/582 798/809/584 185/810/585 799/811/586
f 663/453/315 1644/807/582 799/811/586 168/440/302
f 186/812/587 801/813/588 1645/814/589 800/815/590
f 801/813/588 188/816/591 802/817/592 1645/814/589
f 1645/814/589 802/817/592 167/456/318 664/454/316
f 800/815/590 1645/814/589 664/454/316 169/444/306
f 131/790/573 793/818/576 1646/819/593 803/820/594
f 793/818/576 170/821/290 657/822/303 1646/819/593
f 1646/819/593 657/822/303 168/823/302 799/811/586
f 803/820/594 1646/819/593 799/811/586 185/824/585
f 169/825/306 658/826/304 1647/827/595 800/828/590
f 658/826/304 171/432/294 796/829/580 1647/827/595
f 1647/827/595 796/829/580 132/803/579 804/830/596
f 800/828/590 1647/827/595 804/830/596 186/831/587
f 144/832/597 806/833/598 1648/834/599 805/835/600
f 806/833/598 190/836/601 807/837/602 1648/834/599
f 1648/834/599 807/837/602 189/838/603 808/839/604
f 805/835/600 1648/834/599 808/839/604 187/808/583
f 189/838/603 807/840/602 1649/841/605 809/842/606
f 807/840/602 190/843/601 810/844/607 1649/841/605
f 1649/841/605 810/844/607 145/845/608 811/846/609
f 809/842/606 1649/841/605 811/846/609 188/847/591
f 185/810/585 798/848/584 1650/849/610 812/850/611
f 798/848/584 187/808/583 808/851/604 1650/849/610
f 1650/849/610 808/851/604 189/852/603 813/853/612
f 812/850/611 1650/849/610 813/853/612 69/854/613
f 189/855/603 809/856/606 1651/857/614 813/858/612
f 809/856/606 188/847/591 801/859/588 1651/857/614
f 1651/857/614 801/859/588 186/860/587 814/861/615
f 813/858/612 1651/857/614 814/861/615 69/862/613
f 130/863/616 816/864/617 1652/865/618 815/866/619
f 816/864/617 131/790/573 803/820/594 1652/865/618
f 1652/865/618 803/820/594 185/824/585 812/867/611
f 815/866/619 1652/865/618 812/867/611 69/868/613
f 186/831/587 804/830/596 1653/869/620 814/870/615
f 804/830/596 132/803/579 817/871/621 1653/869/620
f 1653/869/620 817/871/621 130/863/616 815/866/619
f 814/870/615 1653/869/620 815/866/619 69/872/613
f 142/873/622 819/874/623 1654/875/624 818/876/625
f 819/874/623 193/877/626 820/878/627 1654/875/624
f 1654/875/624 820/878/627 191/879/628 821/880/629
f 818/876/625 1654/875/624 821/880/629 144/832/597
f 192/881/630 823/882/631 1655/883/632 822/884/633
f 823/882/631 194/885/634 824/886/635 1655/883/632
f 1655/883/632 824/886/635 143/887/636 825/888/637
f 822/884/633 1655/883/632 825/888/637 145/845/608
f 140/889/638 827/890/639 1656/891/640 826/892/641
f 827/890/639 195/893/642 828/894/643 1656/891/640
f 1656/891/640 828/894/643 193/895/626 819/896/623
f 826/892/641 1656/891/640 819/896/623 142/897/622
f 194/898/634 829/899/644 1657/900/645 824/886/635
f 829/899/644 196/901/646 830/902/647 1657/900/645
f 1657/900/645 830/902/647 141/903/648 831/904/649
f 824/886/635 1657/900/645 831/904/649 143/905/636
f 139/906/650 833/907/651 1658/908/652 832/909/653
f 833/907/651 197/910/654 834/911/655 1658/908/652
f 1658/908/652 834/911/655 195/912/642 827/913/639
f 832/909/653 1658/908/652 827/913/639 140/889/638
f 196/914/646 835/915/656 1659/916/657 830/917/647
f 835/915/656 198/918/658 836/919/659 1659/916/657
f 1659/916/657 836/919/659 139/906/650 837/920/660
f 830/917/647 1659/916/657 837/920/660 141/921/648
f 138/922/661 839/923/662 1660/924/663 838/925/664
f 839/923/662 71/926/665 840/927/666 1660/924/663
f 1660/924/663 840/927/666 197/910/654 833/907/651
f 838/925/664 1660/924/663 833/907/651 139/906/650
f 198/918/658 841/928/667 1661/929/668 836/919/659
f 841/928/667 71/930/665 839/931/662 1661/929/668
f 1661/929/668 839/931/662 138/922/661 838/932/664
f 836/919/659 1661/929/668 838/932/664 139/906/650
f 190/933/601 806/934/598 1662/935/669 842/936/670
f 806/934/598 144/832/597 821/937/629 1662/935/669
f 1662/935/669 821/937/629 191/879/628 843/938/671
f 842/936/670 1662/935/669 843/938/671 70/939/672
f 192/940/630 822/941/633 1663/942/673 844/943/674
f 822/941/633 145/845/608 810/944/607 1663/942/673
f 1663/942/673 810/944/607 190/836/601 842/945/670
f 844/943/674 1663/942/673 842/945/670 70/946/672
f 70/939/672 843/938/671 1664/947/675 845/948/676
f 843/938/671 191/879/628 846/949/677 1664/947/675
f 1664/947/675 846/949/677 206/950/678 847/951/679
f 845/948/676 1664/947/675 847/951/679 208/952/680
f 207/953/681 849/954/682 1665/955/683 848/956/684
f 849/954/682 192/940/630 844/943/674 1665/955/683
f 1665/955/683 844/943/674 70/946/672 845/957/676
f 848/956/684 1665/955/683 845/957/676 208/958/680
f 71/926/665 850/959/685 1666/960/686 840/927/666
f 850/959/685 199/961/687 851/962/688 1666/960/686
f 1666/960/686 851/962/688 200/963/689 852/964/690
f 840/927/666 1666/960/686 852/964/690 197/910/654
f 201/965/691 854/966/692 1667/967/693 853/968/694
f 854/966/692 199/961/687 850/969/685 1667/967/693
f 1667/967/693 850/969/685 71/930/665 841/928/667
f 853/968/694 1667/967/693 841/928/667 198/918/658
f 197/910/654 852/964/690 1668/970/695 834/911/655
f 852/964/690 200/963/689 855/971/696 1668/970/695
f 1668/970/695 855/971/696 202/972/697 856/973/698
f 834/911/655 1668/970/695 856/973/698 195/912/642
f 203/974/699 858/975/700 1669/976/701 857/977/702
f 858/975/700 201/965/691 853/968/694 1669/976/701
f 1669/976/701 853/968/694 198/918/658 835/915/656
f 857/977/702 1669/976/701 835/915/656 196/914/646
f 195/912/642 856/973/698 1670/978/703 828/979/643
f 856/973/698 202/972/697 859/980/704 1670/978/703
f 1670/978/703 859/980/704 204/981/705 860/982/706
f 828/979/643 1670/978/703 860/982/706 193/877/626
f 205/983/707 862/984/708 1671/985/709 861/986/710
f 862/984/708 203/974/699 857/977/702 1671/985/709
f 1671/985/709 857/977/702 196/914/646 829/899/644
f 861/986/710 1671/985/709 829/899/644 194/885/634
f 193/877/626 860/982/706 1672/987/711 820/878/627
f 860/982/706 204/981/705 863/988/712 1672/987/711
f 1672/987/711 863/988/712 206/950/678 846/989/677
f 820/878/627 1672/987/711 846/989/677 191/879/628
f 207/953/681 864/990/713 1673/991/714 849/992/682
f 864/990/713 205/983/707 861/986/710 1673/991/714
f 1673/991/714 861/986/710 194/885/634 823/882/631
f 849/992/682 1673/991/714 823/882/631 192/881/630
f 199/961/687 865/993/715 1674/994/716 851/962/688
f 865/993/715 204/995/705 859/980/704 1674/994/716
f 1674/994/716 859/980/704 202/972/697 855/996/696
f 851/962/688 1674/994/716 855/996/696 200/963/689
f 203/974/699 862/997/708 1675/998/717 858/999/700
f 862/997/708 205/1000/707 866/1001/718 1675/998/717
f 1675/998/717 866/1001/718 199/961/687 854/966/692
f 858/999/700 1675/998/717 854/966/692 201/965/691
f 199/961/687 867/1002/719 1676/1003/720 865/1004/715
f 867/1002/719 208/958/680 847/1005/679 1676/1003/720
f 1676/1003/720 847/1005/679 206/950/678 863/1006/712
f 865/1004/715 1676/1003/720 863/1006/712 204/995/705
f 207/953/681 848/956/684 1677/1007/721 864/1008/713
f 848/956/684 208/952/680 867/1009/719 1677/1007/721
f 1677/1007/721 867/1009/719 199/961/687 866/1010/718
f 864/1008/713 1677/1007/721 866/1010/718 205/1011/707
f 139/906/650 832/1012/653 1678/1013/722 868/1014/723
f 832/1012/653 140/1015/638 869/1016/724 1678/1013/722
f 1678/1013/722 869/1016/724 164/468/330 768/1017/526
f 868/1014/723 1678/1013/722 768/1017/526 177/714/525
f 165/477/339 870/1018/725 1679/1019/726 769/1020/529
f 870/1018/725 141/1021/648 837/920/660 1679/1019/726
f 1679/1019/726 837/920/660 139/906/650 868/1014/723
f 769/1020/529 1679/1019/726 868/1014/723 177/714/525
f 140/1015/638 826/1022/641 1680/1023/727 869/1016/724
f 826/1022/641 142/1024/622 871/1025/728 1680/1023/727
f 1680/1023/727 871/1025/728 211/1026/729 872/1027/730
f 869/1016/724 1680/1023/727 872/1027/730 164/468/330
f 212/1028/731 874/1029/732 1681/1030/733 873/1031/734
f 874/1029/732 143/887/636 831/1032/649 1681/1030/733
f 1681/1030/733 831/1032/649 141/1021/648 870/1018/725
f 873/1031/734 1681/1030/733 870/1018/725 165/477/339
f 142/1024/622 818/1033/625 1682/1034/735 871/1025/728
f 818/1033/625 144/832/597 875/1035/736 1682/1034/735
f 1682/1034/735 875/1035/736 213/1036/737 876/1037/738
f 871/1025/728 1682/1034/735 876/1037/738 211/1026/729
f 214/1038/739 878/1039/740 1683/1040/741 877/1041/742
f 878/1039/740 145/845/608 825/1042/637 1683/1040/741
f 1683/1040/741 825/1042/637 143/887/636 874/1029/732
f 877/1041/742 1683/1040/741 874/1029/732 212/1028/731
f 144/832/597 805/835/600 1684/1043/743 875/1035/736
f 805/835/600 187/1044/583 797/1045/581 1684/1043/743
f 1684/1043/743 797/1045/581 166/452/314 879/1046/744
f 875/1035/736 1684/1043/743 879/1046/744 213/1036/737
f 167/456/318 802/1047/592 1685/1048/745 880/1049/746
f 802/1047/592 188/847/591 811/1050/609 1685/1048/745
f 1685/1048/745 811/1050/609 145/845/608 878/1039/740
f 880/1049/746 1685/1048/745 878/1039/740 214/1038/739
f 81/1051/310 881/1052/747 1686/1053/748 662/1054/311
f 881/1052/747 209/1055/749 882/1056/750 1686/1053/748
f 1686/1053/748 882/1056/750 213/1057/737 879/1058/744
f 662/1054/311 1686/1053/748 879/1058/744 166/1059/314
f 214/1060/739 883/1061/751 1687/1062/752 880/1063/746
f 883/1061/751 210/1064/753 884/1065/754 1687/1062/752
f 1687/1062/752 884/1065/754 82/1066/320 665/1067/319
f 880/1063/746 1687/1062/752 665/1067/319 167/456/318
f 209/1055/749 885/1068/755 1688/1069/756 882/1056/750
f 885/1068/755 215/1070/757 886/1071/758 1688/1069/756
f 1688/1069/756 886/1071/758 211/1072/729 876/1073/738
f 882/1056/750 1688/1069/756 876/1073/738 213/1057/737
f 212/1074/731 887/1075/759 1689/1076/760 877/1077/742
f 887/1075/759 216/1078/761 888/1079/762 1689/1076/760
f 1689/1076/760 888/1079/762 210/1064/753 883/1061/751
f 877/1077/742 1689/1076/760 883/1061/751 214/1060/739
f 79/1080/322 667/1081/325 1690/1082/763 889/1083/764
f 667/1081/325 164/468/330 872/1084/730 1690/1082/763
f 1690/1082/763 872/1084/730 211/1085/729 886/1086/758
f 889/1083/764 1690/1082/763 886/1086/758 215/1087/757
f 212/1028/731 873/1088/734 1691/1089/765 887/1090/759
f 873/1088/734 165/477/339 674/1091/338 1691/1089/765
f 1691/1089/765 674/1091/338 80/1092/337 890/1093/766
f 887/1090/759 1691/1089/765 890/1093/766 216/1094/761
f 131/790/573 816/1095/617 1692/1096/767 891/1097/768
f 816/1095/617 130/1098/616 892/1099/769 1692/1096/767
f 1692/1096/767 892/1099/769 72/1100/770 893/1101/771
f 891/1097/768 1692/1096/767 893/1101/771 222/1102/772
f 72/1100/770 892/1099/769 1693/1103/773 894/1104/774
f 892/1099/769 130/1105/616 817/1106/621 1693/1103/773
f 1693/1103/773 817/1106/621 132/803/579 895/1107/775
f 894/1104/774 1693/1103/773 895/1107/775 223/1108/776
f 133/778/565 794/1109/574 1694/1110/777 896/1111/778
f 794/1109/574 131/790/573 891/1097/768 1694/1110/777
f 1694/1110/777 891/1097/768 222/1102/772 897/1112/779
f 896/1111/778 1694/1110/777 897/1112/779 220/1113/780
f 223/1108/776 895/1107/775 1695/1114/781 898/1115/782
f 895/1107/775 132/803/579 795/1116/578 1695/1114/781
f 1695/1114/781 795/1116/578 134/787/571 899/1117/783
f 898/1115/782 1695/1114/781 899/1117/783 221/1118/784
f 135/763/555 790/1119/566 1696/1120/785 900/1121/786
f 790/1119/566 133/778/565 896/1111/778 1696/1120/785
f 1696/1120/785 896/1111/778 220/1113/780 901/1122/787
f 900/1121/786 1696/1120/785 901/1122/787 218/1123/788
f 221/1118/784 899/1117/783 1697/1124/789 902/1125/790
f 899/1117/783 134/787/571 791/1126/570 1697/1124/789
f 1697/1124/789 791/1126/570 136/1127/563 903/1128/791
f 902/1125/790 1697/1124/789 903/1128/791 219/1129/792
f 137/1130/559 785/1131/556 1698/1132/793 904/1133/794
f 785/1131/556 135/763/555 900/1121/786 1698/1132/793
f 1698/1132/793 900/1121/786 218/1123/788 905/1134/795
f 904/1133/794 1698/1132/793 905/1134/795 217/1135/796
f 219/1129/792 903/1128/791 1699/1136/797 906/1137/798
f 903/1128/791 136/1127/563 787/1138/562 1699/1136/797
f 1699/1136/797 787/1138/562 137/1130/559 904/1139/794
f 906/1137/798 1699/1136/797 904/1139/794 217/1135/796
f 217/1135/799 905/1134/800 1700/1140/801 907/1141/802
f 905/1134/800 218/1123/803 908/1142/804 1700/1140/801
f 1700/1140/801 908/1142/804 229/1143/805 909/1144/806
f 907/1141/802 1700/1140/801 909/1144/806 231/1145/807
f 230/1146/808 911/1147/809 1701/1148/810 910/1149/811
f 911/1147/809 219/1129/812 906/1137/813 1701/1148/810
f 1701/1148/810 906/1137/813 217/1135/799 907/1150/802
f 910/1149/811 1701/1148/810 907/1150/802 231/1145/807
f 218/1123/803 901/1122/814 1702/1151/815 908/1142/804
f 901/1122/814 220/1113/816 912/1152/817 1702/1151/815
f 1702/1151/815 912/1152/817 227/1153/818 913/1154/819
f 908/1142/804 1702/1151/815 913/1154/819 229/1143/805
f 228/1155/820 915/1156/821 1703/1157/822 914/1158/823
f 915/1156/821 221/1118/824 902/1125/825 1703/1157/822
f 1703/1157/822 902/1125/825 219/1129/812 911/1147/809
f 914/1158/823 1703/1157/822 911/1147/809 230/1146/808
f 220/1113/816 897/1112/826 1704/1159/827 912/1152/817
f 897/1112/826 222/1102/828 916/1160/829 1704/1159/827
f 1704/1159/827 916/1160/829 225/1161/830 917/1162/831
f 912/1152/817 1704/1159/827 917/1162/831 227/1153/818
f 226/1163/832 919/1164/833 1705/1165/834 918/1166/835
f 919/1164/833 223/1108/836 898/1115/837 1705/1165/834
f 1705/1165/834 898/1115/837 221/1118/824 915/1156/821
f 918/1166/835 1705/1165/834 915/1156/821 228/1155/820
f 222/1102/828 893/1101/838 1706/1167/839 916/1160/829
f 893/1101/838 72/1100/840 920/1168/841 1706/1167/839
f 1706/1167/839 920/1168/841 224/1169/842 921/1170/843
f 916/1160/829 1706/1167/839 921/1170/843 225/1161/830
f 224/1169/842 920/1171/841 1707/1172/844 922/1173/845
f 920/1171/841 72/1100/840 894/1104/846 1707/1172/844
f 1707/1172/844 894/1104/846 223/1108/836 919/1164/833
f 922/1173/845 1707/1172/844 919/1164/833 226/1163/832
f 224/1174/842 923/1175/847 1708/1176/848 921/1177/843
f 923/1175/847 231/1145/807 909/1178/806 1708/1176/848
f 1708/1176/848 909/1178/806 229/1179/805 924/1180/849
f 921/1177/843 1708/1176/848 924/1180/849 225/1181/830
f 230/1146/808 910/1149/811 1709/1182/850 925/1183/851
f 910/1149/811 231/1145/807 923/1175/847 1709/1182/850
f 1709/1182/850 923/1175/847 224/1184/842 922/1185/845
f 925/1183/851 1709/1182/850 922/1185/845 226/1186/832
f 225/1181/830 924/1187/849 1710/1188/852 917/1162/831
f 229/1179/805 913/1154/819 1710/1188/852 924/1189/849
f 227/1153/818 917/1190/831 1710/1188/852 913/1154/819
f 228/1155/820 914/1191/823 1711/1192/853 918/1193/835
f 230/1194/808 925/1195/851 1711/1192/853 914/1191/823
f 226/1196/832 918/1193/835 1711/1192/853 925/1197/851
f 183/753/545 782/1198/552 1712/1199/854 926/1200/855
f 782/1198/552 181/1201/523 927/1202/856 1712/1199/854
f 1712/1199/854 927/1202/856 234/1203/857 928/1204/858
f 926/1200/855 1712/1199/854 928/1204/858 232/1205/859
f 235/1206/860 930/1207/861 1713/1208/862 929/1209/863
f 930/1207/861 182/1210/530 783/1211/553 1713/1208/862
f 1713/1208/862 783/1211/553 184/755/549 931/1212/864
f 929/1209/863 1713/1208/862 931/1212/864 233/1213/865
f 112/1214/535 776/1215/541 1714/1216/866 932/1217/867
f 776/1215/541 183/753/545 926/1200/855 1714/1216/866
f 1714/1216/866 926/1200/855 232/1205/859 933/1218/868
f 932/1217/867 1714/1216/866 933/1218/868 254/1219/869
f 233/1213/865 931/1212/864 1715/1220/870 934/1221/871
f 931/1212/864 184/755/549 780/1222/548 1715/1220/870
f 1715/1220/870 780/1222/548 113/1223/539 935/1224/872
f 934/1221/871 1715/1220/870 935/1224/872 255/1225/873
f 110/1226/445 772/1227/533 1716/1228/874 936/1229/875
f 772/1227/533 112/1214/535 932/1217/867 1716/1228/874
f 1716/1228/874 932/1217/867 254/1219/869 937/1230/876
f 936/1229/875 1716/1228/874 937/1230/876 256/1231/877
f 255/1225/873 935/1224/872 1717/1232/878 938/1233/879
f 935/1224/872 113/1223/539 775/1234/538 1717/1232/878
f 1717/1232/878 775/1234/538 111/1235/455 939/1236/880
f 938/1233/879 1717/1232/878 939/1236/880 257/1237/881
f 181/1201/523 766/1238/521 1718/1239/882 927/1202/856
f 766/1238/521 114/1240/513 940/1241/883 1718/1239/882
f 1718/1239/882 940/1241/883 252/1242/884 941/1243/885
f 927/1202/856 1718/1239/882 941/1243/885 234/1203/857
f 253/1244/886 943/1245/887 1719/1246/888 942/1247/889
f 943/1245/887 115/721/519 771/1248/531 1719/1246/888
f 1719/1246/888 771/1248/531 182/1210/530 930/1207/861
f 942/1247/889 1719/1246/888 930/1207/861 235/1206/860
f 114/1240/513 762/1249/516 1720/1250/890 940/1241/883
f 762/1249/516 116/684/505 944/1251/891 1720/1250/890
f 1720/1250/890 944/1251/891 250/1252/892 945/1253/893
f 940/1241/883 1720/1250/890 945/1253/893 252/1242/884
f 251/1254/894 947/1255/895 1721/1256/896 946/1257/897
f 947/1255/895 117/693/511 765/1258/520 1721/1256/896
f 1721/1256/896 765/1258/520 115/721/519 943/1245/887
f 946/1257/897 1721/1256/896 943/1245/887 253/1244/886
f 116/684/505 758/1259/508 1722/1260/898 944/1251/891
f 758/1259/508 118/1261/497 948/1262/899 1722/1260/898
f 1722/1260/898 948/1262/899 248/1263/900 949/1264/901
f 944/1251/891 1722/1260/898 949/1264/901 250/1252/892
f 249/1265/902 951/1266/903 1723/1267/904 950/1268/905
f 951/1266/903 119/1269/503 761/1270/512 1723/1267/904
f 1723/1267/904 761/1270/512 117/693/511 947/1255/895
f 950/1268/905 1723/1267/904 947/1255/895 251/1254/894
f 118/1261/497 754/1271/500 1724/1272/906 948/1262/899
f 754/1271/500 120/661/489 952/1273/907 1724/1272/906
f 1724/1272/906 952/1273/907 246/1274/908 953/1275/909
f 948/1262/899 1724/1272/906 953/1275/909 248/1263/900
f 247/1276/910 955/1277/911 1725/1278/912 954/1279/913
f 955/1277/911 121/1280/495 757/1281/504 1725/1278/912
f 1725/1278/912 757/1281/504 119/1269/503 951/1266/903
f 954/1279/913 1725/1278/912 951/1266/903 249/1265/902
f 120/661/489 750/1282/492 1726/1283/914 952/1273/907
f 750/1282/492 122/650/481 956/1284/915 1726/1283/914
f 1726/1283/914 956/1284/915 244/1285/916 957/1286/917
f 952/1273/907 1726/1283/914 957/1286/917 246/1274/908
f 245/1287/918 959/1288/919 1727/1289/920 958/1290/921
f 959/1288/919 123/1291/487 753/1292/496 1727/1289/920
f 1727/1289/920 753/1292/496 121/1280/495 955/1277/911
f 958/1290/921 1727/1289/920 955/1277/911 247/1276/910
f 122/650/481 746/1293/484 1728/1294/922 956/1284/915
f 746/1293/484 124/1295/473 960/1296/923 1728/1294/922
f 1728/1294/922 960/1296/923 242/1297/924 961/1298/925
f 956/1284/915 1728/1294/922 961/1298/925 244/1285/916
f 243/1299/926 963/1300/927 1729/1301/928 962/1302/929
f 963/1300/927 125/648/479 749/660/488 1729/1301/928
f 1729/1301/928 749/660/488 123/1291/487 959/1288/919
f 962/1302/929 1729/1301/928 959/1288/919 245/1287/918
f 124/1295/473 742/1303/476 1730/1304/930 960/1296/923
f 742/1303/476 126/626/465 964/1305/931 1730/1304/930
f 1730/1304/930 964/1305/931 240/1306/932 965/1307/933
f 960/1296/923 1730/1304/930 965/1307/933 242/1297/924
f 241/1308/934 967/1309/935 1731/1310/936 966/1311/937
f 967/1309/935 127/1312/471 745/649/480 1731/1310/936
f 1731/1310/936 745/649/480 125/648/479 963/1300/927
f 966/1311/937 1731/1310/936 963/1300/927 243/1299/926
f 126/626/465 738/629/468 1732/1313/938 964/1305/931
f 738/629/468 179/616/459 968/1314/939 1732/1313/938
f 1732/1313/938 968/1314/939 236/1315/940 969/1316/941
f 964/1305/931 1732/1313/938 969/1316/941 240/1306/932
f 237/1317/942 971/1318/943 1733/1319/944 970/1320/945
f 971/1318/943 180/1321/463 741/1322/472 1733/1319/944
f 1733/1319/944 741/1322/472 127/1312/471 967/1309/935
f 970/1320/945 1733/1319/944 967/1309/935 241/1308/934
f 179/616/459 734/614/457 1734/1323/946 968/1314/939
f 734/614/457 128/1324/449 972/1325/947 1734/1323/946
f 1734/1323/946 972/1325/947 238/1326/948 973/1327/949
f 968/1314/939 1734/1323/946 973/1327/949 236/1315/940
f 239/1328/950 975/1329/951 1735/1330/952 974/1331/953
f 975/1329/951 129/1332/453 737/1333/464 1735/1330/952
f 1735/1330/952 737/1333/464 180/1321/463 971/1318/943
f 974/1331/953 1735/1330/952 971/1318/943 237/1317/942
f 128/1324/449 729/1334/446 1736/1335/954 972/1325/947
f 729/1334/446 110/1226/445 936/1229/875 1736/1335/954
f 1736/1335/954 936/1229/875 256/1231/877 976/1336/955
f 972/1325/947 1736/1335/954 976/1336/955 238/1326/948
f 257/1237/881 939/1236/880 1737/1337/956 977/1338/957
f 939/1236/880 111/1235/455 732/1339/454 1737/1337/956
f 1737/1337/956 732/1339/454 129/1332/453 975/1329/951
f 977/1338/957 1737/1337/956 975/1329/951 239/1328/950
f 238/1340/948 976/1341/955 1738/1342/958 978/1343/959
f 976/1341/955 256/1344/877 979/1345/960 1738/1342/958
f 1738/1342/958 979/1345/960 258/1346/961 980/1347/962
f 978/1343/959 1738/1342/958 980/1347/962 276/1348/963
f 259/1349/964 982/1350/965 1739/1351/966 981/1352/967
f 982/1350/965 257/1353/881 977/1354/957 1739/1351/966
f 1739/1351/966 977/1354/957 239/1355/950 983/1356/968
f 981/1352/967 1739/1351/966 983/1356/968 277/1357/969
f 236/1358/940 973/1327/949 1740/1359/970 984/1360/971
f 973/1327/949 238/1340/948 978/1343/959 1740/1359/970
f 1740/1359/970 978/1343/959 276/1348/963 985/1361/972
f 984/1360/971 1740/1359/970 985/1361/972 278/1362/973
f 277/1357/969 983/1356/968 1741/1363/974 986/1364/975
f 983/1356/968 239/1355/950 974/1365/953 1741/1363/974
f 1741/1363/974 974/1365/953 237/1366/942 987/1367/976
f 986/1364/975 1741/1363/974 987/1367/976 279/1368/977
f 240/1369/932 969/1370/941 1742/1371/978 988/1372/979
f 969/1370/941 236/1358/940 984/1360/971 1742/1371/978
f 1742/1371/978 984/1360/971 278/1362/973 989/1373/980
f 988/1372/979 1742/1371/978 989/1373/980 274/1374/981
f 279/1368/977 987/1367/976 1743/1375/982 990/1376/983
f 987/1367/976 237/1366/942 970/1377/945 1743/1375/982
f 1743/1375/982 970/1377/945 241/1378/934 991/1379/984
f 990/1376/983 1743/1375/982 991/1379/984 275/1380/985
f 242/1297/924 965/1381/933 1744/1382/986 992/1383/987
f 965/1381/933 240/1369/932 988/1372/979 1744/1382/986
f 1744/1382/986 988/1372/979 274/1374/981 993/1384/988
f 992/1383/987 1744/1382/986 993/1384/988 272/1385/989
f 275/1380/985 991/1379/984 1745/1386/990 994/1387/991
f 991/1379/984 241/1378/934 966/1388/937 1745/1386/990
f 1745/1386/990 966/1388/937 243/1299/926 995/1389/992
f 994/1387/991 1745/1386/990 995/1389/992 273/1390/993
f 244/1391/916 961/1392/925 1746/1393/994 996/1394/995
f 961/1392/925 242/1297/924 992/1383/987 1746/1393/994
f 1746/1393/994 992/1383/987 272/1385/989 997/1395/996
f 996/1394/995 1746/1393/994 997/1395/996 270/1396/997
f 273/1390/993 995/1389/992 1747/1397/998 998/1398/999
f 995/1389/992 243/1299/926 962/1302/929 1747/1397/998
f 1747/1397/998 962/1302/929 245/1399/918 999/1400/1000
f 998/1398/999 1747/1397/998 999/1400/1000 271/1401/1001
f 246/1402/908 957/1286/917 1748/1403/1002 1000/1404/1003
f 957/1286/917 244/1391/916 996/1394/995 1748/1403/1002
f 1748/1403/1002 996/1394/995 270/1396/997 1001/1405/1004
f 1000/1404/1003 1748/1403/1002 1001/1405/1004 268/1406/1005
f 271/1401/1001 999/1400/1000 1749/1407/1006 1002/1408/1007
f 999/1400/1000 245/1399/918 958/1290/921 1749/1407/1006
f 1749/1407/1006 958/1290/921 247/1409/910 1003/1410/1008
f 1002/1408/1007 1749/1407/1006 1003/1410/1008 269/1411/1009
f 248/1412/900 953/1413/909 1750/1414/1010 1004/1415/1011
f 953/1413/909 246/1402/908 1000/1404/1003 1750/1414/1010
f 1750/1414/1010 1000/1404/1003 268/1406/1005 1005/1416/1012
f 1004/1415/1011 1750/1414/1010 1005/1416/1012 266/1417/1013
f 269/1411/1009 1003/1410/1008 1751/1418/1014 1006/1419/1015
f 1003/1410/1008 247/1409/910 954/1420/913 1751/1418/1014
f 1751/1418/1014 954/1420/913 249/1421/902 1007/1422/1016
f 1006/1419/1015 1751/1418/1014 1007/1422/1016 267/1423/1017
f 250/1424/892 949/1264/901 1752/1425/1018 1008/1426/1019
f 949/1264/901 248/1412/900 1004/1415/1011 1752/1425/1018
f 1752/1425/1018 1004/1415/1011 266/1417/1013 1009/1427/1020
f 1008/1426/1019 1752/1425/1018 1009/1427/1020 264/1428/1021
f 267/1423/1017 1007/1422/1016 1753/1429/1022 1010/1430/1023
f 1007/1422/1016 249/1421/902 950/1268/905 1753/1429/1022
f 1753/1429/1022 950/1268/905 251/1431/894 1011/1432/1024
f 1010/1430/1023 1753/1429/1022 1011/1432/1024 265/1433/1025
f 252/1242/884 945/1253/893 1754/1434/1026 1012/1435/1027
f 945/1253/893 250/1424/892 1008/1426/1019 1754/1434/1026
f 1754/1434/1026 1008/1426/1019 264/1428/1021 1013/1436/1028
f 1012/1435/1027 1754/1434/1026 1013/1436/1028 262/1437/1029
f 265/1433/1025 1011/1432/1024 1755/1438/1030 1014/1439/1031
f 1011/1432/1024 251/1431/894 946/1440/897 1755/1438/1030
f 1755/1438/1030 946/1440/897 253/1441/886 1015/1442/1032
f 1014/1439/1031 1755/1438/1030 1015/1442/1032 263/1443/1033
f 234/1444/857 941/1445/885 1756/1446/1034 1016/1447/1035
f 941/1445/885 252/1242/884 1012/1435/1027 1756/1446/1034
f 1756/1446/1034 1012/1435/1027 262/1437/1029 1017/1448/1036
f 1016/1447/1035 1756/1446/1034 1017/1448/1036 280/1449/1037
f 263/1443/1033 1015/1442/1032 1757/1450/1038 1018/1451/1039
f 1015/1442/1032 253/1441/886 942/1452/889 1757/1450/1038
f 1757/1450/1038 942/1452/889 235/1453/860 1019/1454/1040
f 1018/1451/1039 1757/1450/1038 1019/1454/1040 281/1455/1041
f 256/1344/877 937/1230/876 1758/1456/1042 979/1345/960
f 937/1230/876 254/1457/869 1020/1458/1043 1758/1456/1042
f 1758/1456/1042 1020/1458/1043 260/1459/1044 1021/1460/1045
f 979/1345/960 1758/1456/1042 1021/1460/1045 258/1346/961
f 261/1461/1046 1023/1462/1047 1759/1463/1048 1022/1464/1049
f 1023/1462/1047 255/1225/873 938/1465/879 1759/1463/1048
f 1759/1463/1048 938/1465/879 257/1353/881 982/1350/965
f 1022/1464/1049 1759/1463/1048 982/1350/965 259/1349/964
f 254/1457/869 933/1466/868 1760/1467/1050 1020/1458/1043
f 933/1466/868 232/1468/859 1024/1469/1051 1760/1467/1050
f 1760/1467/1050 1024/1469/1051 282/1470/1052 1025/1471/1053
f 1020/1458/1043 1760/1467/1050 1025/1471/1053 260/1459/1044
f 283/1472/1054 1027/1473/1055 1761/1474/1056 1026/1475/1057
f 1027/1473/1055 233/1476/865 934/1477/871 1761/1474/1056
f 1761/1474/1056 934/1477/871 255/1225/873 1023/1462/1047
f 1026/1475/1057 1761/1474/1056 1023/1462/1047 261/1461/1046
f 232/1468/859 928/1478/858 1762/1479/1058 1024/1469/1051
f 928/1478/858 234/1444/857 1016/1447/1035 1762/1479/1058
f 1762/1479/1058 1016/1447/1035 280/1449/1037 1028/1480/1059
f 1024/1469/1051 1762/1479/1058 1028/1480/1059 282/1470/1052
f 281/1455/1041 1019/1454/1040 1763/1481/1060 1029/1482/1061
f 1019/1454/1040 235/1453/860 929/1483/863 1763/1481/1060
f 1763/1481/1060 929/1483/863 233/1476/865 1027/1473/1055
f 1029/1482/1061 1763/1481/1060 1027/1473/1055 283/1472/1054
f 67/1484/438 723/1485/436 1764/1486/1062 1030/1487/1063
f 723/1485/436 108/580/426 1031/1488/1064 1764/1486/1062
f 1764/1486/1062 1031/1488/1064 284/1489/1065 1032/1490/1066
f 1030/1487/1063 1764/1486/1062 1032/1490/1066 73/1491/1067
f 285/1492/1068 1034/1493/1069 1765/1494/1070 1033/1495/1071
f 1034/1493/1069 109/1496/434 727/1497/444 1765/1494/1070
f 1765/1494/1070 727/1497/444 67/1498/438 1030/1499/1063
f 1033/1495/1071 1765/1494/1070 1030/1499/1063 73/1491/1067
f 108/580/426 717/568/424 1766/1500/1072 1031/1488/1064
f 717/568/424 106/558/414 1035/1501/1073 1766/1500/1072
f 1766/1500/1072 1035/1501/1073 286/1502/1074 1036/1503/1075
f 1031/1488/1064 1766/1500/1072 1036/1503/1075 284/1489/1065
f 287/1504/1076 1038/1505/1077 1767/1506/1078 1037/1507/1079
f 1038/1505/1077 107/1508/422 722/1509/435 1767/1506/1078
f 1767/1506/1078 722/1509/435 109/1496/434 1034/1493/1069
f 1037/1507/1079 1767/1506/1078 1034/1493/1069 285/1492/1068
f 106/558/414 711/1510/412 1768/1511/1080 1035/1501/1073
f 711/1510/412 104/1512/402 1039/1513/1081 1768/1511/1080
f 1768/1511/1080 1039/1513/1081 288/1514/1082 1040/1515/1083
f 1035/1501/1073 1768/1511/1080 1040/1515/1083 286/1502/1074
f 289/1516/1084 1042/1517/1085 1769/1518/1086 1041/1519/1087
f 1042/1517/1085 105/1520/410 716/567/423 1769/1518/1086
f 1769/1518/1086 716/567/423 107/1508/422 1038/1505/1077
f 1041/1519/1087 1769/1518/1086 1038/1505/1077 287/1504/1076
f 104/1512/402 705/1521/400 1770/1522/1088 1039/1513/1081
f 705/1521/400 102/1523/390 1043/1524/1089 1770/1522/1088
f 1770/1522/1088 1043/1524/1089 290/1525/1090 1044/1526/1091
f 1039/1513/1081 1770/1522/1088 1044/1526/1091 288/1514/1082
f 291/1527/1092 1046/1528/1093 1771/1529/1094 1045/1530/1095
f 1046/1528/1093 103/1531/398 710/1532/411 1771/1529/1094
f 1771/1529/1094 710/1532/411 105/1520/410 1042/1517/1085
f 1045/1530/1095 1771/1529/1094 1042/1517/1085 289/1516/1084
f 102/1523/390 699/1533/388 1772/1534/1096 1043/1524/1089
f 699/1533/388 100/1535/378 1047/1536/1097 1772/1534/1096
f 1772/1534/1096 1047/1536/1097 292/1537/1098 1048/1538/1099
f 1043/1524/1089 1772/1534/1096 1048/1538/1099 290/1525/1090
f 293/1539/1100 1050/1540/1101 1773/1541/1102 1049/1542/1103
f 1050/1540/1101 101/530/386 704/1543/399 1773/1541/1102
f 1773/1541/1102 704/1543/399 103/1531/398 1046/1528/1093
f 1049/1542/1103 1773/1541/1102 1046/1528/1093 291/1527/1092
f 100/1535/378 693/1544/376 1774/1545/1104 1047/1536/1097
f 693/1544/376 98/1546/366 1051/1547/1105 1774/1545/1104
f 1774/1545/1104 1051/1547/1105 294/1548/1106 1052/1549/1107
f 1047/1536/1097 1774/1545/1104 1052/1549/1107 292/1537/1098
f 295/1550/1108 1054/1551/1109 1775/1552/1110 1053/1553/1111
f 1054/1551/1109 99/1554/374 698/1555/387 1775/1552/1110
f 1775/1552/1110 698/1555/387 101/530/386 1050/1540/1101
f 1053/1553/1111 1775/1552/1110 1050/1540/1101 293/1539/1100
f 98/1546/366 687/1556/364 1776/1557/1112 1051/1547/1105
f 687/1556/364 96/1558/354 1055/1559/1113 1776/1557/1112
f 1776/1557/1112 1055/1559/1113 296/1560/1114 1056/1561/1115
f 1051/1547/1105 1776/1557/1112 1056/1561/1115 294/1548/1106
f 297/1562/1116 1058/1563/1117 1777/1564/1118 1057/1565/1119
f 1058/1563/1117 97/1566/362 692/519/375 1777/1564/1118
f 1777/1564/1118 692/519/375 99/1554/374 1054/1551/1109
f 1057/1565/1119 1777/1564/1118 1054/1551/1109 295/1550/1108
f 96/1567/354 681/1568/352 1778/1569/1120 1055/1570/1113
f 681/1568/352 94/1571/342 1059/1572/1121 1778/1569/1120
f 1778/1569/1120 1059/1572/1121 298/1573/1122 1060/1574/1123
f 1055/1570/1113 1778/1569/1120 1060/1574/1123 296/1575/1114
f 299/1576/1124 1062/1577/1125 1779/1578/1126 1061/1579/1127
f 1062/1577/1125 95/491/350 686/507/363 1779/1578/1126
f 1779/1578/1126 686/507/363 97/1566/362 1058/1563/1117
f 1061/1579/1127 1779/1578/1126 1058/1563/1117 297/1580/1116
f 94/1581/342 675/1582/340 1780/1583/1128 1059/1584/1121
f 675/1582/340 92/478/326 1063/1585/1129 1780/1583/1128
f 1780/1583/1128 1063/1585/1129 300/1586/1130 1064/1587/1131
f 1059/1584/1121 1780/1583/1128 1064/1587/1131 298/1588/1122
f 301/1589/1132 1066/1590/1133 1781/1591/1134 1065/1592/1135
f 1066/1590/1133 93/1593/335 680/492/351 1781/1591/1134
f 1781/1591/1134 680/492/351 95/491/350 1062/1594/1125
f 1065/1592/1135 1781/1591/1134 1062/1594/1125 299/1595/1124
f 308/1596/1136 1068/1597/1137 1782/1598/1138 1067/1599/1139
f 1068/1597/1137 309/1600/1140 1069/1601/1141 1782/1598/1138
f 1782/1598/1138 1069/1601/1141 328/1602/1142 1070/1603/1143
f 1067/1599/1139 1782/1598/1138 1070/1603/1143 338/1604/1144
f 329/1605/1145 1072/1606/1146 1783/1607/1147 1071/1608/1148
f 1072/1606/1146 309/1609/1140 1068/1610/1137 1783/1607/1147
f 1783/1607/1147 1068/1610/1137 308/1611/1136 1073/1612/1149
f 1071/1608/1148 1783/1607/1147 1073/1612/1149 339/1613/1150
f 307/1614/1151 1075/1615/1152 1784/1616/1153 1074/1617/1154
f 1075/1615/1152 308/1596/1136 1067/1599/1139 1784/1616/1153
f 1784/1616/1153 1067/1599/1139 338/1604/1144 1076/1618/1155
f 1074/1617/1154 1784/1616/1153 1076/1618/1155 336/1619/1156
f 339/1613/1150 1073/1612/1149 1785/1620/1157 1077/1621/1158
f 1073/1612/1149 308/1611/1136 1075/1622/1152 1785/1620/1157
f 1785/1620/1157 1075/1622/1152 307/1623/1151 1078/1624/1159
f 1077/1621/1158 1785/1620/1157 1078/1624/1159 337/1625/1160
f 306/1626/1161 1080/1627/1162 1786/1628/1163 1079/1629/1164
f 1080/1627/1162 307/1614/1151 1074/1617/1154 1786/1628/1163
f 1786/1628/1163 1074/1617/1154 336/1619/1156 1081/1630/1165
f 1079/1629/1164 1786/1628/1163 1081/1630/1165 340/1631/1166
f 337/1625/1160 1078/1624/1159 1787/1632/1167 1082/1633/1168
f 1078/1624/1159 307/1623/1151 1080/1634/1162 1787/1632/1167
f 1787/1632/1167 1080/1634/1162 306/1626/1161 1083/1635/1169
f 1082/1633/1168 1787/1632/1167 1083/1635/1169 341/1636/1170
f 89/1637/259 636/397/262 1788/1638/1171 1084/1639/1172
f 636/397/262 91/1640/267 1085/1641/1173 1788/1638/1171
f 1788/1638/1171 1085/1641/1173 306/1626/1161 1079/1642/1164
f 1084/1639/1172 1788/1638/1171 1079/1642/1164 340/1643/1166
f 306/1626/1161 1085/1644/1173 1789/1645/1174 1083/1635/1169
f 1085/1644/1173 91/411/267 642/1646/273 1789/1645/1174
f 1789/1645/1174 642/1646/273 90/1647/272 1086/1648/1175
f 1083/1635/1169 1789/1645/1174 1086/1648/1175 341/1649/1170
f 87/412/274 643/1650/277 1790/1651/1176 1087/1652/1177
f 643/1650/277 89/1637/259 1084/1639/1172 1790/1651/1176
f 1790/1651/1176 1084/1639/1172 340/1643/1166 1088/1653/1178
f 1087/1652/1177 1790/1651/1176 1088/1653/1178 334/1654/1179
f 341/1649/1170 1086/1648/1175 1791/1655/1180 1089/1656/1181
f 1086/1648/1175 90/1647/272 648/423/285 1791/1655/1180
f 1791/1655/1180 648/423/285 88/1657/284 1090/1658/1182
f 1089/1656/1181 1791/1655/1180 1090/1658/1182 335/1659/1183
f 85/424/286 649/1660/289 1792/1661/1184 1091/1662/1185
f 649/1660/289 87/412/274 1087/1652/1177 1792/1661/1184
f 1792/1661/1184 1087/1652/1177 334/1654/1179 1092/1663/1186
f 1091/1662/1185 1792/1661/1184 1092/1663/1186 330/1664/1187
f 335/1659/1183 1090/1658/1182 1793/1665/1188 1093/1666/1189
f 1090/1658/1182 88/1657/284 654/1667/297 1793/1665/1188
f 1793/1665/1188 654/1667/297 86/1668/296 1094/1669/1190
f 1093/1666/1189 1793/1665/1188 1094/1669/1190 331/1670/1191
f 83/1671/298 655/439/301 1794/1672/1192 1095/1673/1193
f 655/439/301 85/424/286 1091/1674/1185 1794/1672/1192
f 1794/1672/1192 1091/1674/1185 330/1664/1187 1096/1675/1194
f 1095/1673/1193 1794/1672/1192 1096/1675/1194 332/1676/1195
f 331/1677/1191 1094/1678/1190 1795/1679/1196 1097/1680/1197
f 1094/1678/1190 86/1681/296 660/1682/309 1795/1679/1196
f 1795/1679/1196 660/1682/309 84/1683/308 1098/1684/1198
f 1097/1680/1197 1795/1679/1196 1098/1684/1198 333/1685/1199
f 330/1664/1187 1099/1686/1200 1796/1687/1201 1096/1688/1194
f 1099/1686/1200 336/1689/1156 1076/1690/1155 1796/1687/1201
f 1796/1687/1201 1076/1690/1155 338/1691/1144 1100/1692/1202
f 1096/1688/1194 1796/1687/1201 1100/1692/1202 332/1693/1195
f 339/1694/1150 1077/1695/1158 1797/1696/1203 1101/1697/1204
f 1077/1695/1158 337/1698/1160 1102/1699/1205 1797/1696/1203
f 1797/1696/1203 1102/1699/1205 331/1700/1191 1097/1701/1197
f 1101/1697/1204 1797/1696/1203 1097/1701/1197 333/1685/1199
f 330/1664/1187 1092/1663/1186 1798/1702/1206 1099/1703/1200
f 1092/1663/1186 334/1654/1179 1088/1653/1178 1798/1702/1206
f 1798/1702/1206 1088/1653/1178 340/1643/1166 1081/1704/1165
f 1099/1703/1200 1798/1702/1206 1081/1704/1165 336/1705/1156
f 341/1706/1170 1089/1707/1181 1799/1708/1207 1082/1709/1168
f 1089/1707/1181 335/1659/1183 1093/1666/1189 1799/1708/1207
f 1799/1708/1207 1093/1666/1189 331/1670/1191 1102/1710/1205
f 1082/1709/1168 1799/1708/1207 1102/1710/1205 337/1711/1160
f 326/1712/1208 1104/1713/1209 1800/1714/1210 1103/1715/1211
f 1104/1713/1209 332/1676/1195 1100/1716/1202 1800/1714/1210
f 1800/1714/1210 1100/1716/1202 338/1717/1144 1070/1603/1143
f 1103/1715/1211 1800/1714/1210 1070/1603/1143 328/1718/1142
f 339/1694/1150 1101/1719/1204 1801/1720/1212 1071/1721/1148
f 1101/1719/1204 333/1685/1199 1105/1722/1213 1801/1720/1212
f 1801/1720/1212 1105/1722/1213 327/1723/1214 1106/1724/1215
f 1071/1721/1148 1801/1720/1212 1106/1724/1215 329/1605/1145
f 81/1725/310 661/1726/313 1802/1727/1216 1107/1728/1217
f 661/1726/313 83/1671/298 1095/1673/1193 1802/1727/1216
f 1802/1727/1216 1095/1673/1193 332/1676/1195 1104/1713/1209
f 1107/1728/1217 1802/1727/1216 1104/1713/1209 326/1712/1208
f 333/1685/1199 1098/1684/1198 1803/1729/1218 1105/1722/1213
f 1098/1684/1198 84/1683/308 666/1730/321 1803/1729/1218
f 1803/1729/1218 666/1730/321 82/458/320 1108/1731/1219
f 1105/1722/1213 1803/1729/1218 1108/1731/1219 327/1723/1214
f 209/1732/749 1109/1733/1220 1804/1734/1221 885/1068/755
f 1109/1733/1220 342/1735/1222 1110/1736/1223 1804/1734/1221
f 1804/1734/1221 1110/1736/1223 344/1737/1224 1111/1738/1225
f 885/1068/755 1804/1734/1221 1111/1738/1225 215/1739/757
f 345/1740/1226 1113/1741/1227 1805/1742/1228 1112/1743/1229
f 1113/1741/1227 343/1744/1230 1114/1745/1231 1805/1742/1228
f 1805/1742/1228 1114/1745/1231 210/1064/753 888/1746/762
f 1112/1743/1229 1805/1742/1228 888/1746/762 216/1094/761
f 81/1725/310 1107/1728/1217 1806/1747/1232 881/1748/747
f 1107/1728/1217 326/1749/1208 1115/1750/1233 1806/1747/1232
f 1806/1747/1232 1115/1750/1233 342/1735/1222 1109/1733/1220
f 881/1748/747 1806/1747/1232 1109/1733/1220 209/1732/749
f 343/1744/1230 1116/1751/1234 1807/1752/1235 1114/1745/1231
f 1116/1751/1234 327/1753/1214 1108/1754/1219 1807/1752/1235
f 1807/1752/1235 1108/1754/1219 82/1755/320 884/1756/754
f 1114/1745/1231 1807/1752/1235 884/1756/754 210/1064/753
f 79/1757/322 889/1758/764 1808/1759/1236 1117/1760/1237
f 889/1758/764 215/1087/757 1111/1738/1225 1808/1759/1236
f 1808/1759/1236 1111/1738/1225 344/1761/1224 1118/1762/1238
f 1117/1760/1237 1808/1759/1236 1118/1762/1238 346/1763/1239
f 345/1764/1226 1112/1765/1229 1809/1766/1240 1119/1767/1241
f 1112/1765/1229 216/1768/761 890/1769/766 1809/1766/1240
f 1809/1766/1240 890/1769/766 80/1770/337 1120/1771/1242
f 1119/1767/1241 1809/1766/1240 1120/1771/1242 347/1772/1243
f 79/1757/322 1117/1773/1237 1810/1774/1244 668/1775/323
f 1117/1773/1237 346/1763/1239 1121/1776/1245 1810/1774/1244
f 1810/1774/1244 1121/1776/1245 300/1586/1130 1063/1585/1129
f 668/1775/323 1810/1774/1244 1063/1585/1129 92/1777/326
f 301/1589/1132 1122/1778/1246 1811/1779/1247 1066/1780/1133
f 1122/1778/1246 347/1772/1243 1120/1781/1242 1811/1779/1247
f 1811/1779/1247 1120/1781/1242 80/1092/337 673/474/336
f 1066/1780/1133 1811/1779/1247 673/474/336 93/1593/335
f 77/1782/1248 1124/1783/1249 1812/1784/1250 1123/1785/1251
f 1124/1783/1249 324/1786/1252 1125/1787/1253 1812/1784/1250
f 1812/1784/1250 1125/1787/1253 352/1788/1254 1126/1789/1255
f 1123/1785/1251 1812/1784/1250 1126/1789/1255 304/1790/1256
f 353/1791/1257 1128/1792/1258 1813/1793/1259 1127/1794/1260
f 1128/1792/1258 325/1795/1261 1129/1796/1262 1813/1793/1259
f 1813/1793/1259 1129/1796/1262 77/1797/1248 1123/1798/1251
f 1127/1794/1260 1813/1793/1259 1123/1798/1251 304/1799/1256
f 304/1790/1256 1126/1789/1255 1814/1800/1263 1130/1801/1264
f 1126/1789/1255 352/1788/1254 1131/1802/1265 1814/1800/1263
f 1814/1800/1263 1131/1802/1265 350/1803/1266 1132/1804/1267
f 1130/1801/1264 1814/1800/1263 1132/1804/1267 78/1805/1268
f 351/1806/1269 1134/1807/1270 1815/1808/1271 1133/1809/1272
f 1134/1807/1270 353/1791/1257 1127/1794/1260 1815/1808/1271
f 1815/1808/1271 1127/1794/1260 304/1799/1256 1130/1810/1264
f 1133/1809/1272 1815/1808/1271 1130/1810/1264 78/1811/1268
f 78/1805/1268 1132/1804/1267 1816/1812/1273 1135/1813/1274
f 1132/1804/1267 350/1803/1266 1136/1814/1275 1816/1812/1273
f 1816/1812/1273 1136/1814/1275 348/1815/1276 1137/1816/1277
f 1135/1813/1274 1816/1812/1273 1137/1816/1277 305/1817/1278
f 349/1818/1279 1139/1819/1280 1817/1820/1281 1138/1821/1282
f 1139/1819/1280 351/1806/1269 1133/1809/1272 1817/1820/1281
f 1817/1820/1281 1133/1809/1272 78/1811/1268 1135/1822/1274
f 1138/1821/1282 1817/1820/1281 1135/1822/1274 305/1823/1278
f 305/1817/1278 1137/1816/1277 1818/1824/1283 1140/1825/1284
f 1137/1816/1277 348/1815/1276 1141/1826/1285 1818/1824/1283
f 1818/1824/1283 1141/1826/1285 328/1827/1142 1069/1601/1141
f 1140/1825/1284 1818/1824/1283 1069/1601/1141 309/1600/1140
f 329/1828/1145 1142/1829/1286 1819/1830/1287 1072/1831/1146
f 1142/1829/1286 349/1818/1279 1138/1821/1282 1819/1830/1287
f 1819/1830/1287 1138/1821/1282 305/1823/1278 1140/1832/1284
f 1072/1831/1146 1819/1830/1287 1140/1832/1284 309/1609/1140
f 326/1749/1208 1103/1833/1211 1820/1834/1288 1115/1750/1233
f 1103/1833/1211 328/1835/1142 1141/1836/1285 1820/1834/1288
f 1820/1834/1288 1141/1836/1285 348/1815/1276 1143/1837/1289
f 1115/1750/1233 1820/1834/1288 1143/1837/1289 342/1735/1222
f 349/1818/1279 1142/1838/1286 1821/1839/1290 1144/1840/1291
f 1142/1838/1286 329/1605/1145 1106/1841/1215 1821/1839/1290
f 1821/1839/1290 1106/1841/1215 327/1753/1214 1116/1751/1234
f 1144/1840/1291 1821/1839/1290 1116/1751/1234 343/1744/1230
f 296/1560/1114 1060/1842/1123 1822/1843/1292 1145/1844/1293
f 1060/1842/1123 298/1588/1122 1146/1845/1294 1822/1843/1292
f 1822/1843/1292 1146/1845/1294 318/1846/1295 1147/1847/1296
f 1145/1844/1293 1822/1843/1292 1147/1847/1296 310/1848/1297
f 319/1849/1298 1149/1850/1299 1823/1851/1300 1148/1852/1301
f 1149/1850/1299 299/1595/1124 1061/1853/1127 1823/1851/1300
f 1823/1851/1300 1061/1853/1127 297/1562/1116 1150/1854/1302
f 1148/1852/1301 1823/1851/1300 1150/1854/1302 311/1855/1303
f 76/1856/1304 1152/1857/1305 1824/1858/1306 1151/1859/1307
f 1152/1857/1305 316/1860/1308 1153/1861/1309 1824/1858/1306
f 1824/1858/1306 1153/1861/1309 324/1786/1252 1124/1783/1249
f 1151/1859/1307 1824/1858/1306 1124/1783/1249 77/1782/1248
f 325/1795/1261 1154/1862/1310 1825/1863/1311 1129/1796/1262
f 1154/1862/1310 317/1864/1312 1155/1865/1313 1825/1863/1311
f 1825/1863/1311 1155/1865/1313 76/1866/1304 1151/1867/1307
f 1129/1796/1262 1825/1863/1311 1151/1867/1307 77/1797/1248
f 302/1868/1314 1157/1869/1315 1826/1870/1316 1156/1871/1317
f 1157/1869/1315 358/1872/1318 1158/1873/1319 1826/1870/1316
f 1826/1870/1316 1158/1873/1319 356/1874/1320 1159/1875/1321
f 1156/1871/1317 1826/1870/1316 1159/1875/1321 303/1876/1322
f 357/1877/1323 1161/1878/1324 1827/1879/1325 1160/1880/1326
f 1161/1878/1324 359/1881/1327 1162/1882/1328 1827/1879/1325
f 1827/1879/1325 1162/1882/1328 302/1883/1314 1156/1884/1317
f 1160/1880/1326 1827/1879/1325 1156/1884/1317 303/1885/1322
f 303/1876/1322 1159/1875/1321 1828/1886/1329 1163/1887/1330
f 1159/1875/1321 356/1874/1320 1164/1888/1331 1828/1886/1329
f 1828/1886/1329 1164/1888/1331 354/1889/1332 1165/1890/1333
f 1163/1887/1330 1828/1886/1329 1165/1890/1333 75/1891/1334
f 355/1892/1335 1167/1893/1336 1829/1894/1337 1166/1895/1338
f 1167/1893/1336 357/1877/1323 1160/1880/1326 1829/1894/1337
f 1829/1894/1337 1160/1880/1326 303/1885/1322 1163/1896/1330
f 1166/1895/1338 1829/1894/1337 1163/1896/1330 75/1897/1334
f 75/1891/1334 1165/1890/1333 1830/1898/1339 1168/1899/1340
f 1165/1890/1333 354/1889/1332 1169/1900/1341 1830/1898/1339
f 1830/1898/1339 1169/1900/1341 316/1860/1308 1152/1857/1305
f 1168/1899/1340 1830/1898/1339 1152/1857/1305 76/1856/1304
f 317/1864/1312 1170/1901/1342 1831/1902/1343 1155/1865/1313
f 1170/1901/1342 355/1892/1335 1166/1895/1338 1831/1902/1343
f 1831/1902/1343 1166/1895/1338 75/1897/1334 1168/1903/1340
f 1155/1865/1313 1831/1902/1343 1168/1903/1340 76/1866/1304
f 292/1904/1098 1052/1905/1107 1832/1906/1344 1171/1907/1345
f 1052/1905/1107 294/1548/1106 1172/1908/1346 1832/1906/1344
f 1832/1906/1344 1172/1908/1346 362/1909/1347 1173/1910/1348
f 1171/1907/1345 1832/1906/1344 1173/1910/1348 364/1911/1349
f 363/1912/1350 1175/1913/1351 1833/1914/1352 1174/1915/1353
f 1175/1913/1351 295/1550/1108 1053/1916/1111 1833/1914/1352
f 1833/1914/1352 1053/1916/1111 293/1917/1100 1176/1918/1354
f 1174/1915/1353 1833/1914/1352 1176/1918/1354 365/1919/1355
f 364/1920/1349 1173/1910/1348 1834/1921/1356 1177/1922/1357
f 1173/1910/1348 362/1923/1347 1178/1924/1358 1834/1921/1356
f 1834/1921/1356 1178/1924/1358 368/1925/1359 1179/1926/1360
f 1177/1922/1357 1834/1921/1356 1179/1926/1360 366/1927/1361
f 369/1928/1362 1181/1929/1363 1835/1930/1364 1180/1931/1365
f 1181/1929/1363 363/1932/1350 1174/1915/1353 1835/1930/1364
f 1835/1930/1364 1174/1915/1353 365/1933/1355 1182/1934/1366
f 1180/1931/1365 1835/1930/1364 1182/1934/1366 367/1935/1367
f 366/1927/1361 1179/1926/1360 1836/1936/1368 1183/1937/1369
f 1179/1926/1360 368/1925/1359 1184/1938/1370 1836/1936/1368
f 1836/1936/1368 1184/1938/1370 370/1939/1371 1185/1940/1372
f 1183/1937/1369 1836/1936/1368 1185/1940/1372 372/1941/1373
f 371/1942/1374 1187/1943/1375 1837/1944/1376 1186/1945/1377
f 1187/1943/1375 369/1928/1362 1180/1931/1365 1837/1944/1376
f 1837/1944/1376 1180/1931/1365 367/1935/1367 1188/1946/1378
f 1186/1945/1377 1837/1944/1376 1188/1946/1378 373/1947/1379
f 372/1948/1373 1185/1949/1372 1838/1950/1380 1189/1951/1381
f 1185/1949/1372 370/1939/1371 1190/1952/1382 1838/1950/1380
f 1838/1950/1380 1190/1952/1382 376/1953/1383 1191/1954/1384
f 1189/1951/1381 1838/1950/1380 1191/1954/1384 374/1955/1385
f 377/1956/1386 1193/1957/1387 1839/1958/1388 1192/1959/1389
f 1193/1957/1387 371/1960/1374 1186/1961/1377 1839/1958/1388
f 1839/1958/1388 1186/1961/1377 373/1962/1379 1194/1963/1390
f 1192/1959/1389 1839/1958/1388 1194/1963/1390 375/1964/1391
f 314/1965/1392 1196/1966/1393 1840/1967/1394 1195/1968/1395
f 1196/1966/1393 378/1969/1396 1197/1970/1397 1840/1967/1394
f 1840/1967/1394 1197/1970/1397 374/1971/1385 1191/1972/1384
f 1195/1968/1395 1840/1967/1394 1191/1972/1384 376/1953/1383
f 375/1973/1391 1198/1974/1398 1841/1975/1399 1192/1976/1389
f 1198/1974/1398 379/1977/1400 1199/1978/1401 1841/1975/1399
f 1841/1975/1399 1199/1978/1401 315/1979/1402 1200/1980/1403
f 1192/1976/1389 1841/1975/1399 1200/1980/1403 377/1956/1386
f 316/1981/1308 1169/1982/1341 1842/1983/1404 1201/1984/1405
f 1169/1982/1341 354/1985/1332 1202/1986/1406 1842/1983/1404
f 1842/1983/1404 1202/1986/1406 374/1987/1385 1197/1988/1397
f 1201/1984/1405 1842/1983/1404 1197/1988/1397 378/1989/1396
f 375/1973/1391 1203/1990/1407 1843/1991/1408 1198/1992/1398
f 1203/1990/1407 355/1993/1335 1170/1994/1342 1843/1991/1408
f 1843/1991/1408 1170/1994/1342 317/1995/1312 1204/1996/1409
f 1198/1992/1398 1843/1991/1408 1204/1996/1409 379/1997/1400
f 354/1985/1332 1164/1998/1331 1844/1999/1410 1202/1986/1406
f 1164/1998/1331 356/2000/1320 1205/2001/1411 1844/1999/1410
f 1844/1999/1410 1205/2001/1411 372/2002/1373 1189/2003/1381
f 1202/1986/1406 1844/1999/1410 1189/2003/1381 374/1987/1385
f 373/1947/1379 1206/2004/1412 1845/2005/1413 1194/2006/1390
f 1206/2004/1412 357/2007/1323 1167/2008/1336 1845/2005/1413
f 1845/2005/1413 1167/2008/1336 355/1993/1335 1203/1990/1407
f 1194/2006/1390 1845/2005/1413 1203/1990/1407 375/1973/1391
f 356/2000/1320 1158/1873/1319 1846/2009/1414 1205/2001/1411
f 1158/1873/1319 358/2010/1318 1207/2011/1415 1846/2009/1414
f 1846/2009/1414 1207/2011/1415 366/2012/1361 1183/1937/1369
f 1205/2001/1411 1846/2009/1414 1183/1937/1369 372/2002/1373
f 367/2013/1367 1208/2014/1416 1847/2015/1417 1188/2016/1378
f 1208/2014/1416 359/2017/1327 1161/2018/1324 1847/2015/1417
f 1847/2015/1417 1161/2018/1324 357/2007/1323 1206/2004/1412
f 1188/2016/1378 1847/2015/1417 1206/2004/1412 373/1947/1379
f 358/2010/1318 1209/2019/1418 1848/2020/1419 1207/2011/1415
f 1209/2019/1418 360/2021/1420 1210/2022/1421 1848/2020/1419
f 1848/2020/1419 1210/2022/1421 364/2023/1349 1177/1922/1357
f 1207/2011/1415 1848/2020/1419 1177/1922/1357 366/2012/1361
f 365/1933/1355 1211/2024/1422 1849/2025/1423 1182/2026/1366
f 1211/2024/1422 361/2027/1424 1212/2028/1425 1849/2025/1423
f 1849/2025/1423 1212/2028/1425 359/2017/1327 1208/2014/1416
f 1182/2026/1366 1849/2025/1423 1208/2014/1416 367/2013/1367
f 290/2029/1090 1048/2030/1099 1850/2031/1426 1213/2032/1427
f 1048/2030/1099 292/1904/1098 1171/1907/1345 1850/2031/1426
f 1850/2031/1426 1171/1907/1345 364/1911/1349 1210/2033/1421
f 1213/2032/1427 1850/2031/1426 1210/2033/1421 360/2034/1420
f 365/1919/1355 1176/1918/1354 1851/2035/1428 1211/2036/1422
f 1176/1918/1354 293/1917/1100 1049/2037/1103 1851/2035/1428
f 1851/2035/1428 1049/2037/1103 291/2038/1092 1214/2039/1429
f 1211/2036/1422 1851/2035/1428 1214/2039/1429 361/2027/1424
f 74/2040/1430 1216/2041/1431 1852/2042/1432 1215/2043/1433
f 1216/2041/1431 360/2034/1420 1209/2044/1418 1852/2042/1432
f 1852/2042/1432 1209/2044/1418 358/1872/1318 1157/1869/1315
f 1215/2043/1433 1852/2042/1432 1157/1869/1315 302/1868/1314
f 359/1881/1327 1212/2045/1425 1853/2046/1434 1162/1882/1328
f 1212/2045/1425 361/2027/1424 1217/2047/1435 1853/2046/1434
f 1853/2046/1434 1217/2047/1435 74/2048/1430 1215/2049/1433
f 1162/1882/1328 1853/2046/1434 1215/2049/1433 302/1883/1314
f 284/2050/1065 1036/2051/1075 1854/2052/1436 1218/2053/1437
f 1036/2051/1075 286/2054/1074 1040/2055/1083 1854/2052/1436
f 1854/2052/1436 1040/2055/1083 288/2056/1082 1044/2057/1091
f 1218/2053/1437 1854/2052/1436 1044/2057/1091 290/2029/1090
f 289/2058/1084 1041/2059/1087 1855/2060/1438 1045/2061/1095
f 1041/2059/1087 287/2062/1076 1037/2063/1079 1855/2060/1438
f 1855/2060/1438 1037/2063/1079 285/2064/1068 1219/2065/1439
f 1045/2061/1095 1855/2060/1438 1219/2065/1439 291/2038/1092
f 284/2050/1065 1218/2066/1437 1856/2067/1440 1220/2068/1441
f 1218/2066/1437 290/2029/1090 1213/2032/1427 1856/2067/1440
f 1856/2067/1440 1213/2032/1427 360/2034/1420 1216/2041/1431
f 1220/2068/1441 1856/2067/1440 1216/2041/1431 74/2040/1430
f 361/2027/1424 1214/2039/1429 1857/2069/1442 1217/2047/1435
f 1214/2039/1429 291/2038/1092 1219/2070/1439 1857/2069/1442
f 1857/2069/1442 1219/2070/1439 285/2064/1068 1221/2071/1443
f 1217/2047/1435 1857/2069/1442 1221/2071/1443 74/2048/1430
f 73/2072/1067 1032/2073/1066 1858/2074/1444 1222/2075/1445
f 284/2050/1065 1220/2076/1441 1858/2074/1444 1032/2073/1066
f 74/2040/1430 1222/2077/1445 1858/2074/1444 1220/2078/1441
f 74/2048/1430 1221/2071/1443 1859/2079/1446 1222/2080/1445
f 285/2064/1068 1033/2081/1071 1859/2079/1446 1221/2071/1443
f 73/2082/1067 1222/2080/1445 1859/2079/1446 1033/2083/1071
f 294/1548/1106 1056/1561/1115 1860/2084/1447 1172/1908/1346
f 1056/1561/1115 296/1560/1114 1145/1844/1293 1860/2084/1447
f 1860/2084/1447 1145/1844/1293 310/1848/1297 1223/2085/1448
f 1172/1908/1346 1860/2084/1447 1223/2085/1448 362/1909/1347
f 311/1855/1303 1150/1854/1302 1861/2086/1449 1224/2087/1450
f 1150/1854/1302 297/1562/1116 1057/1565/1119 1861/2086/1449
f 1861/2086/1449 1057/1565/1119 295/1550/1108 1175/1913/1351
f 1224/2087/1450 1861/2086/1449 1175/1913/1351 363/1912/1350
f 310/2088/1297 1225/2089/1451 1862/2090/1452 1223/2091/1448
f 1225/2089/1451 312/2092/1453 1226/2093/1454 1862/2090/1452
f 1862/2090/1452 1226/2093/1454 368/2094/1359 1178/2095/1358
f 1223/2091/1448 1862/2090/1452 1178/2095/1358 362/1909/1347
f 369/2096/1362 1227/2097/1455 1863/2098/1456 1181/1929/1363
f 1227/2097/1455 313/2099/1457 1228/2100/1458 1863/2098/1456
f 1863/2098/1456 1228/2100/1458 311/2101/1303 1224/2102/1450
f 1181/1929/1363 1863/2098/1456 1224/2102/1450 363/1912/1350
f 312/2092/1453 1229/2103/1459 1864/2104/1460 1226/2093/1454
f 1229/2103/1459 382/2105/1461 1230/2106/1462 1864/2104/1460
f 1864/2104/1460 1230/2106/1462 370/2107/1371 1184/1938/1370
f 1226/2093/1454 1864/2104/1460 1184/1938/1370 368/2094/1359
f 371/1960/1374 1231/2108/1463 1865/2109/1464 1187/2110/1375
f 1231/2108/1463 383/2111/1465 1232/2112/1466 1865/2109/1464
f 1865/2109/1464 1232/2112/1466 313/2099/1457 1227/2097/1455
f 1187/2110/1375 1865/2109/1464 1227/2097/1455 369/2096/1362
f 314/1965/1392 1195/2113/1395 1866/2114/1467 1233/2115/1468
f 1195/2113/1395 376/1953/1383 1190/2116/1382 1866/2114/1467
f 1866/2114/1467 1190/2116/1382 370/2107/1371 1230/2106/1462
f 1233/2115/1468 1866/2114/1467 1230/2106/1462 382/2105/1461
f 371/2117/1374 1193/1957/1387 1867/2118/1469 1231/2119/1463
f 1193/1957/1387 377/1956/1386 1200/2120/1403 1867/2118/1469
f 1867/2118/1469 1200/2120/1403 315/1979/1402 1234/2121/1470
f 1231/2119/1463 1867/2118/1469 1234/2121/1470 383/2111/1465
f 348/1815/1276 1136/2122/1275 1868/2123/1471 1235/2124/1472
f 1136/2122/1275 350/2125/1266 1236/2126/1473 1868/2123/1471
f 1868/2123/1471 1236/2126/1473 386/2127/1474 1237/2128/1475
f 1235/2124/1472 1868/2123/1471 1237/2128/1475 384/2129/1476
f 387/2130/1477 1239/2131/1478 1869/2132/1479 1238/2133/1480
f 1239/2131/1478 351/2134/1269 1139/2135/1280 1869/2132/1479
f 1869/2132/1479 1139/2135/1280 349/1818/1279 1240/2136/1481
f 1238/2133/1480 1869/2132/1479 1240/2136/1481 385/2137/1482
f 318/1846/1295 1242/2138/1483 1870/2139/1484 1241/2140/1485
f 1242/2138/1483 384/2129/1476 1237/2141/1475 1870/2139/1484
f 1870/2139/1484 1237/2141/1475 386/2142/1474 1243/2143/1486
f 1241/2140/1485 1870/2139/1484 1243/2143/1486 320/2144/1487
f 387/2130/1477 1238/2133/1480 1871/2145/1488 1244/2146/1489
f 1238/2133/1480 385/2137/1482 1245/2147/1490 1871/2145/1488
f 1871/2145/1488 1245/2147/1490 319/1849/1298 1246/2148/1491
f 1244/2146/1489 1871/2145/1488 1246/2148/1491 321/2149/1492
f 298/1588/1122 1064/1587/1131 1872/2150/1493 1146/1845/1294
f 1064/1587/1131 300/1586/1130 1247/2151/1494 1872/2150/1493
f 1872/2150/1493 1247/2151/1494 384/2129/1476 1242/2138/1483
f 1146/1845/1294 1872/2150/1493 1242/2138/1483 318/1846/1295
f 385/2137/1482 1248/2152/1495 1873/2153/1496 1245/2147/1490
f 1248/2152/1495 301/1589/1132 1065/1592/1135 1873/2153/1496
f 1873/2153/1496 1065/1592/1135 299/1595/1124 1149/1850/1299
f 1245/2147/1490 1873/2153/1496 1149/1850/1299 319/1849/1298
f 300/1586/1130 1249/2154/1497 1874/2155/1498 1247/2151/1494
f 1249/2154/1497 344/1737/1224 1110/1736/1223 1874/2155/1498
f 1874/2155/1498 1110/1736/1223 342/1735/1222 1250/2156/1499
f 1247/2151/1494 1874/2155/1498 1250/2156/1499 384/2129/1476
f 343/1744/1230 1113/2157/1227 1875/2158/1500 1251/2159/1501
f 1113/2157/1227 345/2160/1226 1252/2161/1502 1875/2158/1500
f 1875/2158/1500 1252/2161/1502 301/1589/1132 1248/2152/1495
f 1251/2159/1501 1875/2158/1500 1248/2152/1495 385/2137/1482
f 342/1735/1222 1143/1837/1289 1876/2162/1503 1250/2163/1499
f 348/1815/1276 1235/2164/1472 1876/2162/1503 1143/1837/1289
f 384/2129/1476 1250/2156/1499 1876/2162/1503 1235/2165/1472
f 385/2137/1482 1240/2136/1481 1877/2166/1504 1251/2159/1501
f 349/1818/1279 1144/2167/1291 1877/2166/1504 1240/2136/1481
f 343/1744/1230 1251/2159/1501 1877/2166/1504 1144/2168/1291
f 300/1586/1130 1121/2169/1245 1878/2170/1505 1249/2171/1497
f 346/1763/1239 1118/2172/1238 1878/2170/1505 1121/1776/1245
f 344/1737/1224 1249/2171/1497 1878/2170/1505 1118/2173/1238
f 345/1740/1226 1119/2174/1241 1879/2175/1506 1252/2161/1502
f 347/1772/1243 1122/1778/1246 1879/2175/1506 1119/2176/1241
f 301/1589/1132 1252/2177/1502 1879/2175/1506 1122/2178/1246
f 314/1965/1392 1253/2179/1507 1880/2180/1508 1196/2181/1393
f 1253/2179/1507 322/2182/1509 1254/2183/1510 1880/2180/1508
f 1880/2180/1508 1254/2183/1510 380/2184/1511 1255/2185/1512
f 1196/2181/1393 1880/2180/1508 1255/2185/1512 378/2186/1396
f 381/2187/1513 1257/2188/1514 1881/2189/1515 1256/2190/1516
f 1257/2188/1514 323/2191/1517 1258/2192/1518 1881/2189/1515
f 1881/2189/1515 1258/2192/1518 315/1979/1402 1199/2193/1401
f 1256/2190/1516 1881/2189/1515 1199/2193/1401 379/1977/1400
f 316/1860/1308 1201/2194/1405 1882/2195/1519 1153/1861/1309
f 1201/2194/1405 378/1969/1396 1255/2196/1512 1882/2195/1519
f 1882/2195/1519 1255/2196/1512 380/2184/1511 1259/2197/1520
f 1153/1861/1309 1882/2195/1519 1259/2197/1520 324/1786/1252
f 381/2187/1513 1256/2190/1516 1883/2198/1521 1260/2199/1522
f 1256/2190/1516 379/1977/1400 1204/2200/1409 1883/2198/1521
f 1883/2198/1521 1204/2200/1409 317/1864/1312 1154/1862/1310
f 1260/2199/1522 1883/2198/1521 1154/1862/1310 325/1795/1261
f 320/2144/1487 1243/2143/1486 1884/2201/1523 1261/2202/1524
f 1243/2143/1486 386/2142/1474 1262/2203/1525 1884/2201/1523
f 1884/2201/1523 1262/2203/1525 380/2184/1511 1254/2204/1510
f 1261/2202/1524 1884/2201/1523 1254/2204/1510 322/2182/1509
f 381/2187/1513 1263/2205/1526 1885/2206/1527 1257/2188/1514
f 1263/2205/1526 387/2130/1477 1244/2146/1489 1885/2206/1527
f 1885/2206/1527 1244/2146/1489 321/2149/1492 1264/2207/1528
f 1257/2188/1514 1885/2206/1527 1264/2207/1528 323/2191/1517
f 350/2125/1266 1131/2208/1265 1886/2209/1529 1236/2126/1473
f 1131/2208/1265 352/2210/1254 1265/2211/1530 1886/2209/1529
f 1886/2209/1529 1265/2211/1530 380/2184/1511 1262/2203/1525
f 1236/2126/1473 1886/2209/1529 1262/2203/1525 386/2127/1474
f 381/2187/1513 1266/2212/1531 1887/2213/1532 1263/2205/1526
f 1266/2212/1531 353/2214/1257 1134/1807/1270 1887/2213/1532
f 1887/2213/1532 1134/1807/1270 351/2134/1269 1239/2131/1478
f 1263/2205/1526 1887/2213/1532 1239/2131/1478 387/2130/1477
f 324/2215/1252 1259/2197/1520 1888/2216/1533 1125/1787/1253
f 380/2184/1511 1265/2217/1530 1888/2216/1533 1259/2218/1520
f 352/2219/1254 1125/2220/1253 1888/2216/1533 1265/2211/1530
f 353/2221/1257 1266/2222/1531 1889/2223/1534 1128/2224/1258
f 381/2187/1513 1260/2225/1522 1889/2223/1534 1266/2226/1531
f 325/2227/1261 1128/2224/1258 1889/2223/1534 1260/2228/1522
f 400/2229/1535 1268/2230/1536 1890/2231/1537 1267/2232/1538
f 1268/2230/1536 388/2233/1539 1269/2234/1540 1890/2231/1537
f 1890/2231/1537 1269/2234/1540 414/2235/1541 1270/2236/1542
f 1267/2232/1538 1890/2231/1537 1270/2236/1542 402/2237/1543
f 415/2238/1544 1272/2239/1545 1891/2240/1546 1271/2241/1547
f 1272/2239/1545 389/2242/1548 1273/2243/1549 1891/2240/1546
f 1891/2240/1546 1273/2243/1549 401/2244/1550 1274/2245/1551
f 1271/2241/1547 1891/2240/1546 1274/2245/1551 403/2246/1552
f 400/2229/1535 1267/2247/1538 1892/2248/1553 1275/2249/1554
f 1267/2247/1538 402/2237/1543 1276/2250/1555 1892/2248/1553
f 1892/2248/1553 1276/2250/1555 404/2251/1556 1277/2252/1557
f 1275/2249/1554 1892/2248/1553 1277/2252/1557 398/2253/1558
f 405/2254/1559 1279/2255/1560 1893/2256/1561 1278/2257/1562
f 1279/2255/1560 403/2246/1552 1274/2258/1551 1893/2256/1561
f 1893/2256/1561 1274/2258/1551 401/2244/1550 1280/2259/1563
f 1278/2257/1562 1893/2256/1561 1280/2259/1563 399/2260/1564
f 398/2253/1558 1277/2252/1557 1894/2261/1565 1281/2262/1566
f 1277/2252/1557 404/2251/1556 1282/2263/1567 1894/2261/1565
f 1894/2261/1565 1282/2263/1567 406/2264/1568 1283/2265/1569
f 1281/2262/1566 1894/2261/1565 1283/2265/1569 396/2266/1570
f 407/2267/1571 1285/2268/1572 1895/2269/1573 1284/2270/1574
f 1285/2268/1572 405/2254/1559 1278/2257/1562 1895/2269/1573
f 1895/2269/1573 1278/2257/1562 399/2260/1564 1286/2271/1575
f 1284/2270/1574 1895/2269/1573 1286/2271/1575 397/2272/1576
f 396/2266/1570 1283/2265/1569 1896/2273/1577 1287/2274/1578
f 1283/2265/1569 406/2264/1568 1288/2275/1579 1896/2273/1577
f 1896/2273/1577 1288/2275/1579 408/2276/1580 1289/2277/1581
f 1287/2274/1578 1896/2273/1577 1289/2277/1581 394/2278/1582
f 409/2279/1583 1291/2280/1584 1897/2281/1585 1290/2282/1586
f 1291/2280/1584 407/2267/1571 1284/2270/1574 1897/2281/1585
f 1897/2281/1585 1284/2270/1574 397/2272/1576 1292/2283/1587
f 1290/2282/1586 1897/2281/1585 1292/2283/1587 395/2284/1588
f 394/2278/1582 1289/2285/1581 1898/2286/1589 1293/2287/1590
f 1289/2285/1581 408/2276/1580 1294/2288/1591 1898/2286/1589
f 1898/2286/1589 1294/2288/1591 410/2289/1592 1295/2290/1593
f 1293/2287/1590 1898/2286/1589 1295/2290/1593 392/2291/1594
f 411/2292/1595 1297/2293/1596 1899/2294/1597 1296/2295/1598
f 1297/2293/1596 409/2296/1583 1290/2297/1586 1899/2294/1597
f 1899/2294/1597 1290/2297/1586 395/2298/1588 1298/2299/1599
f 1296/2295/1598 1899/2294/1597 1298/2299/1599 393/2300/1600
f 392/2291/1594 1295/2290/1593 1900/2301/1601 1299/2302/1602
f 1295/2290/1593 410/2289/1592 1300/2303/1603 1900/2301/1601
f 1900/2301/1601 1300/2303/1603 412/2304/1604 1301/2305/1605
f 1299/2302/1602 1900/2301/1601 1301/2305/1605 390/2306/1606
f 413/2307/1607 1303/2308/1608 1901/2309/1609 1302/2310/1610
f 1303/2308/1608 411/2292/1595 1296/2295/1598 1901/2309/1609
f 1901/2309/1609 1296/2295/1598 393/2300/1600 1304/2311/1611
f 1302/2310/1610 1901/2309/1609 1304/2311/1611 391/2312/1612
f 410/2289/1592 1305/2313/1613 1902/2314/1614 1300/2303/1603
f 1305/2313/1613 420/2315/1615 1306/2316/1616 1902/2314/1614
f 1902/2314/1614 1306/2316/1616 418/2317/1617 1307/2318/1618
f 1300/2303/1603 1902/2314/1614 1307/2318/1618 412/2304/1604
f 419/2319/1619 1309/2320/1620 1903/2321/1621 1308/2322/1622
f 1309/2320/1620 421/2323/1623 1310/2324/1624 1903/2321/1621
f 1903/2321/1621 1310/2324/1624 411/2292/1595 1303/2308/1608
f 1308/2322/1622 1903/2321/1621 1303/2308/1608 413/2307/1607
f 408/2276/1580 1311/2325/1625 1904/2326/1626 1294/2288/1591
f 1311/2325/1625 422/2327/1627 1312/2328/1628 1904/2326/1626
f 1904/2326/1626 1312/2328/1628 420/2315/1615 1305/2313/1613
f 1294/2288/1591 1904/2326/1626 1305/2313/1613 410/2289/1592
f 421/2323/1623 1313/2329/1629 1905/2330/1630 1310/2324/1624
f 1313/2329/1629 423/2331/1631 1314/2332/1632 1905/2330/1630
f 1905/2330/1630 1314/2332/1632 409/2296/1583 1297/2293/1596
f 1310/2324/1624 1905/2330/1630 1297/2293/1596 411/2292/1595
f 406/2333/1568 1315/2334/1633 1906/2335/1634 1288/2336/1579
f 1315/2334/1633 424/2337/1635 1316/2338/1636 1906/2335/1634
f 1906/2335/1634 1316/2338/1636 422/2327/1627 1311/2325/1625
f 1288/2336/1579 1906/2335/1634 1311/2325/1625 408/2276/1580
f 423/2331/1631 1317/2339/1637 1907/2340/1638 1314/2332/1632
f 1317/2339/1637 425/2341/1639 1318/2342/1640 1907/2340/1638
f 1907/2340/1638 1318/2342/1640 407/2343/1571 1291/2344/1584
f 1314/2332/1632 1907/2340/1638 1291/2344/1584 409/2296/1583
f 404/2345/1556 1319/2346/1641 1908/2347/1642 1282/2348/1567
f 1319/2346/1641 426/2349/1643 1320/2350/1644 1908/2347/1642
f 1908/2347/1642 1320/2350/1644 424/2337/1635 1315/2334/1633
f 1282/2348/1567 1908/2347/1642 1315/2334/1633 406/2333/1568
f 425/2341/1639 1321/2351/1645 1909/2352/1646 1318/2342/1640
f 1321/2351/1645 427/2353/1647 1322/2354/1648 1909/2352/1646
f 1909/2352/1646 1322/2354/1648 405/2355/1559 1285/2356/1572
f 1318/2342/1640 1909/2352/1646 1285/2356/1572 407/2343/1571
f 402/2357/1543 1323/2358/1649 1910/2359/1650 1276/2360/1555
f 1323/2358/1649 428/2361/1651 1324/2362/1652 1910/2359/1650
f 1910/2359/1650 1324/2362/1652 426/2349/1643 1319/2346/1641
f 1276/2360/1555 1910/2359/1650 1319/2346/1641 404/2345/1556
f 427/2353/1647 1325/2363/1653 1911/2364/1654 1322/2354/1648
f 1325/2363/1653 429/2365/1655 1326/2366/1656 1911/2364/1654
f 1911/2364/1654 1326/2366/1656 403/2367/1552 1279/2255/1560
f 1322/2354/1648 1911/2364/1654 1279/2255/1560 405/2355/1559
f 402/2368/1543 1270/2369/1542 1912/2370/1657 1323/2371/1649
f 1270/2369/1542 414/2372/1541 1327/2373/1658 1912/2370/1657
f 1912/2370/1657 1327/2373/1658 416/2374/1659 1328/2375/1660
f 1323/2371/1649 1912/2370/1657 1328/2375/1660 428/2376/1651
f 417/2377/1661 1330/2378/1662 1913/2379/1663 1329/2380/1664
f 1330/2378/1662 415/2381/1544 1271/2382/1547 1913/2379/1663
f 1913/2379/1663 1271/2382/1547 403/2367/1552 1326/2383/1656
f 1329/2380/1664 1913/2379/1663 1326/2383/1656 429/2384/1655
f 318/1846/1295 1241/2385/1485 1914/2386/1665 1331/2387/1666
f 1241/2385/1485 320/2144/1487 1332/2388/1667 1914/2386/1665
f 1914/2386/1665 1332/2388/1667 444/2389/1668 1333/2390/1669
f 1331/2387/1666 1914/2386/1665 1333/2390/1669 442/2391/1670
f 445/2392/1671 1335/2393/1672 1915/2394/1673 1334/2395/1674
f 1335/2393/1672 321/2149/1492 1246/2396/1491 1915/2394/1673
f 1915/2394/1673 1246/2396/1491 319/1849/1298 1336/2397/1675
f 1334/2395/1674 1915/2394/1673 1336/2397/1675 443/2398/1676
f 320/2399/1487 1337/2400/1677 1916/2401/1678 1332/2402/1667
f 1337/2400/1677 390/2403/1606 1301/2404/1605 1916/2401/1678
f 1916/2401/1678 1301/2404/1605 412/2405/1604 1338/2406/1679
f 1332/2402/1667 1916/2401/1678 1338/2406/1679 444/2407/1668
f 413/2408/1607 1302/2310/1610 1917/2409/1680 1339/2410/1681
f 1302/2310/1610 391/2411/1612 1340/2412/1682 1917/2409/1680
f 1917/2409/1680 1340/2412/1682 321/2413/1492 1335/2414/1672
f 1339/2410/1681 1917/2409/1680 1335/2414/1672 445/2415/1671
f 310/1848/1297 1147/1847/1296 1918/2416/1683 1225/2417/1451
f 1147/1847/1296 318/1846/1295 1331/2387/1666 1918/2416/1683
f 1918/2416/1683 1331/2387/1666 442/2391/1670 1341/2418/1684
f 1225/2417/1451 1918/2416/1683 1341/2418/1684 312/2092/1453
f 443/2398/1676 1336/2397/1675 1919/2419/1685 1342/2420/1686
f 1336/2397/1675 319/1849/1298 1148/1852/1301 1919/2419/1685
f 1919/2419/1685 1148/1852/1301 311/1855/1303 1228/2421/1458
f 1342/2420/1686 1919/2419/1685 1228/2421/1458 313/2099/1457
f 382/2422/1461 1344/2423/1687 1920/2424/1688 1343/2425/1689
f 1344/2423/1687 430/2426/1690 1345/2427/1691 1920/2424/1688
f 1920/2424/1688 1345/2427/1691 414/2428/1541 1269/2429/1540
f 1343/2425/1689 1920/2424/1688 1269/2429/1540 388/2233/1539
f 415/2430/1544 1346/2431/1692 1921/2432/1693 1272/2433/1545
f 1346/2431/1692 431/2434/1694 1347/2435/1695 1921/2432/1693
f 1921/2432/1693 1347/2435/1695 383/2436/1465 1348/2437/1696
f 1272/2433/1545 1921/2432/1693 1348/2437/1696 389/2242/1548
f 412/2405/1604 1307/2438/1618 1922/2439/1697 1338/2440/1679
f 1307/2438/1618 418/2317/1617 1349/2441/1698 1922/2439/1697
f 1922/2439/1697 1349/2441/1698 440/2442/1699 1350/2443/1700
f 1338/2440/1679 1922/2439/1697 1350/2443/1700 444/2407/1668
f 441/2444/1701 1352/2445/1702 1923/2446/1703 1351/2447/1704
f 1352/2445/1702 419/2319/1619 1308/2448/1622 1923/2446/1703
f 1923/2446/1703 1308/2448/1622 413/2408/1607 1339/2410/1681
f 1351/2447/1704 1923/2446/1703 1339/2410/1681 445/2415/1671
f 438/2449/1705 1354/2450/1706 1924/2451/1707 1353/2452/1708
f 1354/2450/1706 446/2453/1709 1355/2454/1710 1924/2451/1707
f 1924/2451/1707 1355/2454/1710 444/2407/1668 1350/2455/1700
f 1353/2452/1708 1924/2451/1707 1350/2455/1700 440/2456/1699
f 445/2415/1671 1356/2457/1711 1925/2458/1712 1351/2459/1704
f 1356/2457/1711 447/2460/1713 1357/2461/1714 1925/2458/1712
f 1925/2458/1712 1357/2461/1714 439/2462/1715 1358/2463/1716
f 1351/2459/1704 1925/2458/1712 1358/2463/1716 441/2464/1701
f 434/2465/1717 1360/2466/1718 1926/2467/1719 1359/2468/1720
f 1360/2466/1718 446/2453/1709 1354/2469/1706 1926/2467/1719
f 1926/2467/1719 1354/2469/1706 438/2470/1705 1361/2471/1721
f 1359/2468/1720 1926/2467/1719 1361/2471/1721 436/2472/1722
f 439/2462/1715 1357/2473/1714 1927/2474/1723 1362/2475/1724
f 1357/2473/1714 447/2460/1713 1363/2476/1725 1927/2474/1723
f 1927/2474/1723 1363/2476/1725 435/2477/1726 1364/2478/1727
f 1362/2475/1724 1927/2474/1723 1364/2478/1727 437/2479/1728
f 432/2480/1729 1366/2481/1730 1928/2482/1731 1365/2483/1732
f 1366/2481/1730 448/2484/1733 1367/2485/1734 1928/2482/1731
f 1928/2482/1731 1367/2485/1734 446/2453/1709 1360/2466/1718
f 1365/2483/1732 1928/2482/1731 1360/2466/1718 434/2465/1717
f 447/2460/1713 1368/2486/1735 1929/2487/1736 1363/2476/1725
f 1368/2486/1735 449/2488/1737 1369/2489/1738 1929/2487/1736
f 1929/2487/1736 1369/2489/1738 433/2490/1739 1370/2491/1740
f 1363/2476/1725 1929/2487/1736 1370/2491/1740 435/2477/1726
f 430/2426/1690 1372/2492/1741 1930/2493/1742 1371/2494/1743
f 1372/2492/1741 448/2484/1733 1366/2495/1730 1930/2493/1742
f 1930/2493/1742 1366/2495/1730 432/2496/1729 1373/2497/1744
f 1371/2494/1743 1930/2493/1742 1373/2497/1744 450/2498/1745
f 433/2490/1739 1369/2499/1738 1931/2500/1746 1374/2501/1747
f 1369/2499/1738 449/2488/1737 1375/2502/1748 1931/2500/1746
f 1931/2500/1746 1375/2502/1748 431/2434/1694 1376/2503/1749
f 1374/2501/1747 1931/2500/1746 1376/2503/1749 451/2504/1750
f 414/2235/1541 1345/2505/1691 1932/2506/1751 1327/2507/1658
f 1345/2505/1691 430/2426/1690 1371/2494/1743 1932/2506/1751
f 1932/2506/1751 1371/2494/1743 450/2498/1745 1377/2508/1752
f 1327/2507/1658 1932/2506/1751 1377/2508/1752 416/2509/1659
f 451/2504/1750 1376/2503/1749 1933/2510/1753 1378/2511/1754
f 1376/2503/1749 431/2434/1694 1346/2512/1692 1933/2510/1753
f 1933/2510/1753 1346/2512/1692 415/2238/1544 1330/2513/1662
f 1378/2511/1754 1933/2510/1753 1330/2513/1662 417/2514/1661
f 312/2092/1453 1379/2515/1755 1934/2516/1756 1229/2103/1459
f 1379/2515/1755 448/2517/1733 1372/2518/1741 1934/2516/1756
f 1934/2516/1756 1372/2518/1741 430/2519/1690 1344/2520/1687
f 1229/2103/1459 1934/2516/1756 1344/2520/1687 382/2105/1461
f 431/2521/1694 1375/2522/1748 1935/2523/1757 1347/2524/1695
f 1375/2522/1748 449/2525/1737 1380/2526/1758 1935/2523/1757
f 1935/2523/1757 1380/2526/1758 313/2099/1457 1232/2527/1466
f 1347/2524/1695 1935/2523/1757 1232/2527/1466 383/2111/1465
f 312/2092/1453 1341/2418/1684 1936/2528/1759 1379/2529/1755
f 1341/2418/1684 442/2391/1670 1381/2530/1760 1936/2528/1759
f 1936/2528/1759 1381/2530/1760 446/2531/1709 1367/2532/1734
f 1379/2529/1755 1936/2528/1759 1367/2532/1734 448/2517/1733
f 447/2533/1713 1382/2534/1761 1937/2535/1762 1368/2536/1735
f 1382/2534/1761 443/2398/1676 1342/2420/1686 1937/2535/1762
f 1937/2535/1762 1342/2420/1686 313/2099/1457 1380/2537/1758
f 1368/2536/1735 1937/2535/1762 1380/2537/1758 449/2525/1737
f 442/2538/1670 1333/2390/1669 1938/2539/1763 1381/2530/1760
f 444/2389/1668 1355/2540/1710 1938/2539/1763 1333/2541/1669
f 446/2531/1709 1381/2542/1760 1938/2539/1763 1355/2543/1710
f 447/2533/1713 1356/2544/1711 1939/2545/1764 1382/2546/1761
f 445/2392/1671 1334/2547/1674 1939/2545/1764 1356/2548/1711
f 443/2549/1676 1382/2550/1761 1939/2545/1764 1334/2551/1674
f 416/2374/1659 1377/2552/1752 1940/2553/1765 1383/2554/1766
f 1377/2552/1752 450/2498/1745 1384/2555/1767 1940/2553/1765
f 1940/2553/1765 1384/2555/1767 452/2556/1768 1385/2557/1769
f 1383/2554/1766 1940/2553/1765 1385/2557/1769 476/2558/1770
f 453/2559/1771 1387/2560/1772 1941/2561/1773 1386/2562/1774
f 1387/2560/1772 451/2563/1750 1378/2511/1754 1941/2561/1773
f 1941/2561/1773 1378/2511/1754 417/2377/1661 1388/2564/1775
f 1386/2562/1774 1941/2561/1773 1388/2564/1775 477/2565/1776
f 450/2498/1745 1373/2566/1744 1942/2567/1777 1384/2555/1767
f 1373/2566/1744 432/2568/1729 1389/2569/1778 1942/2567/1777
f 1942/2567/1777 1389/2569/1778 462/2570/1779 1390/2571/1780
f 1384/2555/1767 1942/2567/1777 1390/2571/1780 452/2556/1768
f 463/2572/1781 1392/2573/1782 1943/2574/1783 1391/2575/1784
f 1392/2573/1782 433/2576/1739 1374/2577/1747 1943/2574/1783
f 1943/2574/1783 1374/2577/1747 451/2563/1750 1387/2560/1772
f 1391/2575/1784 1943/2574/1783 1387/2560/1772 453/2559/1771
f 432/2496/1729 1365/2578/1732 1944/2579/1785 1389/2569/1778
f 1365/2578/1732 434/2465/1717 1393/2580/1786 1944/2579/1785
f 1944/2579/1785 1393/2580/1786 460/2581/1787 1394/2582/1788
f 1389/2569/1778 1944/2579/1785 1394/2582/1788 462/2583/1779
f 461/2584/1789 1396/2585/1790 1945/2586/1791 1395/2587/1792
f 1396/2585/1790 435/2477/1726 1370/2491/1740 1945/2586/1791
f 1945/2586/1791 1370/2491/1740 433/2490/1739 1392/2588/1782
f 1395/2587/1792 1945/2586/1791 1392/2588/1782 463/2589/1781
f 434/2465/1717 1359/2590/1720 1946/2591/1793 1393/2580/1786
f 1359/2590/1720 436/2472/1722 1397/2592/1794 1946/2591/1793
f 1946/2591/1793 1397/2592/1794 458/2593/1795 1398/2594/1796
f 1393/2580/1786 1946/2591/1793 1398/2594/1796 460/2581/1787
f 459/2595/1797 1400/2596/1798 1947/2597/1799 1399/2598/1800
f 1400/2596/1798 437/2479/1728 1364/2599/1727 1947/2597/1799
f 1947/2597/1799 1364/2599/1727 435/2477/1726 1396/2585/1790
f 1399/2598/1800 1947/2597/1799 1396/2585/1790 461/2584/1789
f 436/2472/1722 1361/2471/1721 1948/2600/1801 1397/2592/1794
f 1361/2471/1721 438/2470/1705 1401/2601/1802 1948/2600/1801
f 1948/2600/1801 1401/2601/1802 456/2602/1803 1402/2603/1804
f 1397/2592/1794 1948/2600/1801 1402/2603/1804 458/2593/1795
f 457/2604/1805 1404/2605/1806 1949/2606/1807 1403/2607/1808
f 1404/2605/1806 439/2462/1715 1362/2475/1724 1949/2606/1807
f 1949/2606/1807 1362/2475/1724 437/2479/1728 1400/2596/1798
f 1403/2607/1808 1949/2606/1807 1400/2596/1798 459/2595/1797
f 438/2470/1705 1353/2608/1708 1950/2609/1809 1401/2601/1802
f 1353/2608/1708 440/2610/1699 1405/2611/1810 1950/2609/1809
f 1950/2609/1809 1405/2611/1810 454/2612/1811 1406/2613/1812
f 1401/2601/1802 1950/2609/1809 1406/2613/1812 456/2602/1803
f 455/2614/1813 1408/2615/1814 1951/2616/1815 1407/2617/1816
f 1408/2615/1814 441/2464/1701 1358/2618/1716 1951/2616/1815
f 1951/2616/1815 1358/2618/1716 439/2462/1715 1404/2605/1806
f 1407/2617/1816 1951/2616/1815 1404/2605/1806 457/2604/1805
f 440/2610/1699 1349/2619/1698 1952/2620/1817 1405/2611/1810
f 1349/2619/1698 418/2621/1617 1409/2622/1818 1952/2620/1817
f 1952/2620/1817 1409/2622/1818 474/2623/1819 1410/2624/1820
f 1405/2611/1810 1952/2620/1817 1410/2624/1820 454/2612/1811
f 475/2625/1821 1412/2626/1822 1953/2627/1823 1411/2628/1824
f 1412/2626/1822 419/2629/1619 1352/2445/1702 1953/2627/1823
f 1953/2627/1823 1352/2445/1702 441/2464/1701 1408/2615/1814
f 1411/2628/1824 1953/2627/1823 1408/2615/1814 455/2614/1813
f 428/2376/1651 1328/2630/1660 1954/2631/1825 1413/2632/1826
f 1328/2630/1660 416/2509/1659 1383/2633/1766 1954/2631/1825
f 1954/2631/1825 1383/2633/1766 476/2634/1770 1414/2635/1827
f 1413/2632/1826 1954/2631/1825 1414/2635/1827 464/2636/1828
f 477/2637/1776 1388/2638/1775 1955/2639/1829 1415/2640/1830
f 1388/2638/1775 417/2514/1661 1329/2641/1664 1955/2639/1829
f 1955/2639/1829 1329/2641/1664 429/2642/1655 1416/2643/1831
f 1415/2640/1830 1955/2639/1829 1416/2643/1831 465/2644/1832
f 426/2645/1643 1324/2362/1652 1956/2646/1833 1417/2647/1834
f 1324/2362/1652 428/2376/1651 1413/2632/1826 1956/2646/1833
f 1956/2646/1833 1413/2632/1826 464/2636/1828 1418/2648/1835
f 1417/2647/1834 1956/2646/1833 1418/2648/1835 466/2649/1836
f 465/2644/1832 1416/2643/1831 1957/2650/1837 1419/2651/1838
f 1416/2643/1831 429/2642/1655 1325/2652/1653 1957/2650/1837
f 1957/2650/1837 1325/2652/1653 427/2653/1647 1420/2654/1839
f 1419/2651/1838 1957/2650/1837 1420/2654/1839 467/2655/1840
f 424/2656/1635 1320/2657/1644 1958/2658/1841 1421/2659/1842
f 1320/2657/1644 426/2645/1643 1417/2647/1834 1958/2658/1841
f 1958/2658/1841 1417/2647/1834 466/2649/1836 1422/2660/1843
f 1421/2659/1842 1958/2658/1841 1422/2660/1843 468/2661/1844
f 467/2655/1840 1420/2654/1839 1959/2662/1845 1423/2663/1846
f 1420/2654/1839 427/2653/1647 1321/2664/1645 1959/2662/1845
f 1959/2662/1845 1321/2664/1645 425/2341/1639 1424/2665/1847
f 1423/2663/1846 1959/2662/1845 1424/2665/1847 469/2666/1848
f 422/2667/1627 1316/2338/1636 1960/2668/1849 1425/2669/1850
f 1316/2338/1636 424/2337/1635 1421/2670/1842 1960/2668/1849
f 1960/2668/1849 1421/2670/1842 468/2671/1844 1426/2672/1851
f 1425/2669/1850 1960/2668/1849 1426/2672/1851 470/2673/1852
f 469/2674/1848 1424/2675/1847 1961/2676/1853 1427/2677/1854
f 1424/2675/1847 425/2678/1639 1317/2679/1637 1961/2676/1853
f 1961/2676/1853 1317/2679/1637 423/2331/1631 1428/2680/1855
f 1427/2677/1854 1961/2676/1853 1428/2680/1855 471/2681/1856
f 420/2682/1615 1312/2328/1628 1962/2683/1857 1429/2684/1858
f 1312/2328/1628 422/2667/1627 1425/2669/1850 1962/2683/1857
f 1962/2683/1857 1425/2669/1850 470/2673/1852 1430/2685/1859
f 1429/2684/1858 1962/2683/1857 1430/2685/1859 472/2686/1860
f 471/2681/1856 1428/2680/1855 1963/2687/1861 1431/2688/1862
f 1428/2680/1855 423/2331/1631 1313/2689/1629 1963/2687/1861
f 1963/2687/1861 1313/2689/1629 421/2323/1623 1432/2690/1863
f 1431/2688/1862 1963/2687/1861 1432/2690/1863 473/2691/1864
f 418/2317/1617 1306/2692/1616 1964/2693/1865 1409/2694/1818
f 1306/2692/1616 420/2682/1615 1429/2684/1858 1964/2693/1865
f 1964/2693/1865 1429/2684/1858 472/2686/1860 1433/2695/1866
f 1409/2694/1818 1964/2693/1865 1433/2695/1866 474/2696/1819
f 473/2691/1864 1432/2690/1863 1965/2697/1867 1434/2698/1868
f 1432/2690/1863 421/2323/1623 1309/2699/1620 1965/2697/1867
f 1965/2697/1867 1309/2699/1620 419/2319/1619 1412/2700/1822
f 1434/2698/1868 1965/2697/1867 1412/2700/1822 475/2701/1821
f 458/2702/1795 1402/2703/1804 1966/2704/1869 1435/2705/1870
f 1402/2703/1804 456/2706/1803 1436/2707/1871 1966/2704/1869
f 1966/2704/1869 1436/2707/1871 480/2708/1872 1437/2709/1873
f 1435/2705/1870 1966/2704/1869 1437/2709/1873 478/2710/1874
f 481/2711/1875 1439/2712/1876 1967/2713/1877 1438/2714/1878
f 1439/2712/1876 457/2715/1805 1403/2716/1808 1967/2713/1877
f 1967/2713/1877 1403/2716/1808 459/2717/1797 1440/2718/1879
f 1438/2714/1878 1967/2713/1877 1440/2718/1879 479/2719/1880
f 478/2710/1874 1437/2709/1873 1968/2720/1881 1441/2721/1882
f 1437/2709/1873 480/2708/1872 1442/2722/1883 1968/2720/1881
f 1968/2720/1881 1442/2722/1883 482/2723/1884 1443/2724/1885
f 1441/2721/1882 1968/2720/1881 1443/2724/1885 484/2725/1886
f 483/2726/1887 1445/2727/1888 1969/2728/1889 1444/2729/1890
f 1445/2727/1888 481/2711/1875 1438/2714/1878 1969/2728/1889
f 1969/2728/1889 1438/2714/1878 479/2719/1880 1446/2730/1891
f 1444/2729/1890 1969/2728/1889 1446/2730/1891 485/2731/1892
f 484/2725/1886 1443/2724/1885 1970/2732/1893 1447/2733/1894
f 1443/2724/1885 482/2723/1884 1448/2734/1895 1970/2732/1893
f 1970/2732/1893 1448/2734/1895 488/2735/1896 1449/2736/1897
f 1447/2733/1894 1970/2732/1893 1449/2736/1897 486/2737/1898
f 489/2738/1899 1451/2739/1900 1971/2740/1901 1450/2741/1902
f 1451/2739/1900 483/2726/1887 1444/2729/1890 1971/2740/1901
f 1971/2740/1901 1444/2729/1890 485/2731/1892 1452/2742/1903
f 1450/2741/1902 1971/2740/1901 1452/2742/1903 487/2743/1904
f 486/2744/1898 1449/2745/1897 1972/2746/1905 1453/2747/1906
f 1449/2745/1897 488/2748/1896 1454/2749/1907 1972/2746/1905
f 1972/2746/1905 1454/2749/1907 490/2750/1908 1455/2751/1909
f 1453/2747/1906 1972/2746/1905 1455/2751/1909 492/2752/1910
f 491/2753/1911 1457/2754/1912 1973/2755/1913 1456/2756/1914
f 1457/2754/1912 489/2757/1899 1450/2758/1902 1973/2755/1913
f 1973/2755/1913 1450/2758/1902 487/2759/1904 1458/2760/1915
f 1456/2756/1914 1973/2755/1913 1458/2760/1915 493/2761/1916
f 464/2636/1828 1414/2635/1827 1974/2762/1917 1459/2763/1918
f 1414/2635/1827 476/2634/1770 1460/2764/1919 1974/2762/1917
f 1974/2762/1917 1460/2764/1919 486/2765/1898 1453/2766/1906
f 1459/2763/1918 1974/2762/1917 1453/2766/1906 492/2767/1910
f 487/2743/1904 1461/2768/1920 1975/2769/1921 1458/2770/1915
f 1461/2768/1920 477/2637/1776 1415/2640/1830 1975/2769/1921
f 1975/2769/1921 1415/2640/1830 465/2644/1832 1462/2771/1922
f 1458/2770/1915 1975/2769/1921 1462/2771/1922 493/2772/1916
f 452/2773/1768 1463/2774/1923 1976/2775/1924 1385/2557/1769
f 1463/2774/1923 484/2725/1886 1447/2733/1894 1976/2775/1924
f 1976/2775/1924 1447/2733/1894 486/2737/1898 1460/2776/1919
f 1385/2557/1769 1976/2775/1924 1460/2776/1919 476/2558/1770
f 487/2743/1904 1452/2742/1903 1977/2777/1925 1461/2768/1920
f 1452/2742/1903 485/2731/1892 1464/2778/1926 1977/2777/1925
f 1977/2777/1925 1464/2778/1926 453/2779/1771 1386/2780/1774
f 1461/2768/1920 1977/2777/1925 1386/2780/1774 477/2565/1776
f 452/2556/1768 1390/2571/1780 1978/2781/1927 1463/2782/1923
f 1390/2571/1780 462/2570/1779 1465/2783/1928 1978/2781/1927
f 1978/2781/1927 1465/2783/1928 478/2710/1874 1441/2784/1882
f 1463/2782/1923 1978/2781/1927 1441/2784/1882 484/2785/1886
f 479/2786/1880 1466/2787/1929 1979/2788/1930 1446/2789/1891
f 1466/2787/1929 463/2572/1781 1391/2575/1784 1979/2788/1930
f 1979/2788/1930 1391/2575/1784 453/2559/1771 1464/2790/1926
f 1446/2789/1891 1979/2788/1930 1464/2790/1926 485/2731/1892
f 458/2791/1795 1435/2792/1870 1980/2793/1931 1398/2794/1796
f 1435/2792/1870 478/2795/1874 1465/2796/1928 1980/2793/1931
f 1980/2793/1931 1465/2796/1928 462/2570/1779 1394/2797/1788
f 1398/2794/1796 1980/2793/1931 1394/2797/1788 460/2581/1787
f 463/2798/1781 1466/2799/1929 1981/2800/1932 1395/2801/1792
f 1466/2799/1929 479/2802/1880 1440/2803/1879 1981/2800/1932
f 1981/2800/1932 1440/2803/1879 459/2804/1797 1399/2805/1800
f 1395/2801/1792 1981/2800/1932 1399/2805/1800 461/2584/1789
f 454/2612/1811 1410/2624/1820 1982/2806/1933 1406/2807/1812
f 1410/2624/1820 474/2623/1819 1467/2808/1934 1982/2806/1933
f 1982/2806/1933 1467/2808/1934 480/2809/1872 1436/2707/1871
f 1406/2807/1812 1982/2806/1933 1436/2707/1871 456/2810/1803
f 481/2811/1875 1468/2812/1935 1983/2813/1936 1439/2814/1876
f 1468/2812/1935 475/2625/1821 1411/2628/1824 1983/2813/1936
f 1983/2813/1936 1411/2628/1824 455/2614/1813 1407/2815/1816
f 1439/2814/1876 1983/2813/1936 1407/2815/1816 457/2604/1805
f 472/2816/1860 1469/2817/1937 1984/2818/1938 1433/2819/1866
f 1469/2817/1937 482/2820/1884 1442/2821/1883 1984/2818/1938
f 1984/2818/1938 1442/2821/1883 480/2809/1872 1467/2822/1934
f 1433/2819/1866 1984/2818/1938 1467/2822/1934 474/2696/1819
f 481/2823/1875 1445/2727/1888 1985/2824/1939 1468/2825/1935
f 1445/2727/1888 483/2826/1887 1470/2827/1940 1985/2824/1939
f 1985/2824/1939 1470/2827/1940 473/2828/1864 1434/2829/1868
f 1468/2825/1935 1985/2824/1939 1434/2829/1868 475/2830/1821
f 470/2673/1852 1471/2831/1941 1986/2832/1942 1430/2833/1859
f 1471/2831/1941 488/2735/1896 1448/2834/1895 1986/2832/1942
f 1986/2832/1942 1448/2834/1895 482/2820/1884 1469/2817/1937
f 1430/2833/1859 1986/2832/1942 1469/2817/1937 472/2816/1860
f 483/2826/1887 1451/2835/1900 1987/2836/1943 1470/2827/1940
f 1451/2835/1900 489/2837/1899 1472/2838/1944 1987/2836/1943
f 1987/2836/1943 1472/2838/1944 471/2839/1856 1431/2840/1862
f 1470/2827/1940 1987/2836/1943 1431/2840/1862 473/2828/1864
f 468/2661/1844 1473/2841/1945 1988/2842/1946 1426/2843/1851
f 1473/2841/1945 490/2750/1908 1454/2844/1907 1988/2842/1946
f 1988/2842/1946 1454/2844/1907 488/2735/1896 1471/2845/1941
f 1426/2843/1851 1988/2842/1946 1471/2845/1941 470/2846/1852
f 489/2757/1899 1457/2847/1912 1989/2848/1947 1472/2849/1944
f 1457/2847/1912 491/2753/1911 1474/2850/1948 1989/2848/1947
f 1989/2848/1947 1474/2850/1948 469/2851/1848 1427/2852/1854
f 1472/2849/1944 1989/2848/1947 1427/2852/1854 471/2853/1856
f 466/2854/1836 1475/2855/1949 1990/2856/1950 1422/2857/1843
f 1475/2855/1949 492/2767/1910 1455/2751/1909 1990/2856/1950
f 1990/2856/1950 1455/2751/1909 490/2750/1908 1473/2841/1945
f 1422/2857/1843 1990/2856/1950 1473/2841/1945 468/2661/1844
f 491/2753/1911 1456/2858/1914 1991/2859/1951 1474/2850/1948
f 1456/2858/1914 493/2772/1916 1476/2860/1952 1991/2859/1951
f 1991/2859/1951 1476/2860/1952 467/2861/1840 1423/2663/1846
f 1474/2850/1948 1991/2859/1951 1423/2663/1846 469/2851/1848
f 464/2862/1828 1459/2863/1918 1992/2864/1953 1418/2865/1835
f 492/2866/1910 1475/2855/1949 1992/2864/1953 1459/2863/1918
f 466/2649/1836 1418/2867/1835 1992/2864/1953 1475/2868/1949
f 467/2869/1840 1476/2870/1952 1993/2871/1954 1419/2651/1838
f 493/2872/1916 1462/2873/1922 1993/2871/1954 1476/2874/1952
f 465/2875/1832 1419/2876/1838 1993/2871/1954 1462/2873/1922
f 392/2877/1594 1299/2878/1602 1994/2879/1955 1477/2880/1956
f 1299/2878/1602 390/2881/1606 1478/2882/1957 1994/2879/1955
f 1994/2879/1955 1478/2882/1957 504/2883/1958 1479/2884/1959
f 1477/2880/1956 1994/2879/1955 1479/2884/1959 502/2885/1960
f 505/2886/1961 1481/2887/1962 1995/2888/1963 1480/2889/1964
f 1481/2887/1962 391/2890/1612 1304/2311/1611 1995/2888/1963
f 1995/2888/1963 1304/2311/1611 393/2891/1600 1482/2892/1965
f 1480/2889/1964 1995/2888/1963 1482/2892/1965 503/2893/1966
f 394/2278/1582 1293/2894/1590 1996/2895/1967 1483/2896/1968
f 1293/2894/1590 392/2877/1594 1477/2897/1956 1996/2895/1967
f 1996/2895/1967 1477/2897/1956 502/2898/1960 1484/2899/1969
f 1483/2896/1968 1996/2895/1967 1484/2899/1969 500/2900/1970
f 503/2901/1966 1482/2902/1965 1997/2903/1971 1485/2904/1972
f 1482/2902/1965 393/2891/1600 1298/2905/1599 1997/2903/1971
f 1997/2903/1971 1298/2905/1599 395/2284/1588 1486/2906/1973
f 1485/2904/1972 1997/2903/1971 1486/2906/1973 501/2907/1974
f 396/2266/1570 1287/2908/1578 1998/2909/1975 1487/2910/1976
f 1287/2908/1578 394/2278/1582 1483/2896/1968 1998/2909/1975
f 1998/2909/1975 1483/2896/1968 500/2900/1970 1488/2911/1977
f 1487/2910/1976 1998/2909/1975 1488/2911/1977 498/2912/1978
f 501/2907/1974 1486/2906/1973 1999/2913/1979 1489/2914/1980
f 1486/2906/1973 395/2284/1588 1292/2915/1587 1999/2913/1979
f 1999/2913/1979 1292/2915/1587 397/2272/1576 1490/2916/1981
f 1489/2914/1980 1999/2913/1979 1490/2916/1981 499/2917/1982
f 398/2918/1558 1281/2919/1566 2000/2920/1983 1491/2921/1984
f 1281/2919/1566 396/2266/1570 1487/2910/1976 2000/2920/1983
f 2000/2920/1983 1487/2910/1976 498/2912/1978 1492/2922/1985
f 1491/2921/1984 2000/2920/1983 1492/2922/1985 496/2923/1986
f 499/2917/1982 1490/2916/1981 2001/2924/1987 1493/2925/1988
f 1490/2916/1981 397/2272/1576 1286/2926/1575 2001/2924/1987
f 2001/2924/1987 1286/2926/1575 399/2927/1564 1494/2928/1989
f 1493/2925/1988 2001/2924/1987 1494/2928/1989 497/2929/1990
f 400/2930/1535 1275/2931/1554 2002/2932/1991 1495/2933/1992
f 1275/2931/1554 398/2918/1558 1491/2921/1984 2002/2932/1991
f 2002/2932/1991 1491/2921/1984 496/2923/1986 1496/2934/1993
f 1495/2933/1992 2002/2932/1991 1496/2934/1993 494/2935/1994
f 497/2929/1990 1494/2928/1989 2003/2936/1995 1497/2937/1996
f 1494/2928/1989 399/2927/1564 1280/2938/1563 2003/2936/1995
f 2003/2936/1995 1280/2938/1563 401/2939/1550 1498/2940/1997
f 1497/2937/1996 2003/2936/1995 1498/2940/1997 495/2941/1998
f 388/2942/1539 1268/2943/1536 2004/2944/1999 1499/2945/2000
f 1268/2943/1536 400/2930/1535 1495/2933/1992 2004/2944/1999
f 2004/2944/1999 1495/2933/1992 494/2935/1994 1500/2946/2001
f 1499/2945/2000 2004/2944/1999 1500/2946/2001 506/2947/2002
f 495/2941/1998 1498/2940/1997 2005/2948/2003 1501/2949/2004
f 1498/2940/1997 401/2939/1550 1273/2950/1549 2005/2948/2003
f 2005/2948/2003 1273/2950/1549 389/2951/1548 1502/2952/2005
f 1501/2949/2004 2005/2948/2003 1502/2952/2005 507/2953/2006
f 494/2954/1994 1503/2955/2007 2006/2956/2008 1500/2957/2001
f 1503/2955/2007 502/2898/1960 1479/2958/1959 2006/2956/2008
f 2006/2956/2008 1479/2958/1959 504/2959/1958 1504/2960/2009
f 1500/2957/2001 2006/2956/2008 1504/2960/2009 506/2947/2002
f 505/2886/1961 1480/2961/1964 2007/2962/2010 1505/2963/2011
f 1480/2961/1964 503/2964/1966 1506/2965/2012 2007/2962/2010
f 2007/2962/2010 1506/2965/2012 495/2966/1998 1501/2949/2004
f 1505/2963/2011 2007/2962/2010 1501/2949/2004 507/2967/2006
f 494/2935/1994 1496/2934/1993 2008/2968/2013 1503/2969/2007
f 1496/2934/1993 496/2923/1986 1507/2970/2014 2008/2968/2013
f 2008/2968/2013 1507/2970/2014 500/2971/1970 1484/2972/1969
f 1503/2969/2007 2008/2968/2013 1484/2972/1969 502/2973/1960
f 501/2974/1974 1508/2975/2015 2009/2976/2016 1485/2977/1972
f 1508/2975/2015 497/2929/1990 1497/2937/1996 2009/2976/2016
f 2009/2976/2016 1497/2937/1996 495/2941/1998 1506/2965/2012
f 1485/2977/1972 2009/2976/2016 1506/2965/2012 503/2901/1966
f 496/2978/1986 1492/2922/1985 2010/2979/2017 1507/2980/2014
f 498/2912/1978 1488/2981/1977 2010/2979/2017 1492/2982/1985
f 500/2983/1970 1507/2970/2014 2010/2979/2017 1488/2984/1977
f 501/2985/1974 1489/2986/1980 2011/2987/2018 1508/2988/2015
f 499/2917/1982 1493/2989/1988 2011/2987/2018 1489/2990/1980
f 497/2991/1990 1508/2992/2015 2011/2987/2018 1493/2993/1988
f 314/2994/1392 1233/2995/1468 2012/2996/2019 1509/2997/2020
f 1233/2995/1468 382/2998/1461 1343/2999/1689 2012/2996/2019
f 2012/2996/2019 1343/2999/1689 388/2942/1539 1499/3000/2000
f 1509/2997/2020 2012/2996/2019 1499/3000/2000 506/2947/2002
f 389/2951/1548 1348/3001/1696 2013/3002/2021 1502/3003/2005
f 1348/3001/1696 383/3004/1465 1234/3005/1470 2013/3002/2021
f 2013/3002/2021 1234/3005/1470 315/3006/1402 1510/3007/2022
f 1502/3003/2005 2013/3002/2021 1510/3007/2022 507/3008/2006
f 314/2994/1392 1509/2997/2020 2014/3009/2023 1253/3010/1507
f 1509/2997/2020 506/2947/2002 1504/3011/2009 2014/3009/2023
f 2014/3009/2023 1504/3011/2009 504/3012/1958 1511/3013/2024
f 1253/3010/1507 2014/3009/2023 1511/3013/2024 322/3014/1509
f 505/3015/1961 1505/3016/2011 2015/3017/2025 1512/3018/2026
f 1505/3016/2011 507/2953/2006 1510/3019/2022 2015/3017/2025
f 2015/3017/2025 1510/3019/2022 315/3006/1402 1258/3020/1518
f 1512/3018/2026 2015/3017/2025 1258/3020/1518 323/3021/1517
f 320/2399/1487 1261/3022/1524 2016/3023/2027 1337/3024/1677
f 1261/3022/1524 322/3014/1509 1511/3013/2024 2016/3023/2027
f 2016/3023/2027 1511/3013/2024 504/2959/1958 1478/3025/1957
f 1337/3024/1677 2016/3023/2027 1478/3025/1957 390/2403/1606
f 505/3026/1961 1512/3027/2026 2017/3028/2028 1481/3029/1962
f 1512/3027/2026 323/3021/1517 1264/3030/1528 2017/3028/2028
f 2017/3028/2028 1264/3030/1528 321/2413/1492 1340/3031/1682
f 1481/3029/1962 2017/3028/2028 1340/3031/1682 391/2411/1612
s 0
f 219/3032/2029 1515/3032/2029 2018/3032/2029 906/3032/2029
f 72/3032/2029 1513/3032/2029 2018/3032/2029 1515/3032/2029
f 217/3032/2029 906/3032/2029 2018/3032/2029 1513/3032/2029
f 221/3032/2029 1516/3032/2029 2019/3032/2029 902/3032/2029
f 72/3032/2029 1515/3032/2029 2019/3032/2029 1516/3032/2029
f 219/3032/2029 902/3032/2029 2019/3032/2029 1515/3032/2029
f 72/3032/2029 1517/3032/2029 2020/3032/2029 1514/3032/2029
f 220/3032/2029 901/3032/2029 2020/3032/2029 1517/3032/2029
f 218/3032/2029 1514/3032/2029 2020/3032/2029 901/3032/2029
f 72/3032/2029 1514/3032/2029 2021/3032/2029 1513/3032/2029
f 218/3032/2029 905/3032/2029 2021/3032/2029 1514/3032/2029
f 217/3032/2029 1513/3032/2029 2021/3032/2029 905/3032/2029
f 72/3032/2029 1516/3032/2029 2022/3032/2029 894/3032/2029
f 221/3032/2029 898/3032/2029 2022/3032/2029 1516/3032/2029
f 223/3032/2029 894/3032/2029 2022/3032/2029 898/3032/2029
f 72/3032/2029 893/3032/2029 2023/3032/2029 1517/3032/2029
f 222/3032/2029 897/3032/2029 2023/3032/2029 893/3032/2029
f 220/3032/2029 1517/3032/2029 2023/3032/2029 897/3032/2029
o Sphere
v -0.596128 2.150609 1.006307
v -0.596128 2.036026 0.891724
v -0.596128 1.886316 0.829712
v -0.596128 1.805294 0.821732
v -0.596128 1.724271 0.829712
v -0.596128 1.574562 0.891724
v -0.580322 2.212620 1.157573
v -0.565122 2.188987 1.081161
v -0.551115 2.150609 1.010740
v -0.538837 2.098960 0.949015
v -0.528761 2.036026 0.898359
v -0.521273 1.964225 0.860718
v -0.516663 1.886316 0.837539
v -0.515106 1.805294 0.829712
v -0.516663 1.724271 0.837539
v -0.521273 1.646363 0.860718
v -0.528761 1.574562 0.898359
v -0.538837 1.511627 0.949015
v -0.551115 1.459979 1.010740
v -0.565122 1.421600 1.081161
v -0.580322 1.397967 1.157573
v -0.565122 2.212620 1.162184
v -0.535308 2.188987 1.090206
v -0.507831 2.150609 1.023870
v -0.483747 2.098960 0.965726
v -0.463982 2.036026 0.918009
v -0.449295 1.964225 0.882552
v -0.440251 1.886316 0.860718
v -0.437197 1.805294 0.853345
v -0.440251 1.724271 0.860718
v -0.449295 1.646363 0.882552
v -0.463982 1.574562 0.918009
v -0.483747 1.511627 0.965726
v -0.507831 1.459979 1.023870
v -0.535308 1.421600 1.090206
v -0.565122 1.397967 1.162184
v -0.551115 2.212620 1.169671
v -0.507831 2.188987 1.104892
v -0.467940 2.150609 1.045192
v -0.432976 2.098960 0.992864
v -0.404282 2.036026 0.949920
v -0.382960 1.964225 0.918009
v -0.369830 1.886316 0.898359
v -0.365396 1.805294 0.891724
v -0.369830 1.724271 0.898359
v -0.382960 1.646363 0.918009
v -0.404282 1.574562 0.949920
v -0.432976 1.511627 0.992864
v -0.467940 1.459979 1.045192
v -0.507831 1.421600 1.104892
v -0.551115 1.397967 1.169671
v -0.538837 2.212620 1.179747
v -0.483747 2.188987 1.124657
v -0.432976 2.150609 1.073887
v -0.388475 2.098960 1.029385
v -0.351954 2.036026 0.992864
v -0.324816 1.964225 0.965726
v -0.308105 1.886316 0.949015
v -0.302462 1.805294 0.943373
v -0.308105 1.724271 0.949015
v -0.324816 1.646363 0.965726
v -0.351954 1.574562 0.992864
v -0.388475 1.511627 1.029385
v -0.432976 1.459979 1.073887
v -0.483747 1.421600 1.124657
v -0.538837 1.397967 1.179747
v -0.528761 2.212620 1.192025
v -0.463982 2.188987 1.148741
v -0.404282 2.150609 1.108851
v -0.351954 2.098960 1.073886
v -0.309009 2.036026 1.045192
v -0.277099 1.964225 1.023870
v -0.257448 1.886316 1.010740
v -0.250813 1.805294 1.006307
v -0.257448 1.724271 1.010740
v -0.277099 1.646363 1.023870
v -0.309009 1.574562 1.045192
v -0.351954 1.511627 1.073886
v -0.404282 1.459979 1.108851
v -0.463982 1.421600 1.148741
v -0.528761 1.397967 1.192025
v -0.596128 2.220600 1.237039
v -0.521273 2.212620 1.206033
v -0.449295 2.188987 1.176218
v -0.382960 2.150609 1.148741
v -0.324816 2.098960 1.124657
v -0.277099 2.036026 1.104892
v -0.241642 1.964225 1.090206
v -0.219808 1.886316 1.081161
v -0.212435 1.805294 1.078108
v -0.219808 1.724271 1.081161
v -0.241642 1.646363 1.090206
v -0.277099 1.574562 1.104892
v -0.324816 1.511627 1.124657
v -0.382960 1.459979 1.148741
v -0.449295 1.421600 1.176218
v -0.521273 1.397967 1.206033
v -0.516663 2.212620 1.221232
v -0.440251 2.188987 1.206033
v -0.369830 2.150609 1.192025
v -0.308105 2.098960 1.179747
v -0.257449 2.036026 1.169671
v -0.219808 1.964225 1.162184
v -0.196628 1.886316 1.157573
v -0.188802 1.805294 1.156016
v -0.196628 1.724271 1.157573
v -0.219808 1.646363 1.162184
v -0.257449 1.574562 1.169671
v -0.308105 1.511627 1.179747
v -0.369830 1.459979 1.192025
v -0.440251 1.421600 1.206033
v -0.516663 1.397967 1.221232
v -0.515106 2.212620 1.237039
v -0.437197 2.188987 1.237039
v -0.365396 2.150609 1.237039
v -0.302462 2.098960 1.237039
v -0.250813 2.036026 1.237039
v -0.212435 1.964225 1.237039
v -0.188802 1.886316 1.237039
v -0.180822 1.805294 1.237039
v -0.188802 1.724271 1.237039
v -0.212435 1.646363 1.237039
v -0.250813 1.574562 1.237039
v -0.302462 1.511627 1.237039
v -0.365396 1.459979 1.237039
v -0.437197 1.421600 1.237039
v -0.515106 1.397967 1.237039
v -0.516663 2.212620 1.252845
v -0.440251 2.188987 1.268044
v -0.369830 2.150609 1.282052
v -0.308105 2.098960 1.294330
v -0.257449 2.036026 1.304406
v -0.219808 1.964225 1.311893
v -0.196628 1.886316 1.316504
v -0.188802 1.805294 1.318061
v -0.196628 1.724271 1.316504
v -0.219808 1.646363 1.311893
v -0.257449 1.574562 1.304406
v -0.308105 1.511627 1.294330
v -0.369830 1.459979 1.282052
v -0.440251 1.421600 1.268044
v -0.516663 1.397967 1.252845
v -0.521273 2.212620 1.268044
v -0.449295 2.188987 1.297859
v -0.382960 2.150609 1.325336
v -0.324816 2.098960 1.349420
v -0.277099 2.036026 1.369185
v -0.241642 1.964225 1.383872
v -0.219808 1.886316 1.392916
v -0.212435 1.805294 1.395970
v -0.219808 1.724271 1.392916
v -0.241642 1.646363 1.383872
v -0.277099 1.574562 1.369185
v -0.324816 1.511627 1.349420
v -0.382960 1.459979 1.325336
v -0.449295 1.421600 1.297859
v -0.521273 1.397967 1.268044
v -0.528761 2.212620 1.282052
v -0.463982 2.188987 1.325336
v -0.404282 2.150609 1.365226
v -0.351954 2.098960 1.400191
v -0.309010 2.036026 1.428885
v -0.277099 1.964225 1.450207
v -0.257449 1.886316 1.463337
v -0.250814 1.805294 1.467771
v -0.257449 1.724271 1.463337
v -0.277099 1.646363 1.450207
v -0.309010 1.574562 1.428885
v -0.351954 1.511627 1.400191
v -0.404282 1.459979 1.365226
v -0.463982 1.421600 1.325336
v -0.528761 1.397967 1.282052
v -0.538837 2.212620 1.294330
v -0.483747 2.188987 1.349420
v -0.432976 2.150609 1.400191
v -0.388475 2.098960 1.444692
v -0.351954 2.036026 1.481213
v -0.324816 1.964225 1.508351
v -0.308105 1.886316 1.525062
v -0.302462 1.805294 1.530705
v -0.308105 1.724271 1.525062
v -0.324816 1.646363 1.508351
v -0.351954 1.574562 1.481213
v -0.388475 1.511627 1.444692
v -0.432976 1.459979 1.400191
v -0.483747 1.421600 1.349420
v -0.538837 1.397967 1.294330
v -0.551115 2.212620 1.304406
v -0.507831 2.188987 1.369185
v -0.467940 2.150609 1.428885
v -0.432976 2.098960 1.481213
v -0.404282 2.036026 1.524157
v -0.382960 1.964225 1.556068
v -0.369830 1.886316 1.575718
v -0.365396 1.805294 1.582353
v -0.369830 1.724271 1.575718
v -0.382960 1.646363 1.556068
v -0.404282 1.574562 1.524157
v -0.432976 1.511627 1.481213
v -0.467940 1.459979 1.428885
v -0.507831 1.421600 1.369185
v -0.551115 1.397967 1.304406
v -0.565122 2.212620 1.311893
v -0.535308 2.188987 1.383872
v -0.507831 2.150609 1.450207
v -0.483747 2.098960 1.508351
v -0.463982 2.036026 1.556068
v -0.449295 1.964225 1.591525
v -0.440251 1.886316 1.613359
v -0.437197 1.805294 1.620732
v -0.440251 1.724271 1.613359
v -0.449295 1.646363 1.591525
v -0.463982 1.574562 1.556068
v -0.483747 1.511627 1.508351
v -0.507831 1.459979 1.450207
v -0.535308 1.421600 1.383872
v -0.565122 1.397967 1.311893
v -0.580322 2.212620 1.316504
v -0.565122 2.188987 1.392916
v -0.551115 2.150609 1.463337
v -0.538837 2.098960 1.525062
v -0.528761 2.036026 1.575718
v -0.521273 1.964225 1.613359
v -0.516663 1.886316 1.636539
v -0.515106 1.805294 1.644365
v -0.516663 1.724271 1.636539
v -0.521273 1.646363 1.613359
v -0.528761 1.574562 1.575718
v -0.538837 1.511627 1.525062
v -0.551115 1.459979 1.463337
v -0.565122 1.421600 1.392916
v -0.580322 1.397967 1.316504
v -0.596128 2.212620 1.318061
v -0.596128 2.188987 1.395970
v -0.596128 2.150609 1.467771
v -0.596128 2.098960 1.530705
v -0.596128 2.036026 1.582353
v -0.596128 1.964225 1.620732
v -0.596128 1.886316 1.644365
v -0.596128 1.805294 1.652345
v -0.596128 1.724271 1.644365
v -0.596128 1.646363 1.620732
v -0.596128 1.574562 1.582353
v -0.596128 1.511627 1.530705
v -0.596128 1.459979 1.467771
v -0.596128 1.421600 1.395970
v -0.596128 1.397967 1.318061
v -0.611935 2.212620 1.316504
v -0.627134 2.188987 1.392916
v -0.641142 2.150609 1.463337
v -0.653420 2.098960 1.525062
v -0.663496 2.036026 1.575718
v -0.670983 1.964225 1.613359
v -0.675594 1.886316 1.636539
v -0.677151 1.805294 1.644365
v -0.675594 1.724271 1.636539
v -0.670983 1.646363 1.613359
v -0.663496 1.574562 1.575718
v -0.653420 1.511627 1.525062
v -0.641142 1.459979 1.463337
v -0.627134 1.421600 1.392916
v -0.611935 1.397967 1.316504
v -0.627134 2.212620 1.311893
v -0.656949 2.188987 1.383872
v -0.684426 2.150609 1.450207
v -0.708509 2.098960 1.508351
v -0.728274 2.036026 1.556068
v -0.742961 1.964225 1.591525
v -0.752005 1.886316 1.613359
v -0.755059 1.805294 1.620732
v -0.752005 1.724271 1.613359
v -0.742961 1.646363 1.591525
v -0.728274 1.574562 1.556068
v -0.708509 1.511627 1.508351
v -0.684426 1.459979 1.450207
v -0.656949 1.421600 1.383872
v -0.627134 1.397967 1.311893
v -0.641142 2.212620 1.304406
v -0.684426 2.188987 1.369185
v -0.724316 2.150609 1.428885
v -0.759280 2.098960 1.481213
v -0.787975 2.036026 1.524157
v -0.809297 1.964225 1.556068
v -0.822427 1.886316 1.575718
v -0.826860 1.805294 1.582353
v -0.822427 1.724271 1.575718
v -0.809297 1.646363 1.556068
v -0.787975 1.574562 1.524157
v -0.759280 1.511627 1.481213
v -0.724316 1.459979 1.428885
v -0.684426 1.421600 1.369185
v -0.641142 1.397967 1.304406
v -0.653420 2.212620 1.294330
v -0.708509 2.188987 1.349420
v -0.759280 2.150609 1.400191
v -0.803782 2.098960 1.444692
v -0.840303 2.036026 1.481213
v -0.867440 1.964225 1.508351
v -0.884152 1.886316 1.525062
v -0.889794 1.805294 1.530704
v -0.884152 1.724271 1.525062
v -0.867440 1.646363 1.508351
v -0.840303 1.574562 1.481213
v -0.803782 1.511627 1.444692
v -0.759280 1.459979 1.400191
v -0.708509 1.421600 1.349420
v -0.653420 1.397967 1.294330
v -0.596128 1.389987 1.237039
v -0.663496 2.212620 1.282052
v -0.728274 2.188987 1.325336
v -0.787975 2.150609 1.365226
v -0.840303 2.098960 1.400191
v -0.883247 2.036026 1.428885
v -0.915157 1.964225 1.450207
v -0.934808 1.886316 1.463337
v -0.941443 1.805294 1.467770
v -0.934808 1.724271 1.463337
v -0.915157 1.646363 1.450207
v -0.883247 1.574562 1.428885
v -0.840303 1.511627 1.400191
v -0.787975 1.459979 1.365226
v -0.728274 1.421600 1.325336
v -0.663496 1.397967 1.282052
v -0.670983 2.212620 1.268044
v -0.742961 2.188987 1.297859
v -0.809297 2.150609 1.325336
v -0.867440 2.098960 1.349420
v -0.915157 2.036026 1.369185
v -0.950614 1.964225 1.383872
v -0.972449 1.886316 1.392916
v -0.979821 1.805294 1.395969
v -0.972449 1.724271 1.392916
v -0.950614 1.646363 1.383872
v -0.915157 1.574562 1.369185
v -0.867440 1.511627 1.349420
v -0.809297 1.459979 1.325336
v -0.742961 1.421600 1.297859
v -0.670983 1.397967 1.268044
v -0.675594 2.212620 1.252845
v -0.752005 2.188987 1.268044
v -0.822427 2.150609 1.282052
v -0.884152 2.098960 1.294330
v -0.934808 2.036026 1.304406
v -0.972449 1.964225 1.311893
v -0.995628 1.886316 1.316504
v -1.003455 1.805294 1.318061
v -0.995628 1.724271 1.316504
v -0.972449 1.646363 1.311893
v -0.934808 1.574562 1.304406
v -0.884152 1.511627 1.294330
v -0.822427 1.459979 1.282052
v -0.752005 1.421600 1.268044
v -0.675594 1.397967 1.252845
v -0.677150 2.212620 1.237039
v -0.755059 2.188987 1.237039
v -0.826860 2.150609 1.237038
v -0.889794 2.098960 1.237039
v -0.941443 2.036026 1.237038
v -0.979821 1.964225 1.237039
v -1.003455 1.886316 1.237038
v -1.011435 1.805294 1.237038
v -1.003455 1.724271 1.237038
v -0.979821 1.646363 1.237039
v -0.941443 1.574562 1.237038
v -0.889794 1.511627 1.237039
v -0.826860 1.459979 1.237038
v -0.755059 1.421600 1.237039
v -0.677150 1.397967 1.237039
v -0.675594 2.212620 1.221232
v -0.752005 2.188987 1.206033
v -0.822427 2.150609 1.192025
v -0.884152 2.098960 1.179747
v -0.934808 2.036026 1.169671
v -0.972449 1.964225 1.162184
v -0.995628 1.886316 1.157573
v -1.003454 1.805294 1.156016
v -0.995628 1.724271 1.157573
v -0.972449 1.646363 1.162184
v -0.934808 1.574562 1.169671
v -0.884152 1.511627 1.179747
v -0.822427 1.459979 1.192025
v -0.752005 1.421600 1.206033
v -0.675594 1.397967 1.221232
v -0.670983 2.212620 1.206033
v -0.742961 2.188987 1.176218
v -0.809297 2.150609 1.148741
v -0.867440 2.098960 1.124658
v -0.915157 2.036026 1.104892
v -0.950614 1.964225 1.090206
v -0.972449 1.886316 1.081161
v -0.979821 1.805294 1.078108
v -0.972449 1.724271 1.081161
v -0.950614 1.646363 1.090206
v -0.915157 1.574562 1.104892
v -0.867440 1.511627 1.124658
v -0.809297 1.459979 1.148741
v -0.742961 1.421600 1.176218
v -0.670983 1.397967 1.206033
v -0.663496 2.212620 1.192025
v -0.728274 2.188987 1.148741
v -0.787975 2.150609 1.108851
v -0.840303 2.098960 1.073887
v -0.883247 2.036026 1.045192
v -0.915157 1.964225 1.023870
v -0.934808 1.886316 1.010740
v -0.941443 1.805294 1.006307
v -0.934808 1.724271 1.010740
v -0.915157 1.646363 1.023870
v -0.883247 1.574562 1.045192
v -0.840303 1.511627 1.073887
v -0.787975 1.459979 1.108851
v -0.728274 1.421600 1.148741
v -0.663496 1.397967 1.192025
v -0.653420 2.212620 1.179747
v -0.708509 2.188987 1.124658
v -0.759280 2.150609 1.073887
v -0.803782 2.098960 1.029385
v -0.840302 2.036026 0.992864
v -0.867440 1.964225 0.965727
v -0.884151 1.886316 0.949015
v -0.889794 1.805294 0.943373
v -0.884151 1.724271 0.949015
v -0.867440 1.646363 0.965727
v -0.840302 1.574562 0.992864
v -0.803782 1.511627 1.029385
v -0.759280 1.459979 1.073887
v -0.708509 1.421600 1.124658
v -0.653420 1.397967 1.179747
v -0.641142 2.212620 1.169671
v -0.684425 2.188987 1.104892
v -0.724316 2.150609 1.045192
v -0.759280 2.098960 0.992864
v -0.787975 2.036026 0.949920
v -0.809297 1.964225 0.918009
v -0.822427 1.886316 0.898359
v -0.826860 1.805294 0.891724
v -0.822427 1.724271 0.898359
v -0.809297 1.646363 0.918009
v -0.787975 1.574562 0.949920
v -0.759280 1.511627 0.992864
v -0.724316 1.459979 1.045192
v -0.684425 1.421600 1.104892
v -0.641142 1.397967 1.169671
v -0.627134 2.212620 1.162184
v -0.656948 2.188987 1.090206
v -0.684425 2.150609 1.023870
v -0.708509 2.098960 0.965726
v -0.728274 2.036026 0.918010
v -0.742961 1.964225 0.882552
v -0.752005 1.886316 0.860718
v -0.755059 1.805294 0.853346
v -0.752005 1.724271 0.860718
v -0.742961 1.646363 0.882552
v -0.728274 1.574562 0.918010
v -0.708509 1.511627 0.965726
v -0.684425 1.459979 1.023870
v -0.656948 1.421600 1.090206
v -0.627134 1.397967 1.162184
v -0.611935 2.212620 1.157573
v -0.627134 2.188987 1.081161
v -0.641142 2.150609 1.010740
v -0.653420 2.098960 0.949015
v -0.663496 2.036026 0.898359
v -0.670983 1.964225 0.860718
v -0.675594 1.886316 0.837539
v -0.677150 1.805294 0.829712
v -0.675594 1.724271 0.837539
v -0.670983 1.646363 0.860718
v -0.663496 1.574562 0.898359
v -0.653420 1.511627 0.949015
v -0.641142 1.459979 1.010740
v -0.627134 1.421600 1.081161
v -0.611935 1.397967 1.157573
v -0.596128 2.212620 1.156016
v -0.596128 2.188987 1.078108
v -0.596128 2.098960 0.943373
v -0.596128 1.964225 0.853346
v -0.596128 1.646363 0.853346
v -0.596128 1.511627 0.943373
v -0.596128 1.459979 1.006307
v -0.596128 1.421600 1.078108
v -0.596128 1.397967 1.156016
vn -0.0000 0.8286 -0.5598
vn -0.0000 0.5528 -0.8333
vn -0.0000 0.1939 -0.9810
vn -0.0000 -0.0000 -1.0000
vn -0.0000 -0.1939 -0.9810
vn -0.0000 -0.5528 -0.8333
vn 0.0392 0.9796 -0.1971
vn 0.0757 0.9217 -0.3804
vn 0.1092 0.8286 -0.5490
vn 0.1385 0.7041 -0.6965
vn 0.1626 0.5528 -0.8173
vn 0.1804 0.3805 -0.9070
vn 0.1914 0.1939 -0.9622
vn 0.1951 -0.0000 -0.9808
vn 0.1914 -0.1939 -0.9622
vn 0.1804 -0.3805 -0.9070
vn 0.1626 -0.5528 -0.8173
vn 0.1385 -0.7041 -0.6965
vn 0.1092 -0.8286 -0.5490
vn 0.0757 -0.9217 -0.3804
vn 0.0392 -0.9796 -0.1971
vn 0.0769 0.9796 -0.1857
vn 0.1484 0.9217 -0.3584
vn 0.2142 0.8286 -0.5172
vn 0.2718 0.7041 -0.6561
vn 0.3189 0.5528 -0.7699
vn 0.3539 0.3805 -0.8544
vn 0.3754 0.1939 -0.9063
vn 0.3827 -0.0000 -0.9239
vn 0.3754 -0.1939 -0.9063
vn 0.3539 -0.3805 -0.8544
vn 0.3189 -0.5528 -0.7699
vn 0.2718 -0.7041 -0.6561
vn 0.2142 -0.8286 -0.5172
vn 0.1484 -0.9217 -0.3584
vn 0.0769 -0.9796 -0.1857
vn 0.1117 0.9796 -0.1671
vn 0.2155 0.9217 -0.3225
vn 0.3110 0.8286 -0.4654
vn 0.3945 0.7041 -0.5905
vn 0.4630 0.5528 -0.6929
vn 0.5138 0.3805 -0.7689
vn 0.5450 0.1939 -0.8157
vn 0.5556 -0.0000 -0.8315
vn 0.5450 -0.1939 -0.8157
vn 0.5138 -0.3805 -0.7689
vn 0.4630 -0.5528 -0.6929
vn 0.3945 -0.7041 -0.5905
vn 0.3110 -0.8286 -0.4654
vn 0.2155 -0.9217 -0.3225
vn 0.1117 -0.9796 -0.1671
vn 0.1421 0.9796 -0.1421
vn 0.2743 0.9217 -0.2743
vn 0.3958 0.8286 -0.3958
vn 0.5021 0.7041 -0.5021
vn 0.5893 0.5528 -0.5893
vn 0.6539 0.3805 -0.6539
vn 0.6937 0.1939 -0.6937
vn 0.7071 -0.0000 -0.7071
vn 0.6937 -0.1939 -0.6937
vn 0.6539 -0.3805 -0.6539
vn 0.5893 -0.5528 -0.5893
vn 0.5021 -0.7041 -0.5021
vn 0.3958 -0.8286 -0.3958
vn 0.2743 -0.9217 -0.2743
vn 0.1421 -0.9796 -0.1421
vn 0.1671 0.9796 -0.1117
vn 0.3225 0.9217 -0.2155
vn 0.4654 0.8286 -0.3110
vn 0.5905 0.7041 -0.3945
vn 0.6929 0.5528 -0.4630
vn 0.7689 0.3805 -0.5138
vn 0.8157 0.1939 -0.5450
vn 0.8315 -0.0000 -0.5556
vn 0.8157 -0.1939 -0.5450
vn 0.7689 -0.3805 -0.5138
vn 0.6929 -0.5528 -0.4630
vn 0.5905 -0.7041 -0.3945
vn 0.4654 -0.8286 -0.3110
vn 0.3225 -0.9217 -0.2155
vn 0.1671 -0.9796 -0.1117
vn -0.0000 1.0000 -0.0000
vn 0.1857 0.9796 -0.0769
vn 0.3584 0.9217 -0.1484
vn 0.5172 0.8286 -0.2142
vn 0.6561 0.7041 -0.2718
vn 0.7699 0.5528 -0.3189
vn 0.8544 0.3805 -0.3539
vn 0.9063 0.1939 -0.3754
vn 0.9239 -0.0000 -0.3827
vn 0.9063 -0.1939 -0.3754
vn 0.8544 -0.3805 -0.3539
vn 0.7699 -0.5528 -0.3189
vn 0.6561 -0.7041 -0.2718
vn 0.5172 -0.8286 -0.2142
vn 0.3584 -0.9217 -0.1484
vn 0.1857 -0.9796 -0.0769
vn 0.1971 0.9796 -0.0392
vn 0.3804 0.9217 -0.0757
vn 0.5490 0.8286 -0.1092
vn 0.6965 0.7041 -0.1385
vn 0.8173 0.5528 -0.1626
vn 0.9070 0.3805 -0.1804
vn 0.9622 0.1939 -0.1914
vn 0.9808 -0.0000 -0.1951
vn 0.9622 -0.1939 -0.1914
vn 0.9070 -0.3805 -0.1804
vn 0.8173 -0.5528 -0.1626
vn 0.6965 -0.7041 -0.1385
vn 0.5490 -0.8286 -0.1092
vn 0.3804 -0.9217 -0.0757
vn 0.1971 -0.9796 -0.0392
vn 0.2010 0.9796 -0.0000
vn 0.3879 0.9217 -0.0000
vn 0.5598 0.8286 -0.0000
vn 0.7101 0.7041 -0.0000
vn 0.8333 0.5528 -0.0000
vn 0.9248 0.3805 -0.0000
vn 0.9810 0.1939 -0.0000
vn 1.0000 -0.0000 -0.0000
vn 0.9810 -0.1939 -0.0000
vn 0.9248 -0.3805 -0.0000
vn 0.8333 -0.5528 -0.0000
vn 0.7101 -0.7041 -0.0000
vn 0.5598 -0.8286 -0.0000
vn 0.3879 -0.9217 -0.0000
vn 0.2010 -0.9796 -0.0000
vn 0.1971 0.9796 0.0392
vn 0.3804 0.9217 0.0757
vn 0.5490 0.8286 0.1092
vn 0.6965 0.7041 0.1385
vn 0.8173 0.5528 0.1626
vn 0.9070 0.3805 0.1804
vn 0.9622 0.1939 0.1914
vn 0.9808 -0.0000 0.1951
vn 0.9622 -0.1939 0.1914
vn 0.9070 -0.3805 0.1804
vn 0.8173 -0.5528 0.1626
vn 0.6965 -0.7041 0.1385
vn 0.5490 -0.8286 0.1092
vn 0.3804 -0.9217 0.0757
vn 0.1971 -0.9796 0.0392
vn 0.1857 0.9796 0.0769
vn 0.3584 0.9217 0.1484
vn 0.5172 0.8286 0.2142
vn 0.6561 0.7041 0.2718
vn 0.7699 0.5528 0.3189
vn 0.8544 0.3805 0.3539
vn 0.9063 0.1939 0.3754
vn 0.9239 -0.0000 0.3827
vn 0.9063 -0.1939 0.3754
vn 0.8544 -0.3805 0.3539
vn 0.7699 -0.5528 0.3189
vn 0.6561 -0.7041 0.2718
vn 0.5172 -0.8286 0.2142
vn 0.3584 -0.9217 0.1484
vn 0.1857 -0.9796 0.0769
vn 0.1671 0.9796 0.1117
vn 0.3225 0.9217 0.2155
vn 0.4654 0.8286 0.3110
vn 0.5905 0.7041 0.3945
vn 0.6929 0.5528 0.4630
vn 0.7689 0.3805 0.5138
vn 0.8157 0.1939 0.5450
vn 0.8315 -0.0000 0.5556
vn 0.8157 -0.1939 0.5450
vn 0.7689 -0.3805 0.5138
vn 0.6929 -0.5528 0.4630
vn 0.5905 -0.7041 0.3945
vn 0.4654 -0.8286 0.3110
vn 0.3225 -0.9217 0.2155
vn 0.1671 -0.9796 0.1117
vn 0.1421 0.9796 0.1421
vn 0.2743 0.9217 0.2743
vn 0.3958 0.8286 0.3958
vn 0.5021 0.7041 0.5021
vn 0.5893 0.5528 0.5893
vn 0.6539 0.3805 0.6539
vn 0.6937 0.1939 0.6937
vn 0.7071 -0.0000 0.7071
vn 0.6937 -0.1939 0.6937
vn 0.6539 -0.3805 0.6539
vn 0.5893 -0.5528 0.5893
vn 0.5021 -0.7041 0.5021
vn 0.3958 -0.8286 0.3958
vn 0.2743 -0.9217 0.2743
vn 0.1421 -0.9796 0.1421
vn 0.1117 0.9796 0.1671
vn 0.2155 0.9217 0.3225
vn 0.3110 0.8286 0.4654
vn 0.3945 0.7041 0.5905
vn 0.4630 0.5528 0.6929
vn 0.5138 0.3805 0.7689
vn 0.5450 0.1939 0.8157
vn 0.5556 -0.0000 0.8315
vn 0.5450 -0.1939 0.8157
vn 0.5138 -0.3805 0.7689
vn 0.4630 -0.5528 0.6929
vn 0.3945 -0.7041 0.5905
vn 0.3110 -0.8286 0.4654
vn 0.2155 -0.9217 0.3225
vn 0.1117 -0.9796 0.1671
vn 0.0769 0.9796 0.1857
vn 0.1484 0.9217 0.3584
vn 0.2142 0.8286 0.5172
vn 0.2718 0.7041 0.6561
vn 0.3189 0.5528 0.7699
vn 0.3539 0.3805 0.8544
vn 0.3754 0.1939 0.9063
vn 0.3827 -0.0000 0.9239
vn 0.3754 -0.1939 0.9063
vn 0.3539 -0.3805 0.8544
vn 0.3189 -0.5528 0.7699
vn 0.2718 -0.7041 0.6561
vn 0.2142 -0.8286 0.5172
vn 0.1484 -0.9217 0.3584
vn 0.0769 -0.9796 0.1857
vn 0.0392 0.9796 0.1971
vn 0.0757 0.9217 0.3804
vn 0.1092 0.8286 0.5490
vn 0.1385 0.7041 0.6965
vn 0.1626 0.5528 0.8173
vn 0.1804 0.3805 0.9070
vn 0.1914 0.1939 0.9622
vn 0.1951 -0.0000 0.9808
vn 0.1914 -0.1939 0.9622
vn 0.1804 -0.3805 0.9070
vn 0.1626 -0.5528 0.8173
vn 0.1385 -0.7041 0.6965
vn 0.1092 -0.8286 0.5490
vn 0.0757 -0.9217 0.3804
vn 0.0392 -0.9796 0.1971
vn -0.0000 0.9796 0.2010
vn -0.0000 0.9217 0.3879
vn -0.0000 0.8286 0.5598
vn -0.0000 0.7041 0.7101
vn -0.0000 0.5528 0.8333
vn -0.0000 0.3805 0.9248
vn -0.0000 0.1939 0.9810
vn -0.0000 -0.0000 1.0000
vn -0.0000 -0.1939 0.9810
vn -0.0000 -0.3805 0.9248
vn -0.0000 -0.5528 0.8333
vn -0.0000 -0.7041 0.7101
vn -0.0000 -0.8286 0.5598
vn -0.0000 -0.9217 0.3879
vn -0.0000 -0.9796 0.2010
vn -0.0392 0.9796 0.1971
vn -0.0757 0.9217 0.3804
vn -0.1092 0.8286 0.5490
vn -0.1385 0.7041 0.6965
vn -0.1626 0.5528 0.8173
vn -0.1804 0.3805 0.9070
vn -0.1914 0.1939 0.9622
vn -0.1951 -0.0000 0.9808
vn -0.1914 -0.1939 0.9622
vn -0.1804 -0.3805 0.9070
vn -0.1626 -0.5528 0.8173
vn -0.1385 -0.7041 0.6965
vn -0.1092 -0.8286 0.5490
vn -0.0757 -0.9217 0.3804
vn -0.0392 -0.9796 0.1971
vn -0.0769 0.9796 0.1857
vn -0.1484 0.9217 0.3584
vn -0.2142 0.8286 0.5172
vn -0.2718 0.7041 0.6561
vn -0.3189 0.5528 0.7699
vn -0.3539 0.3805 0.8544
vn -0.3754 0.1939 0.9063
vn -0.3827 -0.0000 0.9239
vn -0.3754 -0.1939 0.9063
vn -0.3539 -0.3805 0.8544
vn -0.3189 -0.5528 0.7699
vn -0.2718 -0.7041 0.6561
vn -0.2142 -0.8286 0.5172
vn -0.1484 -0.9217 0.3584
vn -0.0769 -0.9796 0.1857
vn -0.1117 0.9796 0.1671
vn -0.2155 0.9217 0.3225
vn -0.3110 0.8286 0.4654
vn -0.3945 0.7041 0.5905
vn -0.4630 0.5528 0.6929
vn -0.5138 0.3805 0.7689
vn -0.5450 0.1939 0.8157
vn -0.5556 -0.0000 0.8315
vn -0.5450 -0.1939 0.8157
vn -0.5138 -0.3805 0.7689
vn -0.4630 -0.5528 0.6929
vn -0.3945 -0.7041 0.5905
vn -0.3110 -0.8286 0.4654
vn -0.2155 -0.9217 0.3225
vn -0.1117 -0.9796 0.1671
vn -0.1421 0.9796 0.1421
vn -0.2743 0.9217 0.2743
vn -0.3958 0.8286 0.3958
vn -0.5021 0.7041 0.5021
vn -0.5893 0.5528 0.5893
vn -0.6539 0.3805 0.6539
vn -0.6937 0.1939 0.6937
vn -0.7071 -0.0000 0.7071
vn -0.6937 -0.1939 0.6937
vn -0.6539 -0.3805 0.6539
vn -0.5893 -0.5528 0.5893
vn -0.5021 -0.7041 0.5021
vn -0.3958 -0.8286 0.3958
vn -0.2743 -0.9217 0.2743
vn -0.1421 -0.9796 0.1421
vn -0.0000 -1.0000 -0.0000
vn -0.1671 0.9796 0.1117
vn -0.3225 0.9217 0.2155
vn -0.4654 0.8286 0.3110
vn -0.5905 0.7041 0.3945
vn -0.6929 0.5528 0.4630
vn -0.7689 0.3805 0.5138
vn -0.8157 0.1939 0.5450
vn -0.8315 -0.0000 0.5556
vn -0.8157 -0.1939 0.5450
vn -0.7689 -0.3805 0.5138
vn -0.6929 -0.5528 0.4630
vn -0.5905 -0.7041 0.3945
vn -0.4654 -0.8286 0.3110
vn -0.3225 -0.9217 0.2155
vn -0.1671 -0.9796 0.1117
vn -0.1857 0.9796 0.0769
vn -0.3584 0.9217 0.1484
vn -0.5172 0.8286 0.2142
vn -0.6561 0.7041 0.2718
vn -0.7699 0.5528 0.3189
vn -0.8544 0.3805 0.3539
vn -0.9063 0.1939 0.3754
vn -0.9239 -0.0000 0.3827
vn -0.9063 -0.1939 0.3754
vn -0.8544 -0.3805 0.3539
vn -0.7699 -0.5528 0.3189
vn -0.6561 -0.7041 0.2718
vn -0.5172 -0.8286 0.2142
vn -0.3584 -0.9217 0.1484
vn -0.1857 -0.9796 0.0769
vn -0.1971 0.9796 0.0392
vn -0.3804 0.9217 0.0757
vn -0.5490 0.8286 0.1092
vn -0.6965 0.7041 0.1385
vn -0.8173 0.5528 0.1626
vn -0.9070 0.3805 0.1804
vn -0.9622 0.1939 0.1914
vn -0.9808 -0.0000 0.1951
vn -0.9622 -0.1939 0.1914
vn -0.9070 -0.3805 0.1804
vn -0.8173 -0.5528 0.1626
vn -0.6965 -0.7041 0.1385
vn -0.5490 -0.8286 0.1092
vn -0.3804 -0.9217 0.0757
vn -0.1971 -0.9796 0.0392
vn -0.2010 0.9796 -0.0000
vn -0.3879 0.9217 -0.0000
vn -0.5598 0.8286 -0.0000
vn -0.7101 0.7041 -0.0000
vn -0.8333 0.5528 -0.0000
vn -0.9248 0.3805 -0.0000
vn -0.9810 0.1939 -0.0000
vn -1.0000 -0.0000 -0.0000
vn -0.9810 -0.1939 -0.0000
vn -0.9248 -0.3805 -0.0000
vn -0.8333 -0.5528 -0.0000
vn -0.7101 -0.7041 -0.0000
vn -0.5598 -0.8286 -0.0000
vn -0.3879 -0.9217 -0.0000
vn -0.2010 -0.9796 -0.0000
vn -0.1971 0.9796 -0.0392
vn -0.3804 0.9217 -0.0757
vn -0.5490 0.8286 -0.1092
vn -0.6965 0.7041 -0.1385
vn -0.8173 0.5528 -0.1626
vn -0.9070 0.3805 -0.1804
vn -0.9622 0.1939 -0.1914
vn -0.9808 -0.0000 -0.1951
vn -0.9622 -0.1939 -0.1914
vn -0.9070 -0.3805 -0.1804
vn -0.8173 -0.5528 -0.1626
vn -0.6965 -0.7041 -0.1385
vn -0.5490 -0.8286 -0.1092
vn -0.3804 -0.9217 -0.0757
vn -0.1971 -0.9796 -0.0392
vn -0.1857 0.9796 -0.0769
vn -0.3584 0.9217 -0.1484
vn -0.5172 0.8286 -0.2142
vn -0.6561 0.7041 -0.2718
vn -0.7699 0.5528 -0.3189
vn -0.8544 0.3805 -0.3539
vn -0.9063 0.1939 -0.3754
vn -0.9239 -0.0000 -0.3827
vn -0.9063 -0.1939 -0.3754
vn -0.8544 -0.3805 -0.3539
vn -0.7699 -0.5528 -0.3189
vn -0.6561 -0.7041 -0.2718
vn -0.5172 -0.8286 -0.2142
vn -0.3584 -0.9217 -0.1484
vn -0.1857 -0.9796 -0.0769
vn -0.1671 0.9796 -0.1117
vn -0.3225 0.9217 -0.2155
vn -0.4654 0.8286 -0.3110
vn -0.5905 0.7041 -0.3945
vn -0.6929 0.5528 -0.4630
vn -0.7689 0.3805 -0.5138
vn -0.8157 0.1939 -0.5450
vn -0.8315 -0.0000 -0.5556
vn -0.8157 -0.1939 -0.5450
vn -0.7689 -0.3805 -0.5138
vn -0.6929 -0.5528 -0.4630
vn -0.5905 -0.7041 -0.3945
vn -0.4654 -0.8286 -0.3110
vn -0.3225 -0.9217 -0.2155
vn -0.1671 -0.9796 -0.1117
vn -0.1421 0.9796 -0.1421
vn -0.2743 0.9217 -0.2743
vn -0.3958 0.8286 -0.3958
vn -0.5021 0.7041 -0.5021
vn -0.5893 0.5528 -0.5893
vn -0.6539 0.3805 -0.6539
vn -0.6937 0.1939 -0.6937
vn -0.7071 -0.0000 -0.7071
vn -0.6937 -0.1939 -0.6937
vn -0.6539 -0.3805 -0.6539
vn -0.5893 -0.5528 -0.5893
vn -0.5021 -0.7041 -0.5021
vn -0.3958 -0.8286 -0.3958
vn -0.2743 -0.9217 -0.2743
vn -0.1421 -0.9796 -0.1421
vn -0.1117 0.9796 -0.1671
vn -0.2155 0.9217 -0.3225
vn -0.3110 0.8286 -0.4654
vn -0.3945 0.7041 -0.5905
vn -0.4630 0.5528 -0.6929
vn -0.5138 0.3805 -0.7689
vn -0.5450 0.1939 -0.8157
vn -0.5556 -0.0000 -0.8315
vn -0.5450 -0.1939 -0.8157
vn -0.5138 -0.3805 -0.7689
vn -0.4630 -0.5528 -0.6929
vn -0.3945 -0.7041 -0.5905
vn -0.3110 -0.8286 -0.4654
vn -0.2155 -0.9217 -0.3225
vn -0.1117 -0.9796 -0.1671
vn -0.0769 0.9796 -0.1857
vn -0.1484 0.9217 -0.3584
vn -0.2142 0.8286 -0.5172
vn -0.2718 0.7041 -0.6561
vn -0.3189 0.5528 -0.7699
vn -0.3539 0.3805 -0.8544
vn -0.3754 0.1939 -0.9063
vn -0.3827 -0.0000 -0.9239
vn -0.3754 -0.1939 -0.9063
vn -0.3539 -0.3805 -0.8544
vn -0.3189 -0.5528 -0.7699
vn -0.2718 -0.7041 -0.6561
vn -0.2142 -0.8286 -0.5172
vn -0.1484 -0.9217 -0.3584
vn -0.0769 -0.9796 -0.1857
vn -0.0392 0.9796 -0.1971
vn -0.0757 0.9217 -0.3804
vn -0.1092 0.8286 -0.5490
vn -0.1385 0.7041 -0.6965
vn -0.1626 0.5528 -0.8173
vn -0.1804 0.3805 -0.9070
vn -0.1914 0.1939 -0.9622
vn -0.1951 -0.0000 -0.9808
vn -0.1914 -0.1939 -0.9622
vn -0.1804 -0.3805 -0.9070
vn -0.1626 -0.5528 -0.8173
vn -0.1385 -0.7041 -0.6965
vn -0.1092 -0.8286 -0.5490
vn -0.0757 -0.9217 -0.3804
vn -0.0392 -0.9796 -0.1971
vn -0.0000 0.9796 -0.2010
vn -0.0000 0.9217 -0.3879
vn -0.0000 0.7041 -0.7101
vn -0.0000 0.3805 -0.9248
vn -0.0000 -0.3805 -0.9248
vn -0.0000 -0.7041 -0.7101
vn -0.0000 -0.8286 -0.5598
vn -0.0000 -0.9217 -0.3879
vn -0.0000 -0.9796 -0.2010
vt 0.750000 0.062500
vt 0.750000 0.125000
vt 0.718750 0.125000
vt 0.718750 0.062500
vt 0.750000 0.500000
vt 0.750000 0.562500
vt 0.718750 0.562500
vt 0.718750 0.500000
vt 0.750000 0.937500
vt 0.734375 1.000000
vt 0.718750 0.937500
vt 0.734375 0.000000
vt 0.750000 0.437500
vt 0.718750 0.437500
vt 0.750000 0.875000
vt 0.718750 0.875000
vt 0.750000 0.375000
vt 0.718750 0.375000
vt 0.750000 0.812500
vt 0.718750 0.812500
vt 0.750000 0.312500
vt 0.718750 0.312500
vt 0.750000 0.750000
vt 0.718750 0.750000
vt 0.750000 0.250000
vt 0.718750 0.250000
vt 0.750000 0.687500
vt 0.718750 0.687500
vt 0.750000 0.187500
vt 0.718750 0.187500
vt 0.750000 0.625000
vt 0.718750 0.625000
vt 0.687500 0.187500
vt 0.687500 0.125000
vt 0.687500 0.625000
vt 0.687500 0.562500
vt 0.687500 0.062500
vt 0.687500 0.500000
vt 0.703125 1.000000
vt 0.687500 0.937500
vt 0.703125 0.000000
vt 0.687500 0.437500
vt 0.687500 0.875000
vt 0.687500 0.375000
vt 0.687500 0.812500
vt 0.687500 0.312500
vt 0.687500 0.750000
vt 0.687500 0.250000
vt 0.687500 0.687500
vt 0.656250 0.875000
vt 0.656250 0.812500
vt 0.656250 0.375000
vt 0.656250 0.312500
vt 0.656250 0.750000
vt 0.656250 0.250000
vt 0.656250 0.687500
vt 0.656250 0.187500
vt 0.656250 0.625000
vt 0.656250 0.125000
vt 0.656250 0.562500
vt 0.656250 0.062500
vt 0.656250 0.500000
vt 0.671875 1.000000
vt 0.656250 0.937500
vt 0.671875 0.000000
vt 0.656250 0.437500
vt 0.625000 0.625000
vt 0.625000 0.562500
vt 0.625000 0.125000
vt 0.625000 0.062500
vt 0.625000 0.500000
vt 0.640625 1.000000
vt 0.625000 0.937500
vt 0.640625 0.000000
vt 0.625000 0.437500
vt 0.625000 0.875000
vt 0.625000 0.375000
vt 0.625000 0.812500
vt 0.625000 0.312500
vt 0.625000 0.750000
vt 0.625000 0.250000
vt 0.625000 0.687500
vt 0.625000 0.187500
vt 0.593750 0.375000
vt 0.593750 0.312500
vt 0.593750 0.812500
vt 0.593750 0.750000
vt 0.593750 0.250000
vt 0.593750 0.687500
vt 0.593750 0.187500
vt 0.593750 0.625000
vt 0.593750 0.125000
vt 0.593750 0.562500
vt 0.593750 0.062500
vt 0.593750 0.500000
vt 0.609375 1.000000
vt 0.593750 0.937500
vt 0.609375 0.000000
vt 0.593750 0.437500
vt 0.593750 0.875000
vt 0.562500 0.125000
vt 0.562500 0.062500
vt 0.562500 0.562500
vt 0.562500 0.500000
vt 0.578125 1.000000
vt 0.562500 0.937500
vt 0.578125 0.000000
vt 0.562500 0.437500
vt 0.562500 0.875000
vt 0.562500 0.375000
vt 0.562500 0.812500
vt 0.562500 0.312500
vt 0.562500 0.750000
vt 0.562500 0.250000
vt 0.562500 0.687500
vt 0.562500 0.187500
vt 0.562500 0.625000
vt 0.531250 0.812500
vt 0.531250 0.750000
vt 0.531250 0.312500
vt 0.531250 0.250000
vt 0.531250 0.687500
vt 0.531250 0.187500
vt 0.531250 0.625000
vt 0.531250 0.125000
vt 0.531250 0.562500
vt 0.531250 0.062500
vt 0.531250 0.500000
vt 0.546875 1.000000
vt 0.531250 0.937500
vt 0.546875 0.000000
vt 0.531250 0.437500
vt 0.531250 0.875000
vt 0.531250 0.375000
vt 0.500000 0.562500
vt 0.500000 0.500000
vt 0.515625 1.000000
vt 0.500000 0.937500
vt 0.515625 0.000000
vt 0.500000 0.062500
vt 0.500000 0.437500
vt 0.500000 0.875000
vt 0.500000 0.375000
vt 0.500000 0.812500
vt 0.500000 0.312500
vt 0.500000 0.750000
vt 0.500000 0.250000
vt 0.500000 0.687500
vt 0.500000 0.187500
vt 0.500000 0.625000
vt 0.500000 0.125000
vt 0.468750 0.312500
vt 0.468750 0.250000
vt 0.468750 0.750000
vt 0.468750 0.687500
vt 0.468750 0.187500
vt 0.468750 0.625000
vt 0.468750 0.125000
vt 0.468750 0.562500
vt 0.468750 0.062500
vt 0.468750 0.500000
vt 0.484375 1.000000
vt 0.468750 0.937500
vt 0.484375 0.000000
vt 0.468750 0.437500
vt 0.468750 0.875000
vt 0.468750 0.375000
vt 0.468750 0.812500
vt 0.453125 0.000000
vt 0.437500 0.062500
vt 0.437500 0.500000
vt 0.437500 0.437500
vt 0.437500 0.937500
vt 0.437500 0.875000
vt 0.437500 0.375000
vt 0.437500 0.812500
vt 0.437500 0.312500
vt 0.437500 0.750000
vt 0.437500 0.250000
vt 0.437500 0.687500
vt 0.437500 0.187500
vt 0.437500 0.625000
vt 0.437500 0.125000
vt 0.437500 0.562500
vt 0.453125 1.000000
vt 0.406250 0.250000
vt 0.406250 0.187500
vt 0.406250 0.687500
vt 0.406250 0.625000
vt 0.406250 0.125000
vt 0.406250 0.562500
vt 0.406250 0.062500
vt 0.406250 0.500000
vt 0.421875 1.000000
vt 0.406250 0.937500
vt 0.421875 0.000000
vt 0.406250 0.437500
vt 0.406250 0.875000
vt 0.406250 0.375000
vt 0.406250 0.812500
vt 0.406250 0.312500
vt 0.406250 0.750000
vt 0.375000 0.937500
vt 0.375000 0.875000
vt 0.375000 0.437500
vt 0.375000 0.375000
vt 0.375000 0.812500
vt 0.375000 0.312500
vt 0.375000 0.750000
vt 0.375000 0.250000
vt 0.375000 0.687500
vt 0.375000 0.187500
vt 0.375000 0.625000
vt 0.375000 0.125000
vt 0.375000 0.562500
vt 0.375000 0.062500
vt 0.375000 0.500000
vt 0.390625 1.000000
vt 0.390625 0.000000
vt 0.343750 0.687500
vt 0.343750 0.625000
vt 0.343750 0.187500
vt 0.343750 0.125000
vt 0.343750 0.562500
vt 0.343750 0.062500
vt 0.343750 0.500000
vt 0.359375 1.000000
vt 0.343750 0.937500
vt 0.359375 0.000000
vt 0.343750 0.437500
vt 0.343750 0.875000
vt 0.343750 0.375000
vt 0.343750 0.812500
vt 0.343750 0.312500
vt 0.343750 0.750000
vt 0.343750 0.250000
vt 0.312500 0.437500
vt 0.312500 0.375000
vt 0.312500 0.875000
vt 0.312500 0.812500
vt 0.312500 0.312500
vt 0.312500 0.750000
vt 0.312500 0.250000
vt 0.312500 0.687500
vt 0.312500 0.187500
vt 0.312500 0.625000
vt 0.312500 0.125000
vt 0.312500 0.562500
vt 0.312500 0.062500
vt 0.312500 0.500000
vt 0.328125 1.000000
vt 0.312500 0.937500
vt 0.328125 0.000000
vt 0.281250 0.187500
vt 0.281250 0.125000
vt 0.281250 0.625000
vt 0.281250 0.562500
vt 0.281250 0.062500
vt 0.281250 0.500000
vt 0.296875 1.000000
vt 0.281250 0.937500
vt 0.296875 0.000000
vt 0.281250 0.437500
vt 0.281250 0.875000
vt 0.281250 0.375000
vt 0.281250 0.812500
vt 0.281250 0.312500
vt 0.281250 0.750000
vt 0.281250 0.250000
vt 0.281250 0.687500
vt 0.250000 0.875000
vt 0.250000 0.812500
vt 0.250000 0.375000
vt 0.250000 0.312500
vt 0.250000 0.750000
vt 0.250000 0.250000
vt 0.250000 0.687500
vt 0.250000 0.187500
vt 0.250000 0.625000
vt 0.250000 0.125000
vt 0.250000 0.562500
vt 0.250000 0.062500
vt 0.250000 0.500000
vt 0.265625 1.000000
vt 0.250000 0.937500
vt 0.265625 0.000000
vt 0.250000 0.437500
vt 0.218750 0.625000
vt 0.218750 0.562500
vt 0.218750 0.125000
vt 0.218750 0.062500
vt 0.218750 0.500000
vt 0.234375 1.000000
vt 0.218750 0.937500
vt 0.234375 0.000000
vt 0.218750 0.437500
vt 0.218750 0.875000
vt 0.218750 0.375000
vt 0.218750 0.812500
vt 0.218750 0.312500
vt 0.218750 0.750000
vt 0.218750 0.250000
vt 0.218750 0.687500
vt 0.218750 0.187500
vt 0.187500 0.375000
vt 0.187500 0.312500
vt 0.187500 0.812500
vt 0.187500 0.750000
vt 0.187500 0.250000
vt 0.187500 0.687500
vt 0.187500 0.187500
vt 0.187500 0.625000
vt 0.187500 0.125000
vt 0.187500 0.562500
vt 0.187500 0.062500
vt 0.187500 0.500000
vt 0.203125 1.000000
vt 0.187500 0.937500
vt 0.203125 0.000000
vt 0.187500 0.437500
vt 0.187500 0.875000
vt 0.156250 0.125000
vt 0.156250 0.062500
vt 0.156250 0.562500
vt 0.156250 0.500000
vt 0.171875 1.000000
vt 0.156250 0.937500
vt 0.171875 0.000000
vt 0.156250 0.437500
vt 0.156250 0.875000
vt 0.156250 0.375000
vt 0.156250 0.812500
vt 0.156250 0.312500
vt 0.156250 0.750000
vt 0.156250 0.250000
vt 0.156250 0.687500
vt 0.156250 0.187500
vt 0.156250 0.625000
vt 0.125000 0.312500
vt 0.125000 0.250000
vt 0.125000 0.750000
vt 0.125000 0.687500
vt 0.125000 0.187500
vt 0.125000 0.625000
vt 0.125000 0.125000
vt 0.125000 0.562500
vt 0.125000 0.062500
vt 0.125000 0.500000
vt 0.140625 1.000000
vt 0.125000 0.937500
vt 0.140625 0.000000
vt 0.125000 0.437500
vt 0.125000 0.875000
vt 0.125000 0.375000
vt 0.125000 0.812500
vt 0.109375 1.000000
vt 0.093750 0.937500
vt 0.109375 0.000000
vt 0.093750 0.062500
vt 0.093750 0.500000
vt 0.093750 0.437500
vt 0.093750 0.875000
vt 0.093750 0.375000
vt 0.093750 0.812500
vt 0.093750 0.312500
vt 0.093750 0.750000
vt 0.093750 0.250000
vt 0.093750 0.687500
vt 0.093750 0.187500
vt 0.093750 0.625000
vt 0.093750 0.125000
vt 0.093750 0.562500
vt 0.062500 0.750000
vt 0.062500 0.687500
vt 0.062500 0.250000
vt 0.062500 0.187500
vt 0.062500 0.625000
vt 0.062500 0.125000
vt 0.062500 0.562500
vt 0.062500 0.062500
vt 0.062500 0.500000
vt 0.078125 1.000000
vt 0.062500 0.937500
vt 0.078125 0.000000
vt 0.062500 0.437500
vt 0.062500 0.875000
vt 0.062500 0.375000
vt 0.062500 0.812500
vt 0.062500 0.312500
vt 0.031250 0.500000
vt 0.031250 0.437500
vt 0.031250 0.937500
vt 0.031250 0.875000
vt 0.031250 0.375000
vt 0.031250 0.812500
vt 0.031250 0.312500
vt 0.031250 0.750000
vt 0.031250 0.250000
vt 0.031250 0.687500
vt 0.031250 0.187500
vt 0.031250 0.625000
vt 0.031250 0.125000
vt 0.031250 0.562500
vt 0.031250 0.062500
vt 0.046875 1.000000
vt 0.046875 0.000000
vt 0.000000 0.250000
vt 0.000000 0.187500
vt 0.000000 0.687500
vt 0.000000 0.625000
vt 0.000000 0.125000
vt 0.000000 0.562500
vt 0.000000 0.062500
vt 0.000000 0.500000
vt 0.015625 1.000000
vt 0.000000 0.937500
vt 0.015625 0.000000
vt 0.000000 0.437500
vt 0.000000 0.875000
vt 0.000000 0.375000
vt 0.000000 0.812500
vt 0.000000 0.312500
vt 0.000000 0.750000
vt 1.000000 0.875000
vt 1.000000 0.937500
vt 0.968750 0.937500
vt 0.968750 0.875000
vt 1.000000 0.375000
vt 1.000000 0.437500
vt 0.968750 0.437500
vt 0.968750 0.375000
vt 1.000000 0.812500
vt 0.968750 0.812500
vt 1.000000 0.312500
vt 0.968750 0.312500
vt 1.000000 0.750000
vt 0.968750 0.750000
vt 1.000000 0.250000
vt 0.968750 0.250000
vt 1.000000 0.687500
vt 0.968750 0.687500
vt 1.000000 0.187500
vt 0.968750 0.187500
vt 1.000000 0.625000
vt 0.968750 0.625000
vt 1.000000 0.125000
vt 0.968750 0.125000
vt 1.000000 0.562500
vt 0.968750 0.562500
vt 1.000000 0.062500
vt 0.968750 0.062500
vt 1.000000 0.500000
vt 0.968750 0.500000
vt 0.984375 1.000000
vt 0.984375 0.000000
vt 0.937500 0.687500
vt 0.937500 0.625000
vt 0.937500 0.187500
vt 0.937500 0.125000
vt 0.937500 0.562500
vt 0.937500 0.062500
vt 0.937500 0.500000
vt 0.953125 1.000000
vt 0.937500 0.937500
vt 0.953125 0.000000
vt 0.937500 0.437500
vt 0.937500 0.875000
vt 0.937500 0.375000
vt 0.937500 0.812500
vt 0.937500 0.312500
vt 0.937500 0.750000
vt 0.937500 0.250000
vt 0.906250 0.437500
vt 0.906250 0.375000
vt 0.906250 0.875000
vt 0.906250 0.812500
vt 0.906250 0.312500
vt 0.906250 0.750000
vt 0.906250 0.250000
vt 0.906250 0.687500
vt 0.906250 0.187500
vt 0.906250 0.625000
vt 0.906250 0.125000
vt 0.906250 0.562500
vt 0.906250 0.062500
vt 0.906250 0.500000
vt 0.921875 1.000000
vt 0.906250 0.937500
vt 0.921875 0.000000
vt 0.875000 0.187500
vt 0.875000 0.125000
vt 0.875000 0.625000
vt 0.875000 0.562500
vt 0.875000 0.062500
vt 0.875000 0.500000
vt 0.890625 1.000000
vt 0.875000 0.937500
vt 0.890625 0.000000
vt 0.875000 0.437500
vt 0.875000 0.875000
vt 0.875000 0.375000
vt 0.875000 0.812500
vt 0.875000 0.312500
vt 0.875000 0.750000
vt 0.875000 0.250000
vt 0.875000 0.687500
vt 0.843750 0.375000
vt 0.843750 0.312500
vt 0.843750 0.812500
vt 0.843750 0.750000
vt 0.843750 0.250000
vt 0.843750 0.687500
vt 0.843750 0.187500
vt 0.843750 0.625000
vt 0.843750 0.125000
vt 0.843750 0.562500
vt 0.843750 0.062500
vt 0.843750 0.500000
vt 0.859375 1.000000
vt 0.843750 0.937500
vt 0.859375 0.000000
vt 0.843750 0.437500
vt 0.843750 0.875000
vt 0.812500 0.125000
vt 0.812500 0.062500
vt 0.812500 0.562500
vt 0.812500 0.500000
vt 0.828125 1.000000
vt 0.812500 0.937500
vt 0.828125 0.000000
vt 0.812500 0.437500
vt 0.812500 0.875000
vt 0.812500 0.375000
vt 0.812500 0.812500
vt 0.812500 0.312500
vt 0.812500 0.750000
vt 0.812500 0.250000
vt 0.812500 0.687500
vt 0.812500 0.187500
vt 0.812500 0.625000
vt 0.781250 0.812500
vt 0.781250 0.750000
vt 0.781250 0.312500
vt 0.781250 0.250000
vt 0.781250 0.687500
vt 0.781250 0.187500
vt 0.781250 0.625000
vt 0.781250 0.125000
vt 0.781250 0.562500
vt 0.781250 0.062500
vt 0.781250 0.500000
vt 0.796875 1.000000
vt 0.781250 0.937500
vt 0.796875 0.000000
vt 0.781250 0.437500
vt 0.781250 0.875000
vt 0.781250 0.375000
vt 0.765625 1.000000
vt 0.765625 0.000000
s 1
usemtl Material.002
f 2505/3033/2511 2504/3034/2510 2043/3035/2049 2044/3036/2050
f 2027/3037/2033 2026/3038/2032 2036/3039/2042 2037/3040/2043
f 2497/3041/2503 2105/3042/2111 2030/3043/2036
f 2331/3044/2337 2505/3033/2511 2044/3036/2050
f 2028/3045/2034 2027/3037/2033 2037/3040/2043 2038/3046/2044
f 2498/3047/2504 2497/3041/2503 2030/3043/2036 2031/3048/2037
f 2501/3049/2507 2028/3045/2034 2038/3046/2044 2039/3050/2045
f 2024/3051/2030 2498/3047/2504 2031/3048/2037 2032/3052/2038
f 2029/3053/2035 2501/3049/2507 2039/3050/2045 2040/3054/2046
f 2499/3055/2505 2024/3051/2030 2032/3052/2038 2033/3056/2039
f 2502/3057/2508 2029/3053/2035 2040/3054/2046 2041/3058/2047
f 2025/3059/2031 2499/3055/2505 2033/3056/2039 2034/3060/2040
f 2503/3061/2509 2502/3057/2508 2041/3058/2047 2042/3062/2048
f 2500/3063/2506 2025/3059/2031 2034/3060/2040 2035/3064/2041
f 2504/3034/2510 2503/3061/2509 2042/3062/2048 2043/3035/2049
f 2026/3038/2032 2500/3063/2506 2035/3064/2041 2036/3039/2042
f 2043/3035/2049 2042/3062/2048 2057/3065/2063 2058/3066/2064
f 2036/3039/2042 2035/3064/2041 2050/3067/2056 2051/3068/2057
f 2044/3036/2050 2043/3035/2049 2058/3066/2064 2059/3069/2065
f 2037/3040/2043 2036/3039/2042 2051/3068/2057 2052/3070/2058
f 2030/3043/2036 2105/3071/2111 2045/3072/2051
f 2331/3073/2337 2044/3036/2050 2059/3069/2065
f 2038/3046/2044 2037/3040/2043 2052/3070/2058 2053/3074/2059
f 2031/3048/2037 2030/3043/2036 2045/3072/2051 2046/3075/2052
f 2039/3050/2045 2038/3046/2044 2053/3074/2059 2054/3076/2060
f 2032/3052/2038 2031/3048/2037 2046/3075/2052 2047/3077/2053
f 2040/3054/2046 2039/3050/2045 2054/3076/2060 2055/3078/2061
f 2033/3056/2039 2032/3052/2038 2047/3077/2053 2048/3079/2054
f 2041/3058/2047 2040/3054/2046 2055/3078/2061 2056/3080/2062
f 2034/3060/2040 2033/3056/2039 2048/3079/2054 2049/3081/2055
f 2042/3062/2048 2041/3058/2047 2056/3080/2062 2057/3065/2063
f 2035/3064/2041 2034/3060/2040 2049/3081/2055 2050/3067/2056
f 2047/3077/2053 2046/3075/2052 2061/3082/2067 2062/3083/2068
f 2055/3078/2061 2054/3076/2060 2069/3084/2075 2070/3085/2076
f 2048/3079/2054 2047/3077/2053 2062/3083/2068 2063/3086/2069
f 2056/3080/2062 2055/3078/2061 2070/3085/2076 2071/3087/2077
f 2049/3081/2055 2048/3079/2054 2063/3086/2069 2064/3088/2070
f 2057/3065/2063 2056/3080/2062 2071/3087/2077 2072/3089/2078
f 2050/3067/2056 2049/3081/2055 2064/3088/2070 2065/3090/2071
f 2058/3066/2064 2057/3065/2063 2072/3089/2078 2073/3091/2079
f 2051/3068/2057 2050/3067/2056 2065/3090/2071 2066/3092/2072
f 2059/3069/2065 2058/3066/2064 2073/3091/2079 2074/3093/2080
f 2052/3070/2058 2051/3068/2057 2066/3092/2072 2067/3094/2073
f 2045/3072/2051 2105/3095/2111 2060/3096/2066
f 2331/3097/2337 2059/3069/2065 2074/3093/2080
f 2053/3074/2059 2052/3070/2058 2067/3094/2073 2068/3098/2074
f 2046/3075/2052 2045/3072/2051 2060/3096/2066 2061/3082/2067
f 2054/3076/2060 2053/3074/2059 2068/3098/2074 2069/3084/2075
f 2066/3092/2072 2065/3090/2071 2080/3099/2086 2081/3100/2087
f 2074/3093/2080 2073/3091/2079 2088/3101/2094 2089/3102/2095
f 2067/3094/2073 2066/3092/2072 2081/3100/2087 2082/3103/2088
f 2060/3096/2066 2105/3104/2111 2075/3105/2081
f 2331/3106/2337 2074/3093/2080 2089/3102/2095
f 2068/3098/2074 2067/3094/2073 2082/3103/2088 2083/3107/2089
f 2061/3082/2067 2060/3096/2066 2075/3105/2081 2076/3108/2082
f 2069/3084/2075 2068/3098/2074 2083/3107/2089 2084/3109/2090
f 2062/3083/2068 2061/3082/2067 2076/3108/2082 2077/3110/2083
f 2070/3085/2076 2069/3084/2075 2084/3109/2090 2085/3111/2091
f 2063/3086/2069 2062/3083/2068 2077/3110/2083 2078/3112/2084
f 2071/3087/2077 2070/3085/2076 2085/3111/2091 2086/3113/2092
f 2064/3088/2070 2063/3086/2069 2078/3112/2084 2079/3114/2085
f 2072/3089/2078 2071/3087/2077 2086/3113/2092 2087/3115/2093
f 2065/3090/2071 2064/3088/2070 2079/3114/2085 2080/3099/2086
f 2073/3091/2079 2072/3089/2078 2087/3115/2093 2088/3101/2094
f 2085/3111/2091 2084/3109/2090 2099/3116/2105 2100/3117/2106
f 2078/3112/2084 2077/3110/2083 2092/3118/2098 2093/3119/2099
f 2086/3113/2092 2085/3111/2091 2100/3117/2106 2101/3120/2107
f 2079/3114/2085 2078/3112/2084 2093/3119/2099 2094/3121/2100
f 2087/3115/2093 2086/3113/2092 2101/3120/2107 2102/3122/2108
f 2080/3099/2086 2079/3114/2085 2094/3121/2100 2095/3123/2101
f 2088/3101/2094 2087/3115/2093 2102/3122/2108 2103/3124/2109
f 2081/3100/2087 2080/3099/2086 2095/3123/2101 2096/3125/2102
f 2089/3102/2095 2088/3101/2094 2103/3124/2109 2104/3126/2110
f 2082/3103/2088 2081/3100/2087 2096/3125/2102 2097/3127/2103
f 2075/3105/2081 2105/3128/2111 2090/3129/2096
f 2331/3130/2337 2089/3102/2095 2104/3126/2110
f 2083/3107/2089 2082/3103/2088 2097/3127/2103 2098/3131/2104
f 2076/3108/2082 2075/3105/2081 2090/3129/2096 2091/3132/2097
f 2084/3109/2090 2083/3107/2089 2098/3131/2104 2099/3116/2105
f 2077/3110/2083 2076/3108/2082 2091/3132/2097 2092/3118/2098
f 2104/3126/2110 2103/3124/2109 2119/3133/2125 2120/3134/2126
f 2097/3127/2103 2096/3125/2102 2112/3135/2118 2113/3136/2119
f 2090/3129/2096 2105/3137/2111 2106/3138/2112
f 2331/3139/2337 2104/3126/2110 2120/3134/2126
f 2098/3131/2104 2097/3127/2103 2113/3136/2119 2114/3140/2120
f 2091/3132/2097 2090/3129/2096 2106/3138/2112 2107/3141/2113
f 2099/3116/2105 2098/3131/2104 2114/3140/2120 2115/3142/2121
f 2092/3118/2098 2091/3132/2097 2107/3141/2113 2108/3143/2114
f 2100/3117/2106 2099/3116/2105 2115/3142/2121 2116/3144/2122
f 2093/3119/2099 2092/3118/2098 2108/3143/2114 2109/3145/2115
f 2101/3120/2107 2100/3117/2106 2116/3144/2122 2117/3146/2123
f 2094/3121/2100 2093/3119/2099 2109/3145/2115 2110/3147/2116
f 2102/3122/2108 2101/3120/2107 2117/3146/2123 2118/3148/2124
f 2095/3123/2101 2094/3121/2100 2110/3147/2116 2111/3149/2117
f 2103/3124/2109 2102/3122/2108 2118/3148/2124 2119/3133/2125
f 2096/3125/2102 2095/3123/2101 2111/3149/2117 2112/3135/2118
f 2109/3145/2115 2108/3143/2114 2123/3150/2129 2124/3151/2130
f 2117/3146/2123 2116/3144/2122 2131/3152/2137 2132/3153/2138
f 2110/3147/2116 2109/3145/2115 2124/3151/2130 2125/3154/2131
f 2118/3148/2124 2117/3146/2123 2132/3153/2138 2133/3155/2139
f 2111/3149/2117 2110/3147/2116 2125/3154/2131 2126/3156/2132
f 2119/3133/2125 2118/3148/2124 2133/3155/2139 2134/3157/2140
f 2112/3135/2118 2111/3149/2117 2126/3156/2132 2127/3158/2133
f 2120/3134/2126 2119/3133/2125 2134/3157/2140 2135/3159/2141
f 2113/3136/2119 2112/3135/2118 2127/3158/2133 2128/3160/2134
f 2106/3138/2112 2105/3161/2111 2121/3162/2127
f 2331/3163/2337 2120/3134/2126 2135/3159/2141
f 2114/3140/2120 2113/3136/2119 2128/3160/2134 2129/3164/2135
f 2107/3141/2113 2106/3138/2112 2121/3162/2127 2122/3165/2128
f 2115/3142/2121 2114/3140/2120 2129/3164/2135 2130/3166/2136
f 2108/3143/2114 2107/3141/2113 2122/3165/2128 2123/3150/2129
f 2116/3144/2122 2115/3142/2121 2130/3166/2136 2131/3152/2137
f 2128/3160/2134 2127/3158/2133 2142/3167/2148 2143/3168/2149
f 2121/3162/2127 2105/3169/2111 2136/3170/2142
f 2331/3171/2337 2135/3159/2141 2150/3172/2156
f 2129/3164/2135 2128/3160/2134 2143/3168/2149 2144/3173/2150
f 2122/3165/2128 2121/3162/2127 2136/3170/2142 2137/3174/2143
f 2130/3166/2136 2129/3164/2135 2144/3173/2150 2145/3175/2151
f 2123/3150/2129 2122/3165/2128 2137/3174/2143 2138/3176/2144
f 2131/3152/2137 2130/3166/2136 2145/3175/2151 2146/3177/2152
f 2124/3151/2130 2123/3150/2129 2138/3176/2144 2139/3178/2145
f 2132/3153/2138 2131/3152/2137 2146/3177/2152 2147/3179/2153
f 2125/3154/2131 2124/3151/2130 2139/3178/2145 2140/3180/2146
f 2133/3155/2139 2132/3153/2138 2147/3179/2153 2148/3181/2154
f 2126/3156/2132 2125/3154/2131 2140/3180/2146 2141/3182/2147
f 2134/3157/2140 2133/3155/2139 2148/3181/2154 2149/3183/2155
f 2127/3158/2133 2126/3156/2132 2141/3182/2147 2142/3167/2148
f 2135/3159/2141 2134/3157/2140 2149/3183/2155 2150/3172/2156
f 2147/3179/2153 2146/3177/2152 2161/3184/2167 2162/3185/2168
f 2140/3180/2146 2139/3178/2145 2154/3186/2160 2155/3187/2161
f 2148/3181/2154 2147/3179/2153 2162/3185/2168 2163/3188/2169
f 2141/3182/2147 2140/3180/2146 2155/3187/2161 2156/3189/2162
f 2149/3183/2155 2148/3181/2154 2163/3188/2169 2164/3190/2170
f 2142/3167/2148 2141/3182/2147 2156/3189/2162 2157/3191/2163
f 2150/3172/2156 2149/3183/2155 2164/3190/2170 2165/3192/2171
f 2143/3168/2149 2142/3167/2148 2157/3191/2163 2158/3193/2164
f 2136/3170/2142 2105/3194/2111 2151/3195/2157
f 2331/3196/2337 2150/3172/2156 2165/3192/2171
f 2144/3173/2150 2143/3168/2149 2158/3193/2164 2159/3197/2165
f 2137/3174/2143 2136/3170/2142 2151/3195/2157 2152/3198/2158
f 2145/3175/2151 2144/3173/2150 2159/3197/2165 2160/3199/2166
f 2138/3176/2144 2137/3174/2143 2152/3198/2158 2153/3200/2159
f 2146/3177/2152 2145/3175/2151 2160/3199/2166 2161/3184/2167
f 2139/3178/2145 2138/3176/2144 2153/3200/2159 2154/3186/2160
f 2331/3201/2337 2165/3192/2171 2180/3202/2186
f 2159/3197/2165 2158/3193/2164 2173/3203/2179 2174/3204/2180
f 2152/3198/2158 2151/3195/2157 2166/3205/2172 2167/3206/2173
f 2160/3199/2166 2159/3197/2165 2174/3204/2180 2175/3207/2181
f 2153/3200/2159 2152/3198/2158 2167/3206/2173 2168/3208/2174
f 2161/3184/2167 2160/3199/2166 2175/3207/2181 2176/3209/2182
f 2154/3186/2160 2153/3200/2159 2168/3208/2174 2169/3210/2175
f 2162/3185/2168 2161/3184/2167 2176/3209/2182 2177/3211/2183
f 2155/3187/2161 2154/3186/2160 2169/3210/2175 2170/3212/2176
f 2163/3188/2169 2162/3185/2168 2177/3211/2183 2178/3213/2184
f 2156/3189/2162 2155/3187/2161 2170/3212/2176 2171/3214/2177
f 2164/3190/2170 2163/3188/2169 2178/3213/2184 2179/3215/2185
f 2157/3191/2163 2156/3189/2162 2171/3214/2177 2172/3216/2178
f 2165/3192/2171 2164/3190/2170 2179/3215/2185 2180/3202/2186
f 2158/3193/2164 2157/3191/2163 2172/3216/2178 2173/3203/2179
f 2151/3195/2157 2105/3217/2111 2166/3205/2172
f 2178/3213/2184 2177/3211/2183 2192/3218/2198 2193/3219/2199
f 2171/3214/2177 2170/3212/2176 2185/3220/2191 2186/3221/2192
f 2179/3215/2185 2178/3213/2184 2193/3219/2199 2194/3222/2200
f 2172/3216/2178 2171/3214/2177 2186/3221/2192 2187/3223/2193
f 2180/3202/2186 2179/3215/2185 2194/3222/2200 2195/3224/2201
f 2173/3203/2179 2172/3216/2178 2187/3223/2193 2188/3225/2194
f 2166/3205/2172 2105/3226/2111 2181/3227/2187
f 2331/3228/2337 2180/3202/2186 2195/3224/2201
f 2174/3204/2180 2173/3203/2179 2188/3225/2194 2189/3229/2195
f 2167/3206/2173 2166/3205/2172 2181/3227/2187 2182/3230/2188
f 2175/3207/2181 2174/3204/2180 2189/3229/2195 2190/3231/2196
f 2168/3208/2174 2167/3206/2173 2182/3230/2188 2183/3232/2189
f 2176/3209/2182 2175/3207/2181 2190/3231/2196 2191/3233/2197
f 2169/3210/2175 2168/3208/2174 2183/3232/2189 2184/3234/2190
f 2177/3211/2183 2176/3209/2182 2191/3233/2197 2192/3218/2198
f 2170/3212/2176 2169/3210/2175 2184/3234/2190 2185/3220/2191
f 2182/3230/2188 2181/3227/2187 2196/3235/2202 2197/3236/2203
f 2190/3231/2196 2189/3229/2195 2204/3237/2210 2205/3238/2211
f 2183/3232/2189 2182/3230/2188 2197/3236/2203 2198/3239/2204
f 2191/3233/2197 2190/3231/2196 2205/3238/2211 2206/3240/2212
f 2184/3234/2190 2183/3232/2189 2198/3239/2204 2199/3241/2205
f 2192/3218/2198 2191/3233/2197 2206/3240/2212 2207/3242/2213
f 2185/3220/2191 2184/3234/2190 2199/3241/2205 2200/3243/2206
f 2193/3219/2199 2192/3218/2198 2207/3242/2213 2208/3244/2214
f 2186/3221/2192 2185/3220/2191 2200/3243/2206 2201/3245/2207
f 2194/3222/2200 2193/3219/2199 2208/3244/2214 2209/3246/2215
f 2187/3223/2193 2186/3221/2192 2201/3245/2207 2202/3247/2208
f 2195/3224/2201 2194/3222/2200 2209/3246/2215 2210/3248/2216
f 2188/3225/2194 2187/3223/2193 2202/3247/2208 2203/3249/2209
f 2181/3227/2187 2105/3250/2111 2196/3235/2202
f 2331/3251/2337 2195/3224/2201 2210/3248/2216
f 2189/3229/2195 2188/3225/2194 2203/3249/2209 2204/3237/2210
f 2201/3245/2207 2200/3243/2206 2215/3252/2221 2216/3253/2222
f 2209/3246/2215 2208/3244/2214 2223/3254/2229 2224/3255/2230
f 2202/3247/2208 2201/3245/2207 2216/3253/2222 2217/3256/2223
f 2210/3248/2216 2209/3246/2215 2224/3255/2230 2225/3257/2231
f 2203/3249/2209 2202/3247/2208 2217/3256/2223 2218/3258/2224
f 2196/3235/2202 2105/3259/2111 2211/3260/2217
f 2331/3261/2337 2210/3248/2216 2225/3257/2231
f 2204/3237/2210 2203/3249/2209 2218/3258/2224 2219/3262/2225
f 2197/3236/2203 2196/3235/2202 2211/3260/2217 2212/3263/2218
f 2205/3238/2211 2204/3237/2210 2219/3262/2225 2220/3264/2226
f 2198/3239/2204 2197/3236/2203 2212/3263/2218 2213/3265/2219
f 2206/3240/2212 2205/3238/2211 2220/3264/2226 2221/3266/2227
f 2199/3241/2205 2198/3239/2204 2213/3265/2219 2214/3267/2220
f 2207/3242/2213 2206/3240/2212 2221/3266/2227 2222/3268/2228
f 2200/3243/2206 2199/3241/2205 2214/3267/2220 2215/3252/2221
f 2208/3244/2214 2207/3242/2213 2222/3268/2228 2223/3254/2229
f 2220/3264/2226 2219/3262/2225 2234/3269/2240 2235/3270/2241
f 2213/3265/2219 2212/3263/2218 2227/3271/2233 2228/3272/2234
f 2221/3266/2227 2220/3264/2226 2235/3270/2241 2236/3273/2242
f 2214/3267/2220 2213/3265/2219 2228/3272/2234 2229/3274/2235
f 2222/3268/2228 2221/3266/2227 2236/3273/2242 2237/3275/2243
f 2215/3252/2221 2214/3267/2220 2229/3274/2235 2230/3276/2236
f 2223/3254/2229 2222/3268/2228 2237/3275/2243 2238/3277/2244
f 2216/3253/2222 2215/3252/2221 2230/3276/2236 2231/3278/2237
f 2224/3255/2230 2223/3254/2229 2238/3277/2244 2239/3279/2245
f 2217/3256/2223 2216/3253/2222 2231/3278/2237 2232/3280/2238
f 2225/3257/2231 2224/3255/2230 2239/3279/2245 2240/3281/2246
f 2218/3258/2224 2217/3256/2223 2232/3280/2238 2233/3282/2239
f 2211/3260/2217 2105/3283/2111 2226/3284/2232
f 2331/3285/2337 2225/3257/2231 2240/3281/2246
f 2219/3262/2225 2218/3258/2224 2233/3282/2239 2234/3269/2240
f 2212/3263/2218 2211/3260/2217 2226/3284/2232 2227/3271/2233
f 2239/3279/2245 2238/3277/2244 2253/3286/2259 2254/3287/2260
f 2232/3280/2238 2231/3278/2237 2246/3288/2252 2247/3289/2253
f 2240/3281/2246 2239/3279/2245 2254/3287/2260 2255/3290/2261
f 2233/3282/2239 2232/3280/2238 2247/3289/2253 2248/3291/2254
f 2226/3284/2232 2105/3292/2111 2241/3293/2247
f 2331/3294/2337 2240/3281/2246 2255/3290/2261
f 2234/3269/2240 2233/3282/2239 2248/3291/2254 2249/3295/2255
f 2227/3271/2233 2226/3284/2232 2241/3293/2247 2242/3296/2248
f 2235/3270/2241 2234/3269/2240 2249/3295/2255 2250/3297/2256
f 2228/3272/2234 2227/3271/2233 2242/3296/2248 2243/3298/2249
f 2236/3273/2242 2235/3270/2241 2250/3297/2256 2251/3299/2257
f 2229/3274/2235 2228/3272/2234 2243/3298/2249 2244/3300/2250
f 2237/3275/2243 2236/3273/2242 2251/3299/2257 2252/3301/2258
f 2230/3276/2236 2229/3274/2235 2244/3300/2250 2245/3302/2251
f 2238/3277/2244 2237/3275/2243 2252/3301/2258 2253/3286/2259
f 2231/3278/2237 2230/3276/2236 2245/3302/2251 2246/3288/2252
f 2243/3298/2249 2242/3296/2248 2257/3303/2263 2258/3304/2264
f 2251/3299/2257 2250/3297/2256 2265/3305/2271 2266/3306/2272
f 2244/3300/2250 2243/3298/2249 2258/3304/2264 2259/3307/2265
f 2252/3301/2258 2251/3299/2257 2266/3306/2272 2267/3308/2273
f 2245/3302/2251 2244/3300/2250 2259/3307/2265 2260/3309/2266
f 2253/3286/2259 2252/3301/2258 2267/3308/2273 2268/3310/2274
f 2246/3288/2252 2245/3302/2251 2260/3309/2266 2261/3311/2267
f 2254/3287/2260 2253/3286/2259 2268/3310/2274 2269/3312/2275
f 2247/3289/2253 2246/3288/2252 2261/3311/2267 2262/3313/2268
f 2255/3290/2261 2254/3287/2260 2269/3312/2275 2270/3314/2276
f 2248/3291/2254 2247/3289/2253 2262/3313/2268 2263/3315/2269
f 2241/3293/2247 2105/3316/2111 2256/3317/2262
f 2331/3318/2337 2255/3290/2261 2270/3314/2276
f 2249/3295/2255 2248/3291/2254 2263/3315/2269 2264/3319/2270
f 2242/3296/2248 2241/3293/2247 2256/3317/2262 2257/3303/2263
f 2250/3297/2256 2249/3295/2255 2264/3319/2270 2265/3305/2271
f 2262/3313/2268 2261/3311/2267 2276/3320/2282 2277/3321/2283
f 2270/3314/2276 2269/3312/2275 2284/3322/2290 2285/3323/2291
f 2263/3315/2269 2262/3313/2268 2277/3321/2283 2278/3324/2284
f 2256/3317/2262 2105/3325/2111 2271/3326/2277
f 2331/3327/2337 2270/3314/2276 2285/3323/2291
f 2264/3319/2270 2263/3315/2269 2278/3324/2284 2279/3328/2285
f 2257/3303/2263 2256/3317/2262 2271/3326/2277 2272/3329/2278
f 2265/3305/2271 2264/3319/2270 2279/3328/2285 2280/3330/2286
f 2258/3304/2264 2257/3303/2263 2272/3329/2278 2273/3331/2279
f 2266/3306/2272 2265/3305/2271 2280/3330/2286 2281/3332/2287
f 2259/3307/2265 2258/3304/2264 2273/3331/2279 2274/3333/2280
f 2267/3308/2273 2266/3306/2272 2281/3332/2287 2282/3334/2288
f 2260/3309/2266 2259/3307/2265 2274/3333/2280 2275/3335/2281
f 2268/3310/2274 2267/3308/2273 2282/3334/2288 2283/3336/2289
f 2261/3311/2267 2260/3309/2266 2275/3335/2281 2276/3320/2282
f 2269/3312/2275 2268/3310/2274 2283/3336/2289 2284/3322/2290
f 2281/3332/2287 2280/3330/2286 2295/3337/2301 2296/3338/2302
f 2274/3333/2280 2273/3331/2279 2288/3339/2294 2289/3340/2295
f 2282/3334/2288 2281/3332/2287 2296/3338/2302 2297/3341/2303
f 2275/3335/2281 2274/3333/2280 2289/3340/2295 2290/3342/2296
f 2283/3336/2289 2282/3334/2288 2297/3341/2303 2298/3343/2304
f 2276/3320/2282 2275/3335/2281 2290/3342/2296 2291/3344/2297
f 2284/3322/2290 2283/3336/2289 2298/3343/2304 2299/3345/2305
f 2277/3321/2283 2276/3320/2282 2291/3344/2297 2292/3346/2298
f 2285/3323/2291 2284/3322/2290 2299/3345/2305 2300/3347/2306
f 2278/3324/2284 2277/3321/2283 2292/3346/2298 2293/3348/2299
f 2271/3326/2277 2105/3349/2111 2286/3350/2292
f 2331/3351/2337 2285/3323/2291 2300/3347/2306
f 2279/3328/2285 2278/3324/2284 2293/3348/2299 2294/3352/2300
f 2272/3329/2278 2271/3326/2277 2286/3350/2292 2287/3353/2293
f 2280/3330/2286 2279/3328/2285 2294/3352/2300 2295/3337/2301
f 2273/3331/2279 2272/3329/2278 2287/3353/2293 2288/3339/2294
f 2300/3347/2306 2299/3345/2305 2314/3354/2320 2315/3355/2321
f 2293/3348/2299 2292/3346/2298 2307/3356/2313 2308/3357/2314
f 2286/3350/2292 2105/3358/2111 2301/3359/2307
f 2331/3360/2337 2300/3347/2306 2315/3355/2321
f 2294/3352/2300 2293/3348/2299 2308/3357/2314 2309/3361/2315
f 2287/3353/2293 2286/3350/2292 2301/3359/2307 2302/3362/2308
f 2295/3337/2301 2294/3352/2300 2309/3361/2315 2310/3363/2316
f 2288/3339/2294 2287/3353/2293 2302/3362/2308 2303/3364/2309
f 2296/3338/2302 2295/3337/2301 2310/3363/2316 2311/3365/2317
f 2289/3340/2295 2288/3339/2294 2303/3364/2309 2304/3366/2310
f 2297/3341/2303 2296/3338/2302 2311/3365/2317 2312/3367/2318
f 2290/3342/2296 2289/3340/2295 2304/3366/2310 2305/3368/2311
f 2298/3343/2304 2297/3341/2303 2312/3367/2318 2313/3369/2319
f 2291/3344/2297 2290/3342/2296 2305/3368/2311 2306/3370/2312
f 2299/3345/2305 2298/3343/2304 2313/3369/2319 2314/3354/2320
f 2292/3346/2298 2291/3344/2297 2306/3370/2312 2307/3356/2313
f 2312/3367/2318 2311/3365/2317 2326/3371/2332 2327/3372/2333
f 2305/3368/2311 2304/3366/2310 2319/3373/2325 2320/3374/2326
f 2313/3369/2319 2312/3367/2318 2327/3372/2333 2328/3375/2334
f 2306/3370/2312 2305/3368/2311 2320/3374/2326 2321/3376/2327
f 2314/3354/2320 2313/3369/2319 2328/3375/2334 2329/3377/2335
f 2307/3356/2313 2306/3370/2312 2321/3376/2327 2322/3378/2328
f 2315/3355/2321 2314/3354/2320 2329/3377/2335 2330/3379/2336
f 2308/3357/2314 2307/3356/2313 2322/3378/2328 2323/3380/2329
f 2301/3359/2307 2105/3381/2111 2316/3382/2322
f 2331/3383/2337 2315/3355/2321 2330/3379/2336
f 2309/3361/2315 2308/3357/2314 2323/3380/2329 2324/3384/2330
f 2302/3362/2308 2301/3359/2307 2316/3382/2322 2317/3385/2323
f 2310/3363/2316 2309/3361/2315 2324/3384/2330 2325/3386/2331
f 2303/3364/2309 2302/3362/2308 2317/3385/2323 2318/3387/2324
f 2311/3365/2317 2310/3363/2316 2325/3386/2331 2326/3371/2332
f 2304/3366/2310 2303/3364/2309 2318/3387/2324 2319/3373/2325
f 2316/3382/2322 2105/3388/2111 2332/3389/2338
f 2331/3390/2337 2330/3379/2336 2346/3391/2352
f 2324/3384/2330 2323/3380/2329 2339/3392/2345 2340/3393/2346
f 2317/3385/2323 2316/3382/2322 2332/3389/2338 2333/3394/2339
f 2325/3386/2331 2324/3384/2330 2340/3393/2346 2341/3395/2347
f 2318/3387/2324 2317/3385/2323 2333/3394/2339 2334/3396/2340
f 2326/3371/2332 2325/3386/2331 2341/3395/2347 2342/3397/2348
f 2319/3373/2325 2318/3387/2324 2334/3396/2340 2335/3398/2341
f 2327/3372/2333 2326/3371/2332 2342/3397/2348 2343/3399/2349
f 2320/3374/2326 2319/3373/2325 2335/3398/2341 2336/3400/2342
f 2328/3375/2334 2327/3372/2333 2343/3399/2349 2344/3401/2350
f 2321/3376/2327 2320/3374/2326 2336/3400/2342 2337/3402/2343
f 2329/3377/2335 2328/3375/2334 2344/3401/2350 2345/3403/2351
f 2322/3378/2328 2321/3376/2327 2337/3402/2343 2338/3404/2344
f 2330/3379/2336 2329/3377/2335 2345/3403/2351 2346/3391/2352
f 2323/3380/2329 2322/3378/2328 2338/3404/2344 2339/3392/2345
f 2336/3400/2342 2335/3398/2341 2350/3405/2356 2351/3406/2357
f 2344/3401/2350 2343/3399/2349 2358/3407/2364 2359/3408/2365
f 2337/3402/2343 2336/3400/2342 2351/3406/2357 2352/3409/2358
f 2345/3403/2351 2344/3401/2350 2359/3408/2365 2360/3410/2366
f 2338/3404/2344 2337/3402/2343 2352/3409/2358 2353/3411/2359
f 2346/3391/2352 2345/3403/2351 2360/3410/2366 2361/3412/2367
f 2339/3392/2345 2338/3404/2344 2353/3411/2359 2354/3413/2360
f 2332/3389/2338 2105/3414/2111 2347/3415/2353
f 2331/3416/2337 2346/3391/2352 2361/3412/2367
f 2340/3393/2346 2339/3392/2345 2354/3413/2360 2355/3417/2361
f 2333/3394/2339 2332/3389/2338 2347/3415/2353 2348/3418/2354
f 2341/3395/2347 2340/3393/2346 2355/3417/2361 2356/3419/2362
f 2334/3396/2340 2333/3394/2339 2348/3418/2354 2349/3420/2355
f 2342/3397/2348 2341/3395/2347 2356/3419/2362 2357/3421/2363
f 2335/3398/2341 2334/3396/2340 2349/3420/2355 2350/3405/2356
f 2343/3399/2349 2342/3397/2348 2357/3421/2363 2358/3407/2364
f 2355/3417/2361 2354/3413/2360 2369/3422/2375 2370/3423/2376
f 2348/3418/2354 2347/3415/2353 2362/3424/2368 2363/3425/2369
f 2356/3419/2362 2355/3417/2361 2370/3423/2376 2371/3426/2377
f 2349/3420/2355 2348/3418/2354 2363/3425/2369 2364/3427/2370
f 2357/3421/2363 2356/3419/2362 2371/3426/2377 2372/3428/2378
f 2350/3405/2356 2349/3420/2355 2364/3427/2370 2365/3429/2371
f 2358/3407/2364 2357/3421/2363 2372/3428/2378 2373/3430/2379
f 2351/3406/2357 2350/3405/2356 2365/3429/2371 2366/3431/2372
f 2359/3408/2365 2358/3407/2364 2373/3430/2379 2374/3432/2380
f 2352/3409/2358 2351/3406/2357 2366/3431/2372 2367/3433/2373
f 2360/3410/2366 2359/3408/2365 2374/3432/2380 2375/3434/2381
f 2353/3411/2359 2352/3409/2358 2367/3433/2373 2368/3435/2374
f 2361/3412/2367 2360/3410/2366 2375/3434/2381 2376/3436/2382
f 2354/3413/2360 2353/3411/2359 2368/3435/2374 2369/3422/2375
f 2347/3415/2353 2105/3437/2111 2362/3424/2368
f 2331/3438/2337 2361/3412/2367 2376/3436/2382
f 2374/3432/2380 2373/3430/2379 2388/3439/2394 2389/3440/2395
f 2367/3433/2373 2366/3431/2372 2381/3441/2387 2382/3442/2388
f 2375/3434/2381 2374/3432/2380 2389/3440/2395 2390/3443/2396
f 2368/3435/2374 2367/3433/2373 2382/3442/2388 2383/3444/2389
f 2376/3436/2382 2375/3434/2381 2390/3443/2396 2391/3445/2397
f 2369/3422/2375 2368/3435/2374 2383/3444/2389 2384/3446/2390
f 2362/3424/2368 2105/3447/2111 2377/3448/2383
f 2331/3449/2337 2376/3436/2382 2391/3445/2397
f 2370/3423/2376 2369/3422/2375 2384/3446/2390 2385/3450/2391
f 2363/3425/2369 2362/3424/2368 2377/3448/2383 2378/3451/2384
f 2371/3426/2377 2370/3423/2376 2385/3450/2391 2386/3452/2392
f 2364/3427/2370 2363/3425/2369 2378/3451/2384 2379/3453/2385
f 2372/3428/2378 2371/3426/2377 2386/3452/2392 2387/3454/2393
f 2365/3429/2371 2364/3427/2370 2379/3453/2385 2380/3455/2386
f 2373/3430/2379 2372/3428/2378 2387/3454/2393 2388/3439/2394
f 2366/3431/2372 2365/3429/2371 2380/3455/2386 2381/3441/2387
f 2378/3456/2384 2377/3457/2383 2392/3458/2398 2393/3459/2399
f 2386/3460/2392 2385/3461/2391 2400/3462/2406 2401/3463/2407
f 2379/3464/2385 2378/3456/2384 2393/3459/2399 2394/3465/2400
f 2387/3466/2393 2386/3460/2392 2401/3463/2407 2402/3467/2408
f 2380/3468/2386 2379/3464/2385 2394/3465/2400 2395/3469/2401
f 2388/3470/2394 2387/3466/2393 2402/3467/2408 2403/3471/2409
f 2381/3472/2387 2380/3468/2386 2395/3469/2401 2396/3473/2402
f 2389/3474/2395 2388/3470/2394 2403/3471/2409 2404/3475/2410
f 2382/3476/2388 2381/3472/2387 2396/3473/2402 2397/3477/2403
f 2390/3478/2396 2389/3474/2395 2404/3475/2410 2405/3479/2411
f 2383/3480/2389 2382/3476/2388 2397/3477/2403 2398/3481/2404
f 2391/3482/2397 2390/3478/2396 2405/3479/2411 2406/3483/2412
f 2384/3484/2390 2383/3480/2389 2398/3481/2404 2399/3485/2405
f 2377/3457/2383 2105/3486/2111 2392/3458/2398
f 2331/3487/2337 2391/3482/2397 2406/3483/2412
f 2385/3461/2391 2384/3484/2390 2399/3485/2405 2400/3462/2406
f 2397/3477/2403 2396/3473/2402 2411/3488/2417 2412/3489/2418
f 2405/3479/2411 2404/3475/2410 2419/3490/2425 2420/3491/2426
f 2398/3481/2404 2397/3477/2403 2412/3489/2418 2413/3492/2419
f 2406/3483/2412 2405/3479/2411 2420/3491/2426 2421/3493/2427
f 2399/3485/2405 2398/3481/2404 2413/3492/2419 2414/3494/2420
f 2392/3458/2398 2105/3495/2111 2407/3496/2413
f 2331/3497/2337 2406/3483/2412 2421/3493/2427
f 2400/3462/2406 2399/3485/2405 2414/3494/2420 2415/3498/2421
f 2393/3459/2399 2392/3458/2398 2407/3496/2413 2408/3499/2414
f 2401/3463/2407 2400/3462/2406 2415/3498/2421 2416/3500/2422
f 2394/3465/2400 2393/3459/2399 2408/3499/2414 2409/3501/2415
f 2402/3467/2408 2401/3463/2407 2416/3500/2422 2417/3502/2423
f 2395/3469/2401 2394/3465/2400 2409/3501/2415 2410/3503/2416
f 2403/3471/2409 2402/3467/2408 2417/3502/2423 2418/3504/2424
f 2396/3473/2402 2395/3469/2401 2410/3503/2416 2411/3488/2417
f 2404/3475/2410 2403/3471/2409 2418/3504/2424 2419/3490/2425
f 2416/3500/2422 2415/3498/2421 2430/3505/2436 2431/3506/2437
f 2409/3501/2415 2408/3499/2414 2423/3507/2429 2424/3508/2430
f 2417/3502/2423 2416/3500/2422 2431/3506/2437 2432/3509/2438
f 2410/3503/2416 2409/3501/2415 2424/3508/2430 2425/3510/2431
f 2418/3504/2424 2417/3502/2423 2432/3509/2438 2433/3511/2439
f 2411/3488/2417 2410/3503/2416 2425/3510/2431 2426/3512/2432
f 2419/3490/2425 2418/3504/2424 2433/3511/2439 2434/3513/2440
f 2412/3489/2418 2411/3488/2417 2426/3512/2432 2427/3514/2433
f 2420/3491/2426 2419/3490/2425 2434/3513/2440 2435/3515/2441
f 2413/3492/2419 2412/3489/2418 2427/3514/2433 2428/3516/2434
f 2421/3493/2427 2420/3491/2426 2435/3515/2441 2436/3517/2442
f 2414/3494/2420 2413/3492/2419 2428/3516/2434 2429/3518/2435
f 2407/3496/2413 2105/3519/2111 2422/3520/2428
f 2331/3521/2337 2421/3493/2427 2436/3517/2442
f 2415/3498/2421 2414/3494/2420 2429/3518/2435 2430/3505/2436
f 2408/3499/2414 2407/3496/2413 2422/3520/2428 2423/3507/2429
f 2435/3515/2441 2434/3513/2440 2449/3522/2455 2450/3523/2456
f 2428/3516/2434 2427/3514/2433 2442/3524/2448 2443/3525/2449
f 2436/3517/2442 2435/3515/2441 2450/3523/2456 2451/3526/2457
f 2429/3518/2435 2428/3516/2434 2443/3525/2449 2444/3527/2450
f 2422/3520/2428 2105/3528/2111 2437/3529/2443
f 2331/3530/2337 2436/3517/2442 2451/3526/2457
f 2430/3505/2436 2429/3518/2435 2444/3527/2450 2445/3531/2451
f 2423/3507/2429 2422/3520/2428 2437/3529/2443 2438/3532/2444
f 2431/3506/2437 2430/3505/2436 2445/3531/2451 2446/3533/2452
f 2424/3508/2430 2423/3507/2429 2438/3532/2444 2439/3534/2445
f 2432/3509/2438 2431/3506/2437 2446/3533/2452 2447/3535/2453
f 2425/3510/2431 2424/3508/2430 2439/3534/2445 2440/3536/2446
f 2433/3511/2439 2432/3509/2438 2447/3535/2453 2448/3537/2454
f 2426/3512/2432 2425/3510/2431 2440/3536/2446 2441/3538/2447
f 2434/3513/2440 2433/3511/2439 2448/3537/2454 2449/3522/2455
f 2427/3514/2433 2426/3512/2432 2441/3538/2447 2442/3524/2448
f 2447/3535/2453 2446/3533/2452 2461/3539/2467 2462/3540/2468
f 2440/3536/2446 2439/3534/2445 2454/3541/2460 2455/3542/2461
f 2448/3537/2454 2447/3535/2453 2462/3540/2468 2463/3543/2469
f 2441/3538/2447 2440/3536/2446 2455/3542/2461 2456/3544/2462
f 2449/3522/2455 2448/3537/2454 2463/3543/2469 2464/3545/2470
f 2442/3524/2448 2441/3538/2447 2456/3544/2462 2457/3546/2463
f 2450/3523/2456 2449/3522/2455 2464/3545/2470 2465/3547/2471
f 2443/3525/2449 2442/3524/2448 2457/3546/2463 2458/3548/2464
f 2451/3526/2457 2450/3523/2456 2465/3547/2471 2466/3549/2472
f 2444/3527/2450 2443/3525/2449 2458/3548/2464 2459/3550/2465
f 2437/3529/2443 2105/3551/2111 2452/3552/2458
f 2331/3553/2337 2451/3526/2457 2466/3549/2472
f 2445/3531/2451 2444/3527/2450 2459/3550/2465 2460/3554/2466
f 2438/3532/2444 2437/3529/2443 2452/3552/2458 2453/3555/2459
f 2446/3533/2452 2445/3531/2451 2460/3554/2466 2461/3539/2467
f 2439/3534/2445 2438/3532/2444 2453/3555/2459 2454/3541/2460
f 2466/3549/2472 2465/3547/2471 2480/3556/2486 2481/3557/2487
f 2459/3550/2465 2458/3548/2464 2473/3558/2479 2474/3559/2480
f 2452/3552/2458 2105/3560/2111 2467/3561/2473
f 2331/3562/2337 2466/3549/2472 2481/3557/2487
f 2460/3554/2466 2459/3550/2465 2474/3559/2480 2475/3563/2481
f 2453/3555/2459 2452/3552/2458 2467/3561/2473 2468/3564/2474
f 2461/3539/2467 2460/3554/2466 2475/3563/2481 2476/3565/2482
f 2454/3541/2460 2453/3555/2459 2468/3564/2474 2469/3566/2475
f 2462/3540/2468 2461/3539/2467 2476/3565/2482 2477/3567/2483
f 2455/3542/2461 2454/3541/2460 2469/3566/2475 2470/3568/2476
f 2463/3543/2469 2462/3540/2468 2477/3567/2483 2478/3569/2484
f 2456/3544/2462 2455/3542/2461 2470/3568/2476 2471/3570/2477
f 2464/3545/2470 2463/3543/2469 2478/3569/2484 2479/3571/2485
f 2457/3546/2463 2456/3544/2462 2471/3570/2477 2472/3572/2478
f 2465/3547/2471 2464/3545/2470 2479/3571/2485 2480/3556/2486
f 2458/3548/2464 2457/3546/2463 2472/3572/2478 2473/3558/2479
f 2470/3568/2476 2469/3566/2475 2484/3573/2490 2485/3574/2491
f 2478/3569/2484 2477/3567/2483 2492/3575/2498 2493/3576/2499
f 2471/3570/2477 2470/3568/2476 2485/3574/2491 2486/3577/2492
f 2479/3571/2485 2478/3569/2484 2493/3576/2499 2494/3578/2500
f 2472/3572/2478 2471/3570/2477 2486/3577/2492 2487/3579/2493
f 2480/3556/2486 2479/3571/2485 2494/3578/2500 2495/3580/2501
f 2473/3558/2479 2472/3572/2478 2487/3579/2493 2488/3581/2494
f 2481/3557/2487 2480/3556/2486 2495/3580/2501 2496/3582/2502
f 2474/3559/2480 2473/3558/2479 2488/3581/2494 2489/3583/2495
f 2467/3561/2473 2105/3584/2111 2482/3585/2488
f 2331/3586/2337 2481/3557/2487 2496/3582/2502
f 2475/3563/2481 2474/3559/2480 2489/3583/2495 2490/3587/2496
f 2468/3564/2474 2467/3561/2473 2482/3585/2488 2483/3588/2489
f 2476/3565/2482 2475/3563/2481 2490/3587/2496 2491/3589/2497
f 2469/3566/2475 2468/3564/2474 2483/3588/2489 2484/3573/2490
f 2477/3567/2483 2476/3565/2482 2491/3589/2497 2492/3575/2498
f 2489/3583/2495 2488/3581/2494 2026/3038/2032 2027/3037/2033
f 2482/3585/2488 2105/3590/2111 2497/3041/2503
f 2331/3591/2337 2496/3582/2502 2505/3033/2511
f 2490/3587/2496 2489/3583/2495 2027/3037/2033 2028/3045/2034
f 2483/3588/2489 2482/3585/2488 2497/3041/2503 2498/3047/2504
f 2491/3589/2497 2490/3587/2496 2028/3045/2034 2501/3049/2507
f 2484/3573/2490 2483/3588/2489 2498/3047/2504 2024/3051/2030
f 2492/3575/2498 2491/3589/2497 2501/3049/2507 2029/3053/2035
f 2485/3574/2491 2484/3573/2490 2024/3051/2030 2499/3055/2505
f 2493/3576/2499 2492/3575/2498 2029/3053/2035 2502/3057/2508
f 2486/3577/2492 2485/3574/2491 2499/3055/2505 2025/3059/2031
f 2494/3578/2500 2493/3576/2499 2502/3057/2508 2503/3061/2509
f 2487/3579/2493 2486/3577/2492 2025/3059/2031 2500/3063/2506
f 2495/3580/2501 2494/3578/2500 2503/3061/2509 2504/3034/2510
f 2488/3581/2494 2487/3579/2493 2500/3063/2506 2026/3038/2032
f 2496/3582/2502 2495/3580/2501 2504/3034/2510 2505/3033/2511
o Sphere.001
v 0.629781 2.150609 1.006307
v 0.629781 2.036026 0.891724
v 0.629781 1.886316 0.829712
v 0.629781 1.805294 0.821732
v 0.629781 1.724271 0.829712
v 0.629781 1.574562 0.891724
v 0.645588 2.212620 1.157573
v 0.660787 2.188987 1.081161
v 0.674794 2.150609 1.010740
v 0.687072 2.098960 0.949015
v 0.697148 2.036026 0.898359
v 0.704636 1.964225 0.860718
v 0.709246 1.886316 0.837539
v 0.710803 1.805294 0.829712
v 0.709246 1.724271 0.837539
v 0.704636 1.646363 0.860718
v 0.697148 1.574562 0.898359
v 0.687072 1.511627 0.949015
v 0.674794 1.459979 1.010740
v 0.660787 1.421600 1.081161
v 0.645588 1.397967 1.157573
v 0.660787 2.212620 1.162184
v 0.690601 2.188987 1.090206
v 0.718078 2.150609 1.023870
v 0.742162 2.098960 0.965726
v 0.761927 2.036026 0.918009
v 0.776614 1.964225 0.882552
v 0.785658 1.886316 0.860718
v 0.788712 1.805294 0.853345
v 0.785658 1.724271 0.860718
v 0.776614 1.646363 0.882552
v 0.761927 1.574562 0.918009
v 0.742162 1.511627 0.965726
v 0.718078 1.459979 1.023870
v 0.690601 1.421600 1.090206
v 0.660787 1.397967 1.162184
v 0.674794 2.212620 1.169671
v 0.718078 2.188987 1.104892
v 0.757969 2.150609 1.045192
v 0.792933 2.098960 0.992864
v 0.821627 2.036026 0.949920
v 0.842949 1.964225 0.918009
v 0.856079 1.886316 0.898359
v 0.860513 1.805294 0.891724
v 0.856079 1.724271 0.898359
v 0.842949 1.646363 0.918009
v 0.821627 1.574562 0.949920
v 0.792933 1.511627 0.992864
v 0.757969 1.459979 1.045192
v 0.718078 1.421600 1.104892
v 0.674794 1.397967 1.169671
v 0.687072 2.212620 1.179747
v 0.742162 2.188987 1.124657
v 0.792933 2.150609 1.073887
v 0.837434 2.098960 1.029385
v 0.873955 2.036026 0.992864
v 0.901093 1.964225 0.965726
v 0.917804 1.886316 0.949015
v 0.923447 1.805294 0.943373
v 0.917804 1.724271 0.949015
v 0.901093 1.646363 0.965726
v 0.873955 1.574562 0.992864
v 0.837434 1.511627 1.029385
v 0.792933 1.459979 1.073887
v 0.742162 1.421600 1.124657
v 0.687072 1.397967 1.179747
v 0.697148 2.212620 1.192025
v 0.761927 2.188987 1.148741
v 0.821627 2.150609 1.108851
v 0.873955 2.098960 1.073886
v 0.916900 2.036026 1.045192
v 0.948810 1.964225 1.023870
v 0.968461 1.886316 1.010740
v 0.975096 1.805294 1.006307
v 0.968461 1.724271 1.010740
v 0.948810 1.646363 1.023870
v 0.916900 1.574562 1.045192
v 0.873955 1.511627 1.073886
v 0.821627 1.459979 1.108851
v 0.761927 1.421600 1.148741
v 0.697148 1.397967 1.192025
v 0.629781 2.220600 1.237039
v 0.704636 2.212620 1.206033
v 0.776614 2.188987 1.176218
v 0.842949 2.150609 1.148741
v 0.901093 2.098960 1.124657
v 0.948810 2.036026 1.104892
v 0.984267 1.964225 1.090206
v 1.006102 1.886316 1.081161
v 1.013474 1.805294 1.078108
v 1.006102 1.724271 1.081161
v 0.984267 1.646363 1.090206
v 0.948810 1.574562 1.104892
v 0.901093 1.511627 1.124657
v 0.842949 1.459979 1.148741
v 0.776614 1.421600 1.176218
v 0.704636 1.397967 1.206033
v 0.709246 2.212620 1.221232
v 0.785658 2.188987 1.206033
v 0.856079 2.150609 1.192025
v 0.917804 2.098960 1.179747
v 0.968461 2.036026 1.169671
v 1.006102 1.964225 1.162184
v 1.029281 1.886316 1.157573
v 1.037107 1.805294 1.156016
v 1.029281 1.724271 1.157573
v 1.006102 1.646363 1.162184
v 0.968461 1.574562 1.169671
v 0.917804 1.511627 1.179747
v 0.856079 1.459979 1.192025
v 0.785658 1.421600 1.206033
v 0.709246 1.397967 1.221232
v 0.710803 2.212620 1.237039
v 0.788712 2.188987 1.237039
v 0.860513 2.150609 1.237039
v 0.923447 2.098960 1.237039
v 0.975096 2.036026 1.237039
v 1.013474 1.964225 1.237039
v 1.037107 1.886316 1.237039
v 1.045087 1.805294 1.237039
v 1.037107 1.724271 1.237039
v 1.013474 1.646363 1.237039
v 0.975096 1.574562 1.237039
v 0.923447 1.511627 1.237039
v 0.860513 1.459979 1.237039
v 0.788712 1.421600 1.237039
v 0.710803 1.397967 1.237039
v 0.709246 2.212620 1.252845
v 0.785658 2.188987 1.268044
v 0.856079 2.150609 1.282052
v 0.917804 2.098960 1.294330
v 0.968460 2.036026 1.304406
v 1.006102 1.964225 1.311893
v 1.029281 1.886316 1.316504
v 1.037107 1.805294 1.318061
v 1.029281 1.724271 1.316504
v 1.006102 1.646363 1.311893
v 0.968460 1.574562 1.304406
v 0.917804 1.511627 1.294330
v 0.856079 1.459979 1.282052
v 0.785658 1.421600 1.268044
v 0.709246 1.397967 1.252845
v 0.704636 2.212620 1.268044
v 0.776614 2.188987 1.297859
v 0.842949 2.150609 1.325336
v 0.901093 2.098960 1.349420
v 0.948810 2.036026 1.369185
v 0.984267 1.964225 1.383872
v 1.006101 1.886316 1.392916
v 1.013474 1.805294 1.395970
v 1.006101 1.724271 1.392916
v 0.984267 1.646363 1.383872
v 0.948810 1.574562 1.369185
v 0.901093 1.511627 1.349420
v 0.842949 1.459979 1.325336
v 0.776614 1.421600 1.297859
v 0.704636 1.397967 1.268044
v 0.697148 2.212620 1.282052
v 0.761927 2.188987 1.325336
v 0.821627 2.150609 1.365226
v 0.873955 2.098960 1.400191
v 0.916900 2.036026 1.428885
v 0.948810 1.964225 1.450207
v 0.968460 1.886316 1.463337
v 0.975096 1.805294 1.467771
v 0.968460 1.724271 1.463337
v 0.948810 1.646363 1.450207
v 0.916900 1.574562 1.428885
v 0.873955 1.511627 1.400191
v 0.821627 1.459979 1.365226
v 0.761927 1.421600 1.325336
v 0.697148 1.397967 1.282052
v 0.687072 2.212620 1.294330
v 0.742162 2.188987 1.349420
v 0.792933 2.150609 1.400191
v 0.837434 2.098960 1.444692
v 0.873955 2.036026 1.481213
v 0.901093 1.964225 1.508351
v 0.917804 1.886316 1.525062
v 0.923447 1.805294 1.530705
v 0.917804 1.724271 1.525062
v 0.901093 1.646363 1.508351
v 0.873955 1.574562 1.481213
v 0.837434 1.511627 1.444692
v 0.792933 1.459979 1.400191
v 0.742162 1.421600 1.349420
v 0.687072 1.397967 1.294330
v 0.674794 2.212620 1.304406
v 0.718078 2.188987 1.369185
v 0.757969 2.150609 1.428885
v 0.792933 2.098960 1.481213
v 0.821627 2.036026 1.524157
v 0.842949 1.964225 1.556068
v 0.856079 1.886316 1.575718
v 0.860513 1.805294 1.582353
v 0.856079 1.724271 1.575718
v 0.842949 1.646363 1.556068
v 0.821627 1.574562 1.524157
v 0.792933 1.511627 1.481213
v 0.757969 1.459979 1.428885
v 0.718078 1.421600 1.369185
v 0.674794 1.397967 1.304406
v 0.660787 2.212620 1.311893
v 0.690601 2.188987 1.383872
v 0.718078 2.150609 1.450207
v 0.742162 2.098960 1.508351
v 0.761927 2.036026 1.556068
v 0.776614 1.964225 1.591525
v 0.785658 1.886316 1.613359
v 0.788712 1.805294 1.620732
v 0.785658 1.724271 1.613359
v 0.776614 1.646363 1.591525
v 0.761927 1.574562 1.556068
v 0.742162 1.511627 1.508351
v 0.718078 1.459979 1.450207
v 0.690601 1.421600 1.383872
v 0.660787 1.397967 1.311893
v 0.645588 2.212620 1.316504
v 0.660787 2.188987 1.392916
v 0.674794 2.150609 1.463337
v 0.687072 2.098960 1.525062
v 0.697148 2.036026 1.575718
v 0.704636 1.964225 1.613359
v 0.709246 1.886316 1.636539
v 0.710803 1.805294 1.644365
v 0.709246 1.724271 1.636539
v 0.704636 1.646363 1.613359
v 0.697148 1.574562 1.575718
v 0.687072 1.511627 1.525062
v 0.674794 1.459979 1.463337
v 0.660787 1.421600 1.392916
v 0.645588 1.397967 1.316504
v 0.629781 2.212620 1.318061
v 0.629781 2.188987 1.395970
v 0.629781 2.150609 1.467771
v 0.629781 2.098960 1.530705
v 0.629781 2.036026 1.582353
v 0.629781 1.964225 1.620732
v 0.629781 1.886316 1.644365
v 0.629781 1.805294 1.652345
v 0.629781 1.724271 1.644365
v 0.629781 1.646363 1.620732
v 0.629781 1.574562 1.582353
v 0.629781 1.511627 1.530705
v 0.629781 1.459979 1.467771
v 0.629781 1.421600 1.395970
v 0.629781 1.397967 1.318061
v 0.613974 2.212620 1.316504
v 0.598775 2.188987 1.392916
v 0.584767 2.150609 1.463337
v 0.572489 2.098960 1.525062
v 0.562413 2.036026 1.575718
v 0.554926 1.964225 1.613359
v 0.550315 1.886316 1.636539
v 0.548758 1.805294 1.644365
v 0.550315 1.724271 1.636539
v 0.554926 1.646363 1.613359
v 0.562413 1.574562 1.575718
v 0.572489 1.511627 1.525062
v 0.584767 1.459979 1.463337
v 0.598775 1.421600 1.392916
v 0.613974 1.397967 1.316504
v 0.598775 2.212620 1.311893
v 0.568961 2.188987 1.383872
v 0.541484 2.150609 1.450207
v 0.517400 2.098960 1.508351
v 0.497635 2.036026 1.556068
v 0.482948 1.964225 1.591525
v 0.473904 1.886316 1.613359
v 0.470850 1.805294 1.620732
v 0.473904 1.724271 1.613359
v 0.482948 1.646363 1.591525
v 0.497635 1.574562 1.556068
v 0.517400 1.511627 1.508351
v 0.541484 1.459979 1.450207
v 0.568961 1.421600 1.383872
v 0.598775 1.397967 1.311893
v 0.584767 2.212620 1.304406
v 0.541484 2.188987 1.369185
v 0.501593 2.150609 1.428885
v 0.466629 2.098960 1.481213
v 0.437934 2.036026 1.524157
v 0.416612 1.964225 1.556068
v 0.403482 1.886316 1.575718
v 0.399049 1.805294 1.582353
v 0.403482 1.724271 1.575718
v 0.416612 1.646363 1.556068
v 0.437934 1.574562 1.524157
v 0.466629 1.511627 1.481213
v 0.501593 1.459979 1.428885
v 0.541484 1.421600 1.369185
v 0.584767 1.397967 1.304406
v 0.572489 2.212620 1.294330
v 0.517400 2.188987 1.349420
v 0.466629 2.150609 1.400191
v 0.422128 2.098960 1.444692
v 0.385606 2.036026 1.481213
v 0.358469 1.964225 1.508351
v 0.341757 1.886316 1.525062
v 0.336115 1.805294 1.530704
v 0.341757 1.724271 1.525062
v 0.358469 1.646363 1.508351
v 0.385606 1.574562 1.481213
v 0.422128 1.511627 1.444692
v 0.466629 1.459979 1.400191
v 0.517400 1.421600 1.349420
v 0.572489 1.397967 1.294330
v 0.629781 1.389987 1.237039
v 0.562413 2.212620 1.282052
v 0.497635 2.188987 1.325336
v 0.437934 2.150609 1.365226
v 0.385606 2.098960 1.400191
v 0.342662 2.036026 1.428885
v 0.310752 1.964225 1.450207
v 0.291101 1.886316 1.463337
v 0.284466 1.805294 1.467770
v 0.291101 1.724271 1.463337
v 0.310752 1.646363 1.450207
v 0.342662 1.574562 1.428885
v 0.385606 1.511627 1.400191
v 0.437934 1.459979 1.365226
v 0.497635 1.421600 1.325336
v 0.562413 1.397967 1.282052
v 0.554926 2.212620 1.268044
v 0.482948 2.188987 1.297859
v 0.416612 2.150609 1.325336
v 0.358469 2.098960 1.349420
v 0.310752 2.036026 1.369185
v 0.275295 1.964225 1.383872
v 0.253460 1.886316 1.392916
v 0.246088 1.805294 1.395969
v 0.253460 1.724271 1.392916
v 0.275295 1.646363 1.383872
v 0.310752 1.574562 1.369185
v 0.358469 1.511627 1.349420
v 0.416612 1.459979 1.325336
v 0.482948 1.421600 1.297859
v 0.554926 1.397967 1.268044
v 0.550315 2.212620 1.252845
v 0.473904 2.188987 1.268044
v 0.403482 2.150609 1.282052
v 0.341757 2.098960 1.294330
v 0.291101 2.036026 1.304406
v 0.253460 1.964225 1.311893
v 0.230281 1.886316 1.316504
v 0.222455 1.805294 1.318061
v 0.230281 1.724271 1.316504
v 0.253460 1.646363 1.311893
v 0.291101 1.574562 1.304406
v 0.341757 1.511627 1.294330
v 0.403482 1.459979 1.282052
v 0.473904 1.421600 1.268044
v 0.550315 1.397967 1.252845
v 0.548759 2.212620 1.237039
v 0.470850 2.188987 1.237039
v 0.399049 2.150609 1.237038
v 0.336115 2.098960 1.237039
v 0.284466 2.036026 1.237038
v 0.246088 1.964225 1.237039
v 0.222454 1.886316 1.237038
v 0.214475 1.805294 1.237038
v 0.222454 1.724271 1.237038
v 0.246088 1.646363 1.237039
v 0.284466 1.574562 1.237038
v 0.336115 1.511627 1.237039
v 0.399049 1.459979 1.237038
v 0.470850 1.421600 1.237039
v 0.548759 1.397967 1.237039
v 0.550315 2.212620 1.221232
v 0.473904 2.188987 1.206033
v 0.403482 2.150609 1.192025
v 0.341757 2.098960 1.179747
v 0.291101 2.036026 1.169671
v 0.253460 1.964225 1.162184
v 0.230281 1.886316 1.157573
v 0.222455 1.805294 1.156016
v 0.230281 1.724271 1.157573
v 0.253460 1.646363 1.162184
v 0.291101 1.574562 1.169671
v 0.341757 1.511627 1.179747
v 0.403482 1.459979 1.192025
v 0.473904 1.421600 1.206033
v 0.550315 1.397967 1.221232
v 0.554926 2.212620 1.206033
v 0.482948 2.188987 1.176218
v 0.416612 2.150609 1.148741
v 0.358469 2.098960 1.124658
v 0.310752 2.036026 1.104892
v 0.275295 1.964225 1.090206
v 0.253460 1.886316 1.081161
v 0.246088 1.805294 1.078108
v 0.253460 1.724271 1.081161
v 0.275295 1.646363 1.090206
v 0.310752 1.574562 1.104892
v 0.358469 1.511627 1.124658
v 0.416612 1.459979 1.148741
v 0.482948 1.421600 1.176218
v 0.554926 1.397967 1.206033
v 0.562413 2.212620 1.192025
v 0.497635 2.188987 1.148741
v 0.437934 2.150609 1.108851
v 0.385606 2.098960 1.073887
v 0.342662 2.036026 1.045192
v 0.310752 1.964225 1.023870
v 0.291101 1.886316 1.010740
v 0.284466 1.805294 1.006307
v 0.291101 1.724271 1.010740
v 0.310752 1.646363 1.023870
v 0.342662 1.574562 1.045192
v 0.385606 1.511627 1.073887
v 0.437934 1.459979 1.108851
v 0.497635 1.421600 1.148741
v 0.562413 1.397967 1.192025
v 0.572489 2.212620 1.179747
v 0.517400 2.188987 1.124658
v 0.466629 2.150609 1.073887
v 0.422128 2.098960 1.029385
v 0.385607 2.036026 0.992864
v 0.358469 1.964225 0.965727
v 0.341758 1.886316 0.949015
v 0.336115 1.805294 0.943373
v 0.341758 1.724271 0.949015
v 0.358469 1.646363 0.965727
v 0.385607 1.574562 0.992864
v 0.422128 1.511627 1.029385
v 0.466629 1.459979 1.073887
v 0.517400 1.421600 1.124658
v 0.572489 1.397967 1.179747
v 0.584767 2.212620 1.169671
v 0.541484 2.188987 1.104892
v 0.501593 2.150609 1.045192
v 0.466629 2.098960 0.992864
v 0.437934 2.036026 0.949920
v 0.416612 1.964225 0.918009
v 0.403482 1.886316 0.898359
v 0.399049 1.805294 0.891724
v 0.403482 1.724271 0.898359
v 0.416612 1.646363 0.918009
v 0.437934 1.574562 0.949920
v 0.466629 1.511627 0.992864
v 0.501593 1.459979 1.045192
v 0.541484 1.421600 1.104892
v 0.584767 1.397967 1.169671
v 0.598775 2.212620 1.162184
v 0.568961 2.188987 1.090206
v 0.541484 2.150609 1.023870
v 0.517400 2.098960 0.965726
v 0.497635 2.036026 0.918010
v 0.482948 1.964225 0.882552
v 0.473904 1.886316 0.860718
v 0.470850 1.805294 0.853346
v 0.473904 1.724271 0.860718
v 0.482948 1.646363 0.882552
v 0.497635 1.574562 0.918010
v 0.517400 1.511627 0.965726
v 0.541484 1.459979 1.023870
v 0.568961 1.421600 1.090206
v 0.598775 1.397967 1.162184
v 0.613974 2.212620 1.157573
v 0.598775 2.188987 1.081161
v 0.584767 2.150609 1.010740
v 0.572489 2.098960 0.949015
v 0.562413 2.036026 0.898359
v 0.554926 1.964225 0.860718
v 0.550315 1.886316 0.837539
v 0.548759 1.805294 0.829712
v 0.550315 1.724271 0.837539
v 0.554926 1.646363 0.860718
v 0.562413 1.574562 0.898359
v 0.572489 1.511627 0.949015
v 0.584767 1.459979 1.010740
v 0.598775 1.421600 1.081161
v 0.613974 1.397967 1.157573
v 0.629781 2.212620 1.156016
v 0.629781 2.188987 1.078108
v 0.629781 2.098960 0.943373
v 0.629781 1.964225 0.853346
v 0.629781 1.646363 0.853346
v 0.629781 1.511627 0.943373
v 0.629781 1.459979 1.006307
v 0.629781 1.421600 1.078108
v 0.629781 1.397967 1.156016
vn -0.0000 0.8286 -0.5598
vn -0.0000 0.5528 -0.8333
vn -0.0000 0.1939 -0.9810
vn -0.0000 -0.0000 -1.0000
vn -0.0000 -0.1939 -0.9810
vn -0.0000 -0.5528 -0.8333
vn 0.0392 0.9796 -0.1971
vn 0.0757 0.9217 -0.3804
vn 0.1092 0.8286 -0.5490
vn 0.1385 0.7041 -0.6965
vn 0.1626 0.5528 -0.8173
vn 0.1804 0.3805 -0.9070
vn 0.1914 0.1939 -0.9622
vn 0.1951 -0.0000 -0.9808
vn 0.1914 -0.1939 -0.9622
vn 0.1804 -0.3805 -0.9070
vn 0.1626 -0.5528 -0.8173
vn 0.1385 -0.7041 -0.6965
vn 0.1092 -0.8286 -0.5490
vn 0.0757 -0.9217 -0.3804
vn 0.0392 -0.9796 -0.1971
vn 0.0769 0.9796 -0.1857
vn 0.1484 0.9217 -0.3584
vn 0.2142 0.8286 -0.5172
vn 0.2718 0.7041 -0.6561
vn 0.3189 0.5528 -0.7699
vn 0.3539 0.3805 -0.8544
vn 0.3754 0.1939 -0.9063
vn 0.3827 -0.0000 -0.9239
vn 0.3754 -0.1939 -0.9063
vn 0.3539 -0.3805 -0.8544
vn 0.3189 -0.5528 -0.7699
vn 0.2718 -0.7041 -0.6561
vn 0.2142 -0.8286 -0.5172
vn 0.1484 -0.9217 -0.3584
vn 0.0769 -0.9796 -0.1857
vn 0.1117 0.9796 -0.1671
vn 0.2155 0.9217 -0.3225
vn 0.3110 0.8286 -0.4654
vn 0.3945 0.7041 -0.5905
vn 0.4630 0.5528 -0.6929
vn 0.5138 0.3805 -0.7689
vn 0.5450 0.1939 -0.8157
vn 0.5556 -0.0000 -0.8315
vn 0.5450 -0.1939 -0.8157
vn 0.5138 -0.3805 -0.7689
vn 0.4630 -0.5528 -0.6929
vn 0.3945 -0.7041 -0.5905
vn 0.3110 -0.8286 -0.4654
vn 0.2155 -0.9217 -0.3225
vn 0.1117 -0.9796 -0.1671
vn 0.1421 0.9796 -0.1421
vn 0.2743 0.9217 -0.2743
vn 0.3958 0.8286 -0.3958
vn 0.5021 0.7041 -0.5021
vn 0.5893 0.5528 -0.5893
vn 0.6539 0.3805 -0.6539
vn 0.6937 0.1939 -0.6937
vn 0.7071 -0.0000 -0.7071
vn 0.6937 -0.1939 -0.6937
vn 0.6539 -0.3805 -0.6539
vn 0.5893 -0.5528 -0.5893
vn 0.5021 -0.7041 -0.5021
vn 0.3958 -0.8286 -0.3958
vn 0.2743 -0.9217 -0.2743
vn 0.1421 -0.9796 -0.1421
vn 0.1671 0.9796 -0.1117
vn 0.3225 0.9217 -0.2155
vn 0.4654 0.8286 -0.3110
vn 0.5905 0.7041 -0.3945
vn 0.6929 0.5528 -0.4630
vn 0.7689 0.3805 -0.5138
vn 0.8157 0.1939 -0.5450
vn 0.8315 -0.0000 -0.5556
vn 0.8157 -0.1939 -0.5450
vn 0.7689 -0.3805 -0.5138
vn 0.6929 -0.5528 -0.4630
vn 0.5905 -0.7041 -0.3945
vn 0.4654 -0.8286 -0.3110
vn 0.3225 -0.9217 -0.2155
vn 0.1671 -0.9796 -0.1117
vn -0.0000 1.0000 -0.0000
vn 0.1857 0.9796 -0.0769
vn 0.3584 0.9217 -0.1484
vn 0.5172 0.8286 -0.2142
vn 0.6561 0.7041 -0.2718
vn 0.7699 0.5528 -0.3189
vn 0.8544 0.3805 -0.3539
vn 0.9063 0.1939 -0.3754
vn 0.9239 -0.0000 -0.3827
vn 0.9063 -0.1939 -0.3754
vn 0.8544 -0.3805 -0.3539
vn 0.7699 -0.5528 -0.3189
vn 0.6561 -0.7041 -0.2718
vn 0.5172 -0.8286 -0.2142
vn 0.3584 -0.9217 -0.1484
vn 0.1857 -0.9796 -0.0769
vn 0.1971 0.9796 -0.0392
vn 0.3804 0.9217 -0.0757
vn 0.5490 0.8286 -0.1092
vn 0.6965 0.7041 -0.1385
vn 0.8173 0.5528 -0.1626
vn 0.9070 0.3805 -0.1804
vn 0.9622 0.1939 -0.1914
vn 0.9808 -0.0000 -0.1951
vn 0.9622 -0.1939 -0.1914
vn 0.9070 -0.3805 -0.1804
vn 0.8173 -0.5528 -0.1626
vn 0.6965 -0.7041 -0.1385
vn 0.5490 -0.8286 -0.1092
vn 0.3804 -0.9217 -0.0757
vn 0.1971 -0.9796 -0.0392
vn 0.2010 0.9796 -0.0000
vn 0.3879 0.9217 -0.0000
vn 0.5598 0.8286 -0.0000
vn 0.7101 0.7041 -0.0000
vn 0.8333 0.5528 -0.0000
vn 0.9248 0.3805 -0.0000
vn 0.9810 0.1939 -0.0000
vn 1.0000 -0.0000 -0.0000
vn 0.9810 -0.1939 -0.0000
vn 0.9248 -0.3805 -0.0000
vn 0.8333 -0.5528 -0.0000
vn 0.7101 -0.7041 -0.0000
vn 0.5598 -0.8286 -0.0000
vn 0.3879 -0.9217 -0.0000
vn 0.2010 -0.9796 -0.0000
vn 0.1971 0.9796 0.0392
vn 0.3804 0.9217 0.0757
vn 0.5490 0.8286 0.1092
vn 0.6965 0.7041 0.1385
vn 0.8173 0.5528 0.1626
vn 0.9070 0.3805 0.1804
vn 0.9622 0.1939 0.1914
vn 0.9808 -0.0000 0.1951
vn 0.9622 -0.1939 0.1914
vn 0.9070 -0.3805 0.1804
vn 0.8173 -0.5528 0.1626
vn 0.6965 -0.7041 0.1385
vn 0.5490 -0.8286 0.1092
vn 0.3804 -0.9217 0.0757
vn 0.1971 -0.9796 0.0392
vn 0.1857 0.9796 0.0769
vn 0.3584 0.9217 0.1484
vn 0.5172 0.8286 0.2142
vn 0.6561 0.7041 0.2718
vn 0.7699 0.5528 0.3189
vn 0.8544 0.3805 0.3539
vn 0.9063 0.1939 0.3754
vn 0.9239 -0.0000 0.3827
vn 0.9063 -0.1939 0.3754
vn 0.8544 -0.3805 0.3539
vn 0.7699 -0.5528 0.3189
vn 0.6561 -0.7041 0.2718
vn 0.5172 -0.8286 0.2142
vn 0.3584 -0.9217 0.1484
vn 0.1857 -0.9796 0.0769
vn 0.1671 0.9796 0.1117
vn 0.3225 0.9217 0.2155
vn 0.4654 0.8286 0.3110
vn 0.5905 0.7041 0.3945
vn 0.6929 0.5528 0.4630
vn 0.7689 0.3805 0.5138
vn 0.8157 0.1939 0.5450
vn 0.8315 -0.0000 0.5556
vn 0.8157 -0.1939 0.5450
vn 0.7689 -0.3805 0.5138
vn 0.6929 -0.5528 0.4630
vn 0.5905 -0.7041 0.3945
vn 0.4654 -0.8286 0.3110
vn 0.3225 -0.9217 0.2155
vn 0.1671 -0.9796 0.1117
vn 0.1421 0.9796 0.1421
vn 0.2743 0.9217 0.2743
vn 0.3958 0.8286 0.3958
vn 0.5021 0.7041 0.5021
vn 0.5893 0.5528 0.5893
vn 0.6539 0.3805 0.6539
vn 0.6937 0.1939 0.6937
vn 0.7071 -0.0000 0.7071
vn 0.6937 -0.1939 0.6937
vn 0.6539 -0.3805 0.6539
vn 0.5893 -0.5528 0.5893
vn 0.5021 -0.7041 0.5021
vn 0.3958 -0.8286 0.3958
vn 0.2743 -0.9217 0.2743
vn 0.1421 -0.9796 0.1421
vn 0.1117 0.9796 0.1671
vn 0.2155 0.9217 0.3225
vn 0.3110 0.8286 0.4654
vn 0.3945 0.7041 0.5905
vn 0.4630 0.5528 0.6929
vn 0.5138 0.3805 0.7689
vn 0.5450 0.1939 0.8157
vn 0.5556 -0.0000 0.8315
vn 0.5450 -0.1939 0.8157
vn 0.5138 -0.3805 0.7689
vn 0.4630 -0.5528 0.6929
vn 0.3945 -0.7041 0.5905
vn 0.3110 -0.8286 0.4654
vn 0.2155 -0.9217 0.3225
vn 0.1117 -0.9796 0.1671
vn 0.0769 0.9796 0.1857
vn 0.1484 0.9217 0.3584
vn 0.2142 0.8286 0.5172
vn 0.2718 0.7041 0.6561
vn 0.3189 0.5528 0.7699
vn 0.3539 0.3805 0.8544
vn 0.3754 0.1939 0.9063
vn 0.3827 -0.0000 0.9239
vn 0.3754 -0.1939 0.9063
vn 0.3539 -0.3805 0.8544
vn 0.3189 -0.5528 0.7699
vn 0.2718 -0.7041 0.6561
vn 0.2142 -0.8286 0.5172
vn 0.1484 -0.9217 0.3584
vn 0.0769 -0.9796 0.1857
vn 0.0392 0.9796 0.1971
vn 0.0757 0.9217 0.3804
vn 0.1092 0.8286 0.5490
vn 0.1385 0.7041 0.6965
vn 0.1626 0.5528 0.8173
vn 0.1804 0.3805 0.9070
vn 0.1914 0.1939 0.9622
vn 0.1951 -0.0000 0.9808
vn 0.1914 -0.1939 0.9622
vn 0.1804 -0.3805 0.9070
vn 0.1626 -0.5528 0.8173
vn 0.1385 -0.7041 0.6965
vn 0.1092 -0.8286 0.5490
vn 0.0757 -0.9217 0.3804
vn 0.0392 -0.9796 0.1971
vn -0.0000 0.9796 0.2010
vn -0.0000 0.9217 0.3879
vn -0.0000 0.8286 0.5598
vn -0.0000 0.7041 0.7101
vn -0.0000 0.5528 0.8333
vn -0.0000 0.3805 0.9248
vn -0.0000 0.1939 0.9810
vn -0.0000 -0.0000 1.0000
vn -0.0000 -0.1939 0.9810
vn -0.0000 -0.3805 0.9248
vn -0.0000 -0.5528 0.8333
vn -0.0000 -0.7041 0.7101
vn -0.0000 -0.8286 0.5598
vn -0.0000 -0.9217 0.3879
vn -0.0000 -0.9796 0.2010
vn -0.0392 0.9796 0.1971
vn -0.0757 0.9217 0.3804
vn -0.1092 0.8286 0.5490
vn -0.1385 0.7041 0.6965
vn -0.1626 0.5528 0.8173
vn -0.1804 0.3805 0.9070
vn -0.1914 0.1939 0.9622
vn -0.1951 -0.0000 0.9808
vn -0.1914 -0.1939 0.9622
vn -0.1804 -0.3805 0.9070
vn -0.1626 -0.5528 0.8173
vn -0.1385 -0.7041 0.6965
vn -0.1092 -0.8286 0.5490
vn -0.0757 -0.9217 0.3804
vn -0.0392 -0.9796 0.1971
vn -0.0769 0.9796 0.1857
vn -0.1484 0.9217 0.3584
vn -0.2142 0.8286 0.5172
vn -0.2718 0.7041 0.6561
vn -0.3189 0.5528 0.7699
vn -0.3539 0.3805 0.8544
vn -0.3754 0.1939 0.9063
vn -0.3827 -0.0000 0.9239
vn -0.3754 -0.1939 0.9063
vn -0.3539 -0.3805 0.8544
vn -0.3189 -0.5528 0.7699
vn -0.2718 -0.7041 0.6561
vn -0.2142 -0.8286 0.5172
vn -0.1484 -0.9217 0.3584
vn -0.0769 -0.9796 0.1857
vn -0.1117 0.9796 0.1671
vn -0.2155 0.9217 0.3225
vn -0.3110 0.8286 0.4654
vn -0.3945 0.7041 0.5905
vn -0.4630 0.5528 0.6929
vn -0.5138 0.3805 0.7689
vn -0.5450 0.1939 0.8157
vn -0.5556 -0.0000 0.8315
vn -0.5450 -0.1939 0.8157
vn -0.5138 -0.3805 0.7689
vn -0.4630 -0.5528 0.6929
vn -0.3945 -0.7041 0.5905
vn -0.3110 -0.8286 0.4654
vn -0.2155 -0.9217 0.3225
vn -0.1117 -0.9796 0.1671
vn -0.1421 0.9796 0.1421
vn -0.2743 0.9217 0.2743
vn -0.3958 0.8286 0.3958
vn -0.5021 0.7041 0.5021
vn -0.5893 0.5528 0.5893
vn -0.6539 0.3805 0.6539
vn -0.6937 0.1939 0.6937
vn -0.7071 -0.0000 0.7071
vn -0.6937 -0.1939 0.6937
vn -0.6539 -0.3805 0.6539
vn -0.5893 -0.5528 0.5893
vn -0.5021 -0.7041 0.5021
vn -0.3958 -0.8286 0.3958
vn -0.2743 -0.9217 0.2743
vn -0.1421 -0.9796 0.1421
vn -0.0000 -1.0000 -0.0000
vn -0.1671 0.9796 0.1117
vn -0.3225 0.9217 0.2155
vn -0.4654 0.8286 0.3110
vn -0.5905 0.7041 0.3945
vn -0.6929 0.5528 0.4630
vn -0.7689 0.3805 0.5138
vn -0.8157 0.1939 0.5450
vn -0.8315 -0.0000 0.5556
vn -0.8157 -0.1939 0.5450
vn -0.7689 -0.3805 0.5138
vn -0.6929 -0.5528 0.4630
vn -0.5905 -0.7041 0.3945
vn -0.4654 -0.8286 0.3110
vn -0.3225 -0.9217 0.2155
vn -0.1671 -0.9796 0.1117
vn -0.1857 0.9796 0.0769
vn -0.3584 0.9217 0.1484
vn -0.5172 0.8286 0.2142
vn -0.6561 0.7041 0.2718
vn -0.7699 0.5528 0.3189
vn -0.8544 0.3805 0.3539
vn -0.9063 0.1939 0.3754
vn -0.9239 -0.0000 0.3827
vn -0.9063 -0.1939 0.3754
vn -0.8544 -0.3805 0.3539
vn -0.7699 -0.5528 0.3189
vn -0.6561 -0.7041 0.2718
vn -0.5172 -0.8286 0.2142
vn -0.3584 -0.9217 0.1484
vn -0.1857 -0.9796 0.0769
vn -0.1971 0.9796 0.0392
vn -0.3804 0.9217 0.0757
vn -0.5490 0.8286 0.1092
vn -0.6965 0.7041 0.1385
vn -0.8173 0.5528 0.1626
vn -0.9070 0.3805 0.1804
vn -0.9622 0.1939 0.1914
vn -0.9808 -0.0000 0.1951
vn -0.9622 -0.1939 0.1914
vn -0.9070 -0.3805 0.1804
vn -0.8173 -0.5528 0.1626
vn -0.6965 -0.7041 0.1385
vn -0.5490 -0.8286 0.1092
vn -0.3804 -0.9217 0.0757
vn -0.1971 -0.9796 0.0392
vn -0.2010 0.9796 -0.0000
vn -0.3879 0.9217 -0.0000
vn -0.5598 0.8286 -0.0000
vn -0.7101 0.7041 -0.0000
vn -0.8333 0.5528 -0.0000
vn -0.9248 0.3805 -0.0000
vn -0.9810 0.1939 -0.0000
vn -1.0000 -0.0000 -0.0000
vn -0.9810 -0.1939 -0.0000
vn -0.9248 -0.3805 -0.0000
vn -0.8333 -0.5528 -0.0000
vn -0.7101 -0.7041 -0.0000
vn -0.5598 -0.8286 -0.0000
vn -0.3879 -0.9217 -0.0000
vn -0.2010 -0.9796 -0.0000
vn -0.1971 0.9796 -0.0392
vn -0.3804 0.9217 -0.0757
vn -0.5490 0.8286 -0.1092
vn -0.6965 0.7041 -0.1385
vn -0.8173 0.5528 -0.1626
vn -0.9070 0.3805 -0.1804
vn -0.9622 0.1939 -0.1914
vn -0.9808 -0.0000 -0.1951
vn -0.9622 -0.1939 -0.1914
vn -0.9070 -0.3805 -0.1804
vn -0.8173 -0.5528 -0.1626
vn -0.6965 -0.7041 -0.1385
vn -0.5490 -0.8286 -0.1092
vn -0.3804 -0.9217 -0.0757
vn -0.1971 -0.9796 -0.0392
vn -0.1857 0.9796 -0.0769
vn -0.3584 0.9217 -0.1484
vn -0.5172 0.8286 -0.2142
vn -0.6561 0.7041 -0.2718
vn -0.7699 0.5528 -0.3189
vn -0.8544 0.3805 -0.3539
vn -0.9063 0.1939 -0.3754
vn -0.9239 -0.0000 -0.3827
vn -0.9063 -0.1939 -0.3754
vn -0.8544 -0.3805 -0.3539
vn -0.7699 -0.5528 -0.3189
vn -0.6561 -0.7041 -0.2718
vn -0.5172 -0.8286 -0.2142
vn -0.3584 -0.9217 -0.1484
vn -0.1857 -0.9796 -0.0769
vn -0.1671 0.9796 -0.1117
vn -0.3225 0.9217 -0.2155
vn -0.4654 0.8286 -0.3110
vn -0.5905 0.7041 -0.3945
vn -0.6929 0.5528 -0.4630
vn -0.7689 0.3805 -0.5138
vn -0.8157 0.1939 -0.5450
vn -0.8315 -0.0000 -0.5556
vn -0.8157 -0.1939 -0.5450
vn -0.7689 -0.3805 -0.5138
vn -0.6929 -0.5528 -0.4630
vn -0.5905 -0.7041 -0.3945
vn -0.4654 -0.8286 -0.3110
vn -0.3225 -0.9217 -0.2155
vn -0.1671 -0.9796 -0.1117
vn -0.1421 0.9796 -0.1421
vn -0.2743 0.9217 -0.2743
vn -0.3958 0.8286 -0.3958
vn -0.5021 0.7041 -0.5021
vn -0.5893 0.5528 -0.5893
vn -0.6539 0.3805 -0.6539
vn -0.6937 0.1939 -0.6937
vn -0.7071 -0.0000 -0.7071
vn -0.6937 -0.1939 -0.6937
vn -0.6539 -0.3805 -0.6539
vn -0.5893 -0.5528 -0.5893
vn -0.5021 -0.7041 -0.5021
vn -0.3958 -0.8286 -0.3958
vn -0.2743 -0.9217 -0.2743
vn -0.1421 -0.9796 -0.1421
vn -0.1117 0.9796 -0.1671
vn -0.2155 0.9217 -0.3225
vn -0.3110 0.8286 -0.4654
vn -0.3945 0.7041 -0.5905
vn -0.4630 0.5528 -0.6929
vn -0.5138 0.3805 -0.7689
vn -0.5450 0.1939 -0.8157
vn -0.5556 -0.0000 -0.8315
vn -0.5450 -0.1939 -0.8157
vn -0.5138 -0.3805 -0.7689
vn -0.4630 -0.5528 -0.6929
vn -0.3945 -0.7041 -0.5905
vn -0.3110 -0.8286 -0.4654
vn -0.2155 -0.9217 -0.3225
vn -0.1117 -0.9796 -0.1671
vn -0.0769 0.9796 -0.1857
vn -0.1484 0.9217 -0.3584
vn -0.2142 0.8286 -0.5172
vn -0.2718 0.7041 -0.6561
vn -0.3189 0.5528 -0.7699
vn -0.3539 0.3805 -0.8544
vn -0.3754 0.1939 -0.9063
vn -0.3827 -0.0000 -0.9239
vn -0.3754 -0.1939 -0.9063
vn -0.3539 -0.3805 -0.8544
vn -0.3189 -0.5528 -0.7699
vn -0.2718 -0.7041 -0.6561
vn -0.2142 -0.8286 -0.5172
vn -0.1484 -0.9217 -0.3584
vn -0.0769 -0.9796 -0.1857
vn -0.0392 0.9796 -0.1971
vn -0.0757 0.9217 -0.3804
vn -0.1092 0.8286 -0.5490
vn -0.1385 0.7041 -0.6965
vn -0.1626 0.5528 -0.8173
vn -0.1804 0.3805 -0.9070
vn -0.1914 0.1939 -0.9622
vn -0.1951 -0.0000 -0.9808
vn -0.1914 -0.1939 -0.9622
vn -0.1804 -0.3805 -0.9070
vn -0.1626 -0.5528 -0.8173
vn -0.1385 -0.7041 -0.6965
vn -0.1092 -0.8286 -0.5490
vn -0.0757 -0.9217 -0.3804
vn -0.0392 -0.9796 -0.1971
vn -0.0000 0.9796 -0.2010
vn -0.0000 0.9217 -0.3879
vn -0.0000 0.7041 -0.7101
vn -0.0000 0.3805 -0.9248
vn -0.0000 -0.3805 -0.9248
vn -0.0000 -0.7041 -0.7101
vn -0.0000 -0.8286 -0.5598
vn -0.0000 -0.9217 -0.3879
vn -0.0000 -0.9796 -0.2010
vt 0.750000 0.062500
vt 0.750000 0.125000
vt 0.718750 0.125000
vt 0.718750 0.062500
vt 0.750000 0.500000
vt 0.750000 0.562500
vt 0.718750 0.562500
vt 0.718750 0.500000
vt 0.750000 0.937500
vt 0.734375 1.000000
vt 0.718750 0.937500
vt 0.734375 0.000000
vt 0.750000 0.437500
vt 0.718750 0.437500
vt 0.750000 0.875000
vt 0.718750 0.875000
vt 0.750000 0.375000
vt 0.718750 0.375000
vt 0.750000 0.812500
vt 0.718750 0.812500
vt 0.750000 0.312500
vt 0.718750 0.312500
vt 0.750000 0.750000
vt 0.718750 0.750000
vt 0.750000 0.250000
vt 0.718750 0.250000
vt 0.750000 0.687500
vt 0.718750 0.687500
vt 0.750000 0.187500
vt 0.718750 0.187500
vt 0.750000 0.625000
vt 0.718750 0.625000
vt 0.687500 0.187500
vt 0.687500 0.125000
vt 0.687500 0.625000
vt 0.687500 0.562500
vt 0.687500 0.062500
vt 0.687500 0.500000
vt 0.703125 1.000000
vt 0.687500 0.937500
vt 0.703125 0.000000
vt 0.687500 0.437500
vt 0.687500 0.875000
vt 0.687500 0.375000
vt 0.687500 0.812500
vt 0.687500 0.312500
vt 0.687500 0.750000
vt 0.687500 0.250000
vt 0.687500 0.687500
vt 0.656250 0.875000
vt 0.656250 0.812500
vt 0.656250 0.375000
vt 0.656250 0.312500
vt 0.656250 0.750000
vt 0.656250 0.250000
vt 0.656250 0.687500
vt 0.656250 0.187500
vt 0.656250 0.625000
vt 0.656250 0.125000
vt 0.656250 0.562500
vt 0.656250 0.062500
vt 0.656250 0.500000
vt 0.671875 1.000000
vt 0.656250 0.937500
vt 0.671875 0.000000
vt 0.656250 0.437500
vt 0.625000 0.625000
vt 0.625000 0.562500
vt 0.625000 0.125000
vt 0.625000 0.062500
vt 0.625000 0.500000
vt 0.640625 1.000000
vt 0.625000 0.937500
vt 0.640625 0.000000
vt 0.625000 0.437500
vt 0.625000 0.875000
vt 0.625000 0.375000
vt 0.625000 0.812500
vt 0.625000 0.312500
vt 0.625000 0.750000
vt 0.625000 0.250000
vt 0.625000 0.687500
vt 0.625000 0.187500
vt 0.593750 0.375000
vt 0.593750 0.312500
vt 0.593750 0.812500
vt 0.593750 0.750000
vt 0.593750 0.250000
vt 0.593750 0.687500
vt 0.593750 0.187500
vt 0.593750 0.625000
vt 0.593750 0.125000
vt 0.593750 0.562500
vt 0.593750 0.062500
vt 0.593750 0.500000
vt 0.609375 1.000000
vt 0.593750 0.937500
vt 0.609375 0.000000
vt 0.593750 0.437500
vt 0.593750 0.875000
vt 0.562500 0.125000
vt 0.562500 0.062500
vt 0.562500 0.562500
vt 0.562500 0.500000
vt 0.578125 1.000000
vt 0.562500 0.937500
vt 0.578125 0.000000
vt 0.562500 0.437500
vt 0.562500 0.875000
vt 0.562500 0.375000
vt 0.562500 0.812500
vt 0.562500 0.312500
vt 0.562500 0.750000
vt 0.562500 0.250000
vt 0.562500 0.687500
vt 0.562500 0.187500
vt 0.562500 0.625000
vt 0.531250 0.812500
vt 0.531250 0.750000
vt 0.531250 0.312500
vt 0.531250 0.250000
vt 0.531250 0.687500
vt 0.531250 0.187500
vt 0.531250 0.625000
vt 0.531250 0.125000
vt 0.531250 0.562500
vt 0.531250 0.062500
vt 0.531250 0.500000
vt 0.546875 1.000000
vt 0.531250 0.937500
vt 0.546875 0.000000
vt 0.531250 0.437500
vt 0.531250 0.875000
vt 0.531250 0.375000
vt 0.500000 0.562500
vt 0.500000 0.500000
vt 0.515625 1.000000
vt 0.500000 0.937500
vt 0.515625 0.000000
vt 0.500000 0.062500
vt 0.500000 0.437500
vt 0.500000 0.875000
vt 0.500000 0.375000
vt 0.500000 0.812500
vt 0.500000 0.312500
vt 0.500000 0.750000
vt 0.500000 0.250000
vt 0.500000 0.687500
vt 0.500000 0.187500
vt 0.500000 0.625000
vt 0.500000 0.125000
vt 0.468750 0.312500
vt 0.468750 0.250000
vt 0.468750 0.750000
vt 0.468750 0.687500
vt 0.468750 0.187500
vt 0.468750 0.625000
vt 0.468750 0.125000
vt 0.468750 0.562500
vt 0.468750 0.062500
vt 0.468750 0.500000
vt 0.484375 1.000000
vt 0.468750 0.937500
vt 0.484375 0.000000
vt 0.468750 0.437500
vt 0.468750 0.875000
vt 0.468750 0.375000
vt 0.468750 0.812500
vt 0.453125 0.000000
vt 0.437500 0.062500
vt 0.437500 0.500000
vt 0.437500 0.437500
vt 0.437500 0.937500
vt 0.437500 0.875000
vt 0.437500 0.375000
vt 0.437500 0.812500
vt 0.437500 0.312500
vt 0.437500 0.750000
vt 0.437500 0.250000
vt 0.437500 0.687500
vt 0.437500 0.187500
vt 0.437500 0.625000
vt 0.437500 0.125000
vt 0.437500 0.562500
vt 0.453125 1.000000
vt 0.406250 0.250000
vt 0.406250 0.187500
vt 0.406250 0.687500
vt 0.406250 0.625000
vt 0.406250 0.125000
vt 0.406250 0.562500
vt 0.406250 0.062500
vt 0.406250 0.500000
vt 0.421875 1.000000
vt 0.406250 0.937500
vt 0.421875 0.000000
vt 0.406250 0.437500
vt 0.406250 0.875000
vt 0.406250 0.375000
vt 0.406250 0.812500
vt 0.406250 0.312500
vt 0.406250 0.750000
vt 0.375000 0.937500
vt 0.375000 0.875000
vt 0.375000 0.437500
vt 0.375000 0.375000
vt 0.375000 0.812500
vt 0.375000 0.312500
vt 0.375000 0.750000
vt 0.375000 0.250000
vt 0.375000 0.687500
vt 0.375000 0.187500
vt 0.375000 0.625000
vt 0.375000 0.125000
vt 0.375000 0.562500
vt 0.375000 0.062500
vt 0.375000 0.500000
vt 0.390625 1.000000
vt 0.390625 0.000000
vt 0.343750 0.687500
vt 0.343750 0.625000
vt 0.343750 0.187500
vt 0.343750 0.125000
vt 0.343750 0.562500
vt 0.343750 0.062500
vt 0.343750 0.500000
vt 0.359375 1.000000
vt 0.343750 0.937500
vt 0.359375 0.000000
vt 0.343750 0.437500
vt 0.343750 0.875000
vt 0.343750 0.375000
vt 0.343750 0.812500
vt 0.343750 0.312500
vt 0.343750 0.750000
vt 0.343750 0.250000
vt 0.312500 0.437500
vt 0.312500 0.375000
vt 0.312500 0.875000
vt 0.312500 0.812500
vt 0.312500 0.312500
vt 0.312500 0.750000
vt 0.312500 0.250000
vt 0.312500 0.687500
vt 0.312500 0.187500
vt 0.312500 0.625000
vt 0.312500 0.125000
vt 0.312500 0.562500
vt 0.312500 0.062500
vt 0.312500 0.500000
vt 0.328125 1.000000
vt 0.312500 0.937500
vt 0.328125 0.000000
vt 0.281250 0.187500
vt 0.281250 0.125000
vt 0.281250 0.625000
vt 0.281250 0.562500
vt 0.281250 0.062500
vt 0.281250 0.500000
vt 0.296875 1.000000
vt 0.281250 0.937500
vt 0.296875 0.000000
vt 0.281250 0.437500
vt 0.281250 0.875000
vt 0.281250 0.375000
vt 0.281250 0.812500
vt 0.281250 0.312500
vt 0.281250 0.750000
vt 0.281250 0.250000
vt 0.281250 0.687500
vt 0.250000 0.875000
vt 0.250000 0.812500
vt 0.250000 0.375000
vt 0.250000 0.312500
vt 0.250000 0.750000
vt 0.250000 0.250000
vt 0.250000 0.687500
vt 0.250000 0.187500
vt 0.250000 0.625000
vt 0.250000 0.125000
vt 0.250000 0.562500
vt 0.250000 0.062500
vt 0.250000 0.500000
vt 0.265625 1.000000
vt 0.250000 0.937500
vt 0.265625 0.000000
vt 0.250000 0.437500
vt 0.218750 0.625000
vt 0.218750 0.562500
vt 0.218750 0.125000
vt 0.218750 0.062500
vt 0.218750 0.500000
vt 0.234375 1.000000
vt 0.218750 0.937500
vt 0.234375 0.000000
vt 0.218750 0.437500
vt 0.218750 0.875000
vt 0.218750 0.375000
vt 0.218750 0.812500
vt 0.218750 0.312500
vt 0.218750 0.750000
vt 0.218750 0.250000
vt 0.218750 0.687500
vt 0.218750 0.187500
vt 0.187500 0.375000
vt 0.187500 0.312500
vt 0.187500 0.812500
vt 0.187500 0.750000
vt 0.187500 0.250000
vt 0.187500 0.687500
vt 0.187500 0.187500
vt 0.187500 0.625000
vt 0.187500 0.125000
vt 0.187500 0.562500
vt 0.187500 0.062500
vt 0.187500 0.500000
vt 0.203125 1.000000
vt 0.187500 0.937500
vt 0.203125 0.000000
vt 0.187500 0.437500
vt 0.187500 0.875000
vt 0.156250 0.125000
vt 0.156250 0.062500
vt 0.156250 0.562500
vt 0.156250 0.500000
vt 0.171875 1.000000
vt 0.156250 0.937500
vt 0.171875 0.000000
vt 0.156250 0.437500
vt 0.156250 0.875000
vt 0.156250 0.375000
vt 0.156250 0.812500
vt 0.156250 0.312500
vt 0.156250 0.750000
vt 0.156250 0.250000
vt 0.156250 0.687500
vt 0.156250 0.187500
vt 0.156250 0.625000
vt 0.125000 0.312500
vt 0.125000 0.250000
vt 0.125000 0.750000
vt 0.125000 0.687500
vt 0.125000 0.187500
vt 0.125000 0.625000
vt 0.125000 0.125000
vt 0.125000 0.562500
vt 0.125000 0.062500
vt 0.125000 0.500000
vt 0.140625 1.000000
vt 0.125000 0.937500
vt 0.140625 0.000000
vt 0.125000 0.437500
vt 0.125000 0.875000
vt 0.125000 0.375000
vt 0.125000 0.812500
vt 0.109375 1.000000
vt 0.093750 0.937500
vt 0.109375 0.000000
vt 0.093750 0.062500
vt 0.093750 0.500000
vt 0.093750 0.437500
vt 0.093750 0.875000
vt 0.093750 0.375000
vt 0.093750 0.812500
vt 0.093750 0.312500
vt 0.093750 0.750000
vt 0.093750 0.250000
vt 0.093750 0.687500
vt 0.093750 0.187500
vt 0.093750 0.625000
vt 0.093750 0.125000
vt 0.093750 0.562500
vt 0.062500 0.750000
vt 0.062500 0.687500
vt 0.062500 0.250000
vt 0.062500 0.187500
vt 0.062500 0.625000
vt 0.062500 0.125000
vt 0.062500 0.562500
vt 0.062500 0.062500
vt 0.062500 0.500000
vt 0.078125 1.000000
vt 0.062500 0.937500
vt 0.078125 0.000000
vt 0.062500 0.437500
vt 0.062500 0.875000
vt 0.062500 0.375000
vt 0.062500 0.812500
vt 0.062500 0.312500
vt 0.031250 0.500000
vt 0.031250 0.437500
vt 0.031250 0.937500
vt 0.031250 0.875000
vt 0.031250 0.375000
vt 0.031250 0.812500
vt 0.031250 0.312500
vt 0.031250 0.750000
vt 0.031250 0.250000
vt 0.031250 0.687500
vt 0.031250 0.187500
vt 0.031250 0.625000
vt 0.031250 0.125000
vt 0.031250 0.562500
vt 0.031250 0.062500
vt 0.046875 1.000000
vt 0.046875 0.000000
vt 0.000000 0.250000
vt 0.000000 0.187500
vt 0.000000 0.687500
vt 0.000000 0.625000
vt 0.000000 0.125000
vt 0.000000 0.562500
vt 0.000000 0.062500
vt 0.000000 0.500000
vt 0.015625 1.000000
vt 0.000000 0.937500
vt 0.015625 0.000000
vt 0.000000 0.437500
vt 0.000000 0.875000
vt 0.000000 0.375000
vt 0.000000 0.812500
vt 0.000000 0.312500
vt 0.000000 0.750000
vt 1.000000 0.875000
vt 1.000000 0.937500
vt 0.968750 0.937500
vt 0.968750 0.875000
vt 1.000000 0.375000
vt 1.000000 0.437500
vt 0.968750 0.437500
vt 0.968750 0.375000
vt 1.000000 0.812500
vt 0.968750 0.812500
vt 1.000000 0.312500
vt 0.968750 0.312500
vt 1.000000 0.750000
vt 0.968750 0.750000
vt 1.000000 0.250000
vt 0.968750 0.250000
vt 1.000000 0.687500
vt 0.968750 0.687500
vt 1.000000 0.187500
vt 0.968750 0.187500
vt 1.000000 0.625000
vt 0.968750 0.625000
vt 1.000000 0.125000
vt 0.968750 0.125000
vt 1.000000 0.562500
vt 0.968750 0.562500
vt 1.000000 0.062500
vt 0.968750 0.062500
vt 1.000000 0.500000
vt 0.968750 0.500000
vt 0.984375 1.000000
vt 0.984375 0.000000
vt 0.937500 0.687500
vt 0.937500 0.625000
vt 0.937500 0.187500
vt 0.937500 0.125000
vt 0.937500 0.562500
vt 0.937500 0.062500
vt 0.937500 0.500000
vt 0.953125 1.000000
vt 0.937500 0.937500
vt 0.953125 0.000000
vt 0.937500 0.437500
vt 0.937500 0.875000
vt 0.937500 0.375000
vt 0.937500 0.812500
vt 0.937500 0.312500
vt 0.937500 0.750000
vt 0.937500 0.250000
vt 0.906250 0.437500
vt 0.906250 0.375000
vt 0.906250 0.875000
vt 0.906250 0.812500
vt 0.906250 0.312500
vt 0.906250 0.750000
vt 0.906250 0.250000
vt 0.906250 0.687500
vt 0.906250 0.187500
vt 0.906250 0.625000
vt 0.906250 0.125000
vt 0.906250 0.562500
vt 0.906250 0.062500
vt 0.906250 0.500000
vt 0.921875 1.000000
vt 0.906250 0.937500
vt 0.921875 0.000000
vt 0.875000 0.187500
vt 0.875000 0.125000
vt 0.875000 0.625000
vt 0.875000 0.562500
vt 0.875000 0.062500
vt 0.875000 0.500000
vt 0.890625 1.000000
vt 0.875000 0.937500
vt 0.890625 0.000000
vt 0.875000 0.437500
vt 0.875000 0.875000
vt 0.875000 0.375000
vt 0.875000 0.812500
vt 0.875000 0.312500
vt 0.875000 0.750000
vt 0.875000 0.250000
vt 0.875000 0.687500
vt 0.843750 0.375000
vt 0.843750 0.312500
vt 0.843750 0.812500
vt 0.843750 0.750000
vt 0.843750 0.250000
vt 0.843750 0.687500
vt 0.843750 0.187500
vt 0.843750 0.625000
vt 0.843750 0.125000
vt 0.843750 0.562500
vt 0.843750 0.062500
vt 0.843750 0.500000
vt 0.859375 1.000000
vt 0.843750 0.937500
vt 0.859375 0.000000
vt 0.843750 0.437500
vt 0.843750 0.875000
vt 0.812500 0.125000
vt 0.812500 0.062500
vt 0.812500 0.562500
vt 0.812500 0.500000
vt 0.828125 1.000000
vt 0.812500 0.937500
vt 0.828125 0.000000
vt 0.812500 0.437500
vt 0.812500 0.875000
vt 0.812500 0.375000
vt 0.812500 0.812500
vt 0.812500 0.312500
vt 0.812500 0.750000
vt 0.812500 0.250000
vt 0.812500 0.687500
vt 0.812500 0.187500
vt 0.812500 0.625000
vt 0.781250 0.812500
vt 0.781250 0.750000
vt 0.781250 0.312500
vt 0.781250 0.250000
vt 0.781250 0.687500
vt 0.781250 0.187500
vt 0.781250 0.625000
vt 0.781250 0.125000
vt 0.781250 0.562500
vt 0.781250 0.062500
vt 0.781250 0.500000
vt 0.796875 1.000000
vt 0.781250 0.937500
vt 0.796875 0.000000
vt 0.781250 0.437500
vt 0.781250 0.875000
vt 0.781250 0.375000
vt 0.765625 1.000000
vt 0.765625 0.000000
s 1
usemtl Material.002
f 2987/3592/2993 2986/3593/2992 2525/3594/2531 2526/3595/2532
f 2509/3596/2515 2508/3597/2514 2518/3598/2524 2519/3599/2525
f 2979/3600/2985 2587/3601/2593 2512/3602/2518
f 2813/3603/2819 2987/3592/2993 2526/3595/2532
f 2510/3604/2516 2509/3596/2515 2519/3599/2525 2520/3605/2526
f 2980/3606/2986 2979/3600/2985 2512/3602/2518 2513/3607/2519
f 2983/3608/2989 2510/3604/2516 2520/3605/2526 2521/3609/2527
f 2506/3610/2512 2980/3606/2986 2513/3607/2519 2514/3611/2520
f 2511/3612/2517 2983/3608/2989 2521/3609/2527 2522/3613/2528
f 2981/3614/2987 2506/3610/2512 2514/3611/2520 2515/3615/2521
f 2984/3616/2990 2511/3612/2517 2522/3613/2528 2523/3617/2529
f 2507/3618/2513 2981/3614/2987 2515/3615/2521 2516/3619/2522
f 2985/3620/2991 2984/3616/2990 2523/3617/2529 2524/3621/2530
f 2982/3622/2988 2507/3618/2513 2516/3619/2522 2517/3623/2523
f 2986/3593/2992 2985/3620/2991 2524/3621/2530 2525/3594/2531
f 2508/3597/2514 2982/3622/2988 2517/3623/2523 2518/3598/2524
f 2525/3594/2531 2524/3621/2530 2539/3624/2545 2540/3625/2546
f 2518/3598/2524 2517/3623/2523 2532/3626/2538 2533/3627/2539
f 2526/3595/2532 2525/3594/2531 2540/3625/2546 2541/3628/2547
f 2519/3599/2525 2518/3598/2524 2533/3627/2539 2534/3629/2540
f 2512/3602/2518 2587/3630/2593 2527/3631/2533
f 2813/3632/2819 2526/3595/2532 2541/3628/2547
f 2520/3605/2526 2519/3599/2525 2534/3629/2540 2535/3633/2541
f 2513/3607/2519 2512/3602/2518 2527/3631/2533 2528/3634/2534
f 2521/3609/2527 2520/3605/2526 2535/3633/2541 2536/3635/2542
f 2514/3611/2520 2513/3607/2519 2528/3634/2534 2529/3636/2535
f 2522/3613/2528 2521/3609/2527 2536/3635/2542 2537/3637/2543
f 2515/3615/2521 2514/3611/2520 2529/3636/2535 2530/3638/2536
f 2523/3617/2529 2522/3613/2528 2537/3637/2543 2538/3639/2544
f 2516/3619/2522 2515/3615/2521 2530/3638/2536 2531/3640/2537
f 2524/3621/2530 2523/3617/2529 2538/3639/2544 2539/3624/2545
f 2517/3623/2523 2516/3619/2522 2531/3640/2537 2532/3626/2538
f 2529/3636/2535 2528/3634/2534 2543/3641/2549 2544/3642/2550
f 2537/3637/2543 2536/3635/2542 2551/3643/2557 2552/3644/2558
f 2530/3638/2536 2529/3636/2535 2544/3642/2550 2545/3645/2551
f 2538/3639/2544 2537/3637/2543 2552/3644/2558 2553/3646/2559
f 2531/3640/2537 2530/3638/2536 2545/3645/2551 2546/3647/2552
f 2539/3624/2545 2538/3639/2544 2553/3646/2559 2554/3648/2560
f 2532/3626/2538 2531/3640/2537 2546/3647/2552 2547/3649/2553
f 2540/3625/2546 2539/3624/2545 2554/3648/2560 2555/3650/2561
f 2533/3627/2539 2532/3626/2538 2547/3649/2553 2548/3651/2554
f 2541/3628/2547 2540/3625/2546 2555/3650/2561 2556/3652/2562
f 2534/3629/2540 2533/3627/2539 2548/3651/2554 2549/3653/2555
f 2527/3631/2533 2587/3654/2593 2542/3655/2548
f 2813/3656/2819 2541/3628/2547 2556/3652/2562
f 2535/3633/2541 2534/3629/2540 2549/3653/2555 2550/3657/2556
f 2528/3634/2534 2527/3631/2533 2542/3655/2548 2543/3641/2549
f 2536/3635/2542 2535/3633/2541 2550/3657/2556 2551/3643/2557
f 2548/3651/2554 2547/3649/2553 2562/3658/2568 2563/3659/2569
f 2556/3652/2562 2555/3650/2561 2570/3660/2576 2571/3661/2577
f 2549/3653/2555 2548/3651/2554 2563/3659/2569 2564/3662/2570
f 2542/3655/2548 2587/3663/2593 2557/3664/2563
f 2813/3665/2819 2556/3652/2562 2571/3661/2577
f 2550/3657/2556 2549/3653/2555 2564/3662/2570 2565/3666/2571
f 2543/3641/2549 2542/3655/2548 2557/3664/2563 2558/3667/2564
f 2551/3643/2557 2550/3657/2556 2565/3666/2571 2566/3668/2572
f 2544/3642/2550 2543/3641/2549 2558/3667/2564 2559/3669/2565
f 2552/3644/2558 2551/3643/2557 2566/3668/2572 2567/3670/2573
f 2545/3645/2551 2544/3642/2550 2559/3669/2565 2560/3671/2566
f 2553/3646/2559 2552/3644/2558 2567/3670/2573 2568/3672/2574
f 2546/3647/2552 2545/3645/2551 2560/3671/2566 2561/3673/2567
f 2554/3648/2560 2553/3646/2559 2568/3672/2574 2569/3674/2575
f 2547/3649/2553 2546/3647/2552 2561/3673/2567 2562/3658/2568
f 2555/3650/2561 2554/3648/2560 2569/3674/2575 2570/3660/2576
f 2567/3670/2573 2566/3668/2572 2581/3675/2587 2582/3676/2588
f 2560/3671/2566 2559/3669/2565 2574/3677/2580 2575/3678/2581
f 2568/3672/2574 2567/3670/2573 2582/3676/2588 2583/3679/2589
f 2561/3673/2567 2560/3671/2566 2575/3678/2581 2576/3680/2582
f 2569/3674/2575 2568/3672/2574 2583/3679/2589 2584/3681/2590
f 2562/3658/2568 2561/3673/2567 2576/3680/2582 2577/3682/2583
f 2570/3660/2576 2569/3674/2575 2584/3681/2590 2585/3683/2591
f 2563/3659/2569 2562/3658/2568 2577/3682/2583 2578/3684/2584
f 2571/3661/2577 2570/3660/2576 2585/3683/2591 2586/3685/2592
f 2564/3662/2570 2563/3659/2569 2578/3684/2584 2579/3686/2585
f 2557/3664/2563 2587/3687/2593 2572/3688/2578
f 2813/3689/2819 2571/3661/2577 2586/3685/2592
f 2565/3666/2571 2564/3662/2570 2579/3686/2585 2580/3690/2586
f 2558/3667/2564 2557/3664/2563 2572/3688/2578 2573/3691/2579
f 2566/3668/2572 2565/3666/2571 2580/3690/2586 2581/3675/2587
f 2559/3669/2565 2558/3667/2564 2573/3691/2579 2574/3677/2580
f 2586/3685/2592 2585/3683/2591 2601/3692/2607 2602/3693/2608
f 2579/3686/2585 2578/3684/2584 2594/3694/2600 2595/3695/2601
f 2572/3688/2578 2587/3696/2593 2588/3697/2594
f 2813/3698/2819 2586/3685/2592 2602/3693/2608
f 2580/3690/2586 2579/3686/2585 2595/3695/2601 2596/3699/2602
f 2573/3691/2579 2572/3688/2578 2588/3697/2594 2589/3700/2595
f 2581/3675/2587 2580/3690/2586 2596/3699/2602 2597/3701/2603
f 2574/3677/2580 2573/3691/2579 2589/3700/2595 2590/3702/2596
f 2582/3676/2588 2581/3675/2587 2597/3701/2603 2598/3703/2604
f 2575/3678/2581 2574/3677/2580 2590/3702/2596 2591/3704/2597
f 2583/3679/2589 2582/3676/2588 2598/3703/2604 2599/3705/2605
f 2576/3680/2582 2575/3678/2581 2591/3704/2597 2592/3706/2598
f 2584/3681/2590 2583/3679/2589 2599/3705/2605 2600/3707/2606
f 2577/3682/2583 2576/3680/2582 2592/3706/2598 2593/3708/2599
f 2585/3683/2591 2584/3681/2590 2600/3707/2606 2601/3692/2607
f 2578/3684/2584 2577/3682/2583 2593/3708/2599 2594/3694/2600
f 2591/3704/2597 2590/3702/2596 2605/3709/2611 2606/3710/2612
f 2599/3705/2605 2598/3703/2604 2613/3711/2619 2614/3712/2620
f 2592/3706/2598 2591/3704/2597 2606/3710/2612 2607/3713/2613
f 2600/3707/2606 2599/3705/2605 2614/3712/2620 2615/3714/2621
f 2593/3708/2599 2592/3706/2598 2607/3713/2613 2608/3715/2614
f 2601/3692/2607 2600/3707/2606 2615/3714/2621 2616/3716/2622
f 2594/3694/2600 2593/3708/2599 2608/3715/2614 2609/3717/2615
f 2602/3693/2608 2601/3692/2607 2616/3716/2622 2617/3718/2623
f 2595/3695/2601 2594/3694/2600 2609/3717/2615 2610/3719/2616
f 2588/3697/2594 2587/3720/2593 2603/3721/2609
f 2813/3722/2819 2602/3693/2608 2617/3718/2623
f 2596/3699/2602 2595/3695/2601 2610/3719/2616 2611/3723/2617
f 2589/3700/2595 2588/3697/2594 2603/3721/2609 2604/3724/2610
f 2597/3701/2603 2596/3699/2602 2611/3723/2617 2612/3725/2618
f 2590/3702/2596 2589/3700/2595 2604/3724/2610 2605/3709/2611
f 2598/3703/2604 2597/3701/2603 2612/3725/2618 2613/3711/2619
f 2610/3719/2616 2609/3717/2615 2624/3726/2630 2625/3727/2631
f 2603/3721/2609 2587/3728/2593 2618/3729/2624
f 2813/3730/2819 2617/3718/2623 2632/3731/2638
f 2611/3723/2617 2610/3719/2616 2625/3727/2631 2626/3732/2632
f 2604/3724/2610 2603/3721/2609 2618/3729/2624 2619/3733/2625
f 2612/3725/2618 2611/3723/2617 2626/3732/2632 2627/3734/2633
f 2605/3709/2611 2604/3724/2610 2619/3733/2625 2620/3735/2626
f 2613/3711/2619 2612/3725/2618 2627/3734/2633 2628/3736/2634
f 2606/3710/2612 2605/3709/2611 2620/3735/2626 2621/3737/2627
f 2614/3712/2620 2613/3711/2619 2628/3736/2634 2629/3738/2635
f 2607/3713/2613 2606/3710/2612 2621/3737/2627 2622/3739/2628
f 2615/3714/2621 2614/3712/2620 2629/3738/2635 2630/3740/2636
f 2608/3715/2614 2607/3713/2613 2622/3739/2628 2623/3741/2629
f 2616/3716/2622 2615/3714/2621 2630/3740/2636 2631/3742/2637
f 2609/3717/2615 2608/3715/2614 2623/3741/2629 2624/3726/2630
f 2617/3718/2623 2616/3716/2622 2631/3742/2637 2632/3731/2638
f 2629/3738/2635 2628/3736/2634 2643/3743/2649 2644/3744/2650
f 2622/3739/2628 2621/3737/2627 2636/3745/2642 2637/3746/2643
f 2630/3740/2636 2629/3738/2635 2644/3744/2650 2645/3747/2651
f 2623/3741/2629 2622/3739/2628 2637/3746/2643 2638/3748/2644
f 2631/3742/2637 2630/3740/2636 2645/3747/2651 2646/3749/2652
f 2624/3726/2630 2623/3741/2629 2638/3748/2644 2639/3750/2645
f 2632/3731/2638 2631/3742/2637 2646/3749/2652 2647/3751/2653
f 2625/3727/2631 2624/3726/2630 2639/3750/2645 2640/3752/2646
f 2618/3729/2624 2587/3753/2593 2633/3754/2639
f 2813/3755/2819 2632/3731/2638 2647/3751/2653
f 2626/3732/2632 2625/3727/2631 2640/3752/2646 2641/3756/2647
f 2619/3733/2625 2618/3729/2624 2633/3754/2639 2634/3757/2640
f 2627/3734/2633 2626/3732/2632 2641/3756/2647 2642/3758/2648
f 2620/3735/2626 2619/3733/2625 2634/3757/2640 2635/3759/2641
f 2628/3736/2634 2627/3734/2633 2642/3758/2648 2643/3743/2649
f 2621/3737/2627 2620/3735/2626 2635/3759/2641 2636/3745/2642
f 2813/3760/2819 2647/3751/2653 2662/3761/2668
f 2641/3756/2647 2640/3752/2646 2655/3762/2661 2656/3763/2662
f 2634/3757/2640 2633/3754/2639 2648/3764/2654 2649/3765/2655
f 2642/3758/2648 2641/3756/2647 2656/3763/2662 2657/3766/2663
f 2635/3759/2641 2634/3757/2640 2649/3765/2655 2650/3767/2656
f 2643/3743/2649 2642/3758/2648 2657/3766/2663 2658/3768/2664
f 2636/3745/2642 2635/3759/2641 2650/3767/2656 2651/3769/2657
f 2644/3744/2650 2643/3743/2649 2658/3768/2664 2659/3770/2665
f 2637/3746/2643 2636/3745/2642 2651/3769/2657 2652/3771/2658
f 2645/3747/2651 2644/3744/2650 2659/3770/2665 2660/3772/2666
f 2638/3748/2644 2637/3746/2643 2652/3771/2658 2653/3773/2659
f 2646/3749/2652 2645/3747/2651 2660/3772/2666 2661/3774/2667
f 2639/3750/2645 2638/3748/2644 2653/3773/2659 2654/3775/2660
f 2647/3751/2653 2646/3749/2652 2661/3774/2667 2662/3761/2668
f 2640/3752/2646 2639/3750/2645 2654/3775/2660 2655/3762/2661
f 2633/3754/2639 2587/3776/2593 2648/3764/2654
f 2660/3772/2666 2659/3770/2665 2674/3777/2680 2675/3778/2681
f 2653/3773/2659 2652/3771/2658 2667/3779/2673 2668/3780/2674
f 2661/3774/2667 2660/3772/2666 2675/3778/2681 2676/3781/2682
f 2654/3775/2660 2653/3773/2659 2668/3780/2674 2669/3782/2675
f 2662/3761/2668 2661/3774/2667 2676/3781/2682 2677/3783/2683
f 2655/3762/2661 2654/3775/2660 2669/3782/2675 2670/3784/2676
f 2648/3764/2654 2587/3785/2593 2663/3786/2669
f 2813/3787/2819 2662/3761/2668 2677/3783/2683
f 2656/3763/2662 2655/3762/2661 2670/3784/2676 2671/3788/2677
f 2649/3765/2655 2648/3764/2654 2663/3786/2669 2664/3789/2670
f 2657/3766/2663 2656/3763/2662 2671/3788/2677 2672/3790/2678
f 2650/3767/2656 2649/3765/2655 2664/3789/2670 2665/3791/2671
f 2658/3768/2664 2657/3766/2663 2672/3790/2678 2673/3792/2679
f 2651/3769/2657 2650/3767/2656 2665/3791/2671 2666/3793/2672
f 2659/3770/2665 2658/3768/2664 2673/3792/2679 2674/3777/2680
f 2652/3771/2658 2651/3769/2657 2666/3793/2672 2667/3779/2673
f 2664/3789/2670 2663/3786/2669 2678/3794/2684 2679/3795/2685
f 2672/3790/2678 2671/3788/2677 2686/3796/2692 2687/3797/2693
f 2665/3791/2671 2664/3789/2670 2679/3795/2685 2680/3798/2686
f 2673/3792/2679 2672/3790/2678 2687/3797/2693 2688/3799/2694
f 2666/3793/2672 2665/3791/2671 2680/3798/2686 2681/3800/2687
f 2674/3777/2680 2673/3792/2679 2688/3799/2694 2689/3801/2695
f 2667/3779/2673 2666/3793/2672 2681/3800/2687 2682/3802/2688
f 2675/3778/2681 2674/3777/2680 2689/3801/2695 2690/3803/2696
f 2668/3780/2674 2667/3779/2673 2682/3802/2688 2683/3804/2689
f 2676/3781/2682 2675/3778/2681 2690/3803/2696 2691/3805/2697
f 2669/3782/2675 2668/3780/2674 2683/3804/2689 2684/3806/2690
f 2677/3783/2683 2676/3781/2682 2691/3805/2697 2692/3807/2698
f 2670/3784/2676 2669/3782/2675 2684/3806/2690 2685/3808/2691
f 2663/3786/2669 2587/3809/2593 2678/3794/2684
f 2813/3810/2819 2677/3783/2683 2692/3807/2698
f 2671/3788/2677 2670/3784/2676 2685/3808/2691 2686/3796/2692
f 2683/3804/2689 2682/3802/2688 2697/3811/2703 2698/3812/2704
f 2691/3805/2697 2690/3803/2696 2705/3813/2711 2706/3814/2712
f 2684/3806/2690 2683/3804/2689 2698/3812/2704 2699/3815/2705
f 2692/3807/2698 2691/3805/2697 2706/3814/2712 2707/3816/2713
f 2685/3808/2691 2684/3806/2690 2699/3815/2705 2700/3817/2706
f 2678/3794/2684 2587/3818/2593 2693/3819/2699
f 2813/3820/2819 2692/3807/2698 2707/3816/2713
f 2686/3796/2692 2685/3808/2691 2700/3817/2706 2701/3821/2707
f 2679/3795/2685 2678/3794/2684 2693/3819/2699 2694/3822/2700
f 2687/3797/2693 2686/3796/2692 2701/3821/2707 2702/3823/2708
f 2680/3798/2686 2679/3795/2685 2694/3822/2700 2695/3824/2701
f 2688/3799/2694 2687/3797/2693 2702/3823/2708 2703/3825/2709
f 2681/3800/2687 2680/3798/2686 2695/3824/2701 2696/3826/2702
f 2689/3801/2695 2688/3799/2694 2703/3825/2709 2704/3827/2710
f 2682/3802/2688 2681/3800/2687 2696/3826/2702 2697/3811/2703
f 2690/3803/2696 2689/3801/2695 2704/3827/2710 2705/3813/2711
f 2702/3823/2708 2701/3821/2707 2716/3828/2722 2717/3829/2723
f 2695/3824/2701 2694/3822/2700 2709/3830/2715 2710/3831/2716
f 2703/3825/2709 2702/3823/2708 2717/3829/2723 2718/3832/2724
f 2696/3826/2702 2695/3824/2701 2710/3831/2716 2711/3833/2717
f 2704/3827/2710 2703/3825/2709 2718/3832/2724 2719/3834/2725
f 2697/3811/2703 2696/3826/2702 2711/3833/2717 2712/3835/2718
f 2705/3813/2711 2704/3827/2710 2719/3834/2725 2720/3836/2726
f 2698/3812/2704 2697/3811/2703 2712/3835/2718 2713/3837/2719
f 2706/3814/2712 2705/3813/2711 2720/3836/2726 2721/3838/2727
f 2699/3815/2705 2698/3812/2704 2713/3837/2719 2714/3839/2720
f 2707/3816/2713 2706/3814/2712 2721/3838/2727 2722/3840/2728
f 2700/3817/2706 2699/3815/2705 2714/3839/2720 2715/3841/2721
f 2693/3819/2699 2587/3842/2593 2708/3843/2714
f 2813/3844/2819 2707/3816/2713 2722/3840/2728
f 2701/3821/2707 2700/3817/2706 2715/3841/2721 2716/3828/2722
f 2694/3822/2700 2693/3819/2699 2708/3843/2714 2709/3830/2715
f 2721/3838/2727 2720/3836/2726 2735/3845/2741 2736/3846/2742
f 2714/3839/2720 2713/3837/2719 2728/3847/2734 2729/3848/2735
f 2722/3840/2728 2721/3838/2727 2736/3846/2742 2737/3849/2743
f 2715/3841/2721 2714/3839/2720 2729/3848/2735 2730/3850/2736
f 2708/3843/2714 2587/3851/2593 2723/3852/2729
f 2813/3853/2819 2722/3840/2728 2737/3849/2743
f 2716/3828/2722 2715/3841/2721 2730/3850/2736 2731/3854/2737
f 2709/3830/2715 2708/3843/2714 2723/3852/2729 2724/3855/2730
f 2717/3829/2723 2716/3828/2722 2731/3854/2737 2732/3856/2738
f 2710/3831/2716 2709/3830/2715 2724/3855/2730 2725/3857/2731
f 2718/3832/2724 2717/3829/2723 2732/3856/2738 2733/3858/2739
f 2711/3833/2717 2710/3831/2716 2725/3857/2731 2726/3859/2732
f 2719/3834/2725 2718/3832/2724 2733/3858/2739 2734/3860/2740
f 2712/3835/2718 2711/3833/2717 2726/3859/2732 2727/3861/2733
f 2720/3836/2726 2719/3834/2725 2734/3860/2740 2735/3845/2741
f 2713/3837/2719 2712/3835/2718 2727/3861/2733 2728/3847/2734
f 2725/3857/2731 2724/3855/2730 2739/3862/2745 2740/3863/2746
f 2733/3858/2739 2732/3856/2738 2747/3864/2753 2748/3865/2754
f 2726/3859/2732 2725/3857/2731 2740/3863/2746 2741/3866/2747
f 2734/3860/2740 2733/3858/2739 2748/3865/2754 2749/3867/2755
f 2727/3861/2733 2726/3859/2732 2741/3866/2747 2742/3868/2748
f 2735/3845/2741 2734/3860/2740 2749/3867/2755 2750/3869/2756
f 2728/3847/2734 2727/3861/2733 2742/3868/2748 2743/3870/2749
f 2736/3846/2742 2735/3845/2741 2750/3869/2756 2751/3871/2757
f 2729/3848/2735 2728/3847/2734 2743/3870/2749 2744/3872/2750
f 2737/3849/2743 2736/3846/2742 2751/3871/2757 2752/3873/2758
f 2730/3850/2736 2729/3848/2735 2744/3872/2750 2745/3874/2751
f 2723/3852/2729 2587/3875/2593 2738/3876/2744
f 2813/3877/2819 2737/3849/2743 2752/3873/2758
f 2731/3854/2737 2730/3850/2736 2745/3874/2751 2746/3878/2752
f 2724/3855/2730 2723/3852/2729 2738/3876/2744 2739/3862/2745
f 2732/3856/2738 2731/3854/2737 2746/3878/2752 2747/3864/2753
f 2744/3872/2750 2743/3870/2749 2758/3879/2764 2759/3880/2765
f 2752/3873/2758 2751/3871/2757 2766/3881/2772 2767/3882/2773
f 2745/3874/2751 2744/3872/2750 2759/3880/2765 2760/3883/2766
f 2738/3876/2744 2587/3884/2593 2753/3885/2759
f 2813/3886/2819 2752/3873/2758 2767/3882/2773
f 2746/3878/2752 2745/3874/2751 2760/3883/2766 2761/3887/2767
f 2739/3862/2745 2738/3876/2744 2753/3885/2759 2754/3888/2760
f 2747/3864/2753 2746/3878/2752 2761/3887/2767 2762/3889/2768
f 2740/3863/2746 2739/3862/2745 2754/3888/2760 2755/3890/2761
f 2748/3865/2754 2747/3864/2753 2762/3889/2768 2763/3891/2769
f 2741/3866/2747 2740/3863/2746 2755/3890/2761 2756/3892/2762
f 2749/3867/2755 2748/3865/2754 2763/3891/2769 2764/3893/2770
f 2742/3868/2748 2741/3866/2747 2756/3892/2762 2757/3894/2763
f 2750/3869/2756 2749/3867/2755 2764/3893/2770 2765/3895/2771
f 2743/3870/2749 2742/3868/2748 2757/3894/2763 2758/3879/2764
f 2751/3871/2757 2750/3869/2756 2765/3895/2771 2766/3881/2772
f 2763/3891/2769 2762/3889/2768 2777/3896/2783 2778/3897/2784
f 2756/3892/2762 2755/3890/2761 2770/3898/2776 2771/3899/2777
f 2764/3893/2770 2763/3891/2769 2778/3897/2784 2779/3900/2785
f 2757/3894/2763 2756/3892/2762 2771/3899/2777 2772/3901/2778
f 2765/3895/2771 2764/3893/2770 2779/3900/2785 2780/3902/2786
f 2758/3879/2764 2757/3894/2763 2772/3901/2778 2773/3903/2779
f 2766/3881/2772 2765/3895/2771 2780/3902/2786 2781/3904/2787
f 2759/3880/2765 2758/3879/2764 2773/3903/2779 2774/3905/2780
f 2767/3882/2773 2766/3881/2772 2781/3904/2787 2782/3906/2788
f 2760/3883/2766 2759/3880/2765 2774/3905/2780 2775/3907/2781
f 2753/3885/2759 2587/3908/2593 2768/3909/2774
f 2813/3910/2819 2767/3882/2773 2782/3906/2788
f 2761/3887/2767 2760/3883/2766 2775/3907/2781 2776/3911/2782
f 2754/3888/2760 2753/3885/2759 2768/3909/2774 2769/3912/2775
f 2762/3889/2768 2761/3887/2767 2776/3911/2782 2777/3896/2783
f 2755/3890/2761 2754/3888/2760 2769/3912/2775 2770/3898/2776
f 2782/3906/2788 2781/3904/2787 2796/3913/2802 2797/3914/2803
f 2775/3907/2781 2774/3905/2780 2789/3915/2795 2790/3916/2796
f 2768/3909/2774 2587/3917/2593 2783/3918/2789
f 2813/3919/2819 2782/3906/2788 2797/3914/2803
f 2776/3911/2782 2775/3907/2781 2790/3916/2796 2791/3920/2797
f 2769/3912/2775 2768/3909/2774 2783/3918/2789 2784/3921/2790
f 2777/3896/2783 2776/3911/2782 2791/3920/2797 2792/3922/2798
f 2770/3898/2776 2769/3912/2775 2784/3921/2790 2785/3923/2791
f 2778/3897/2784 2777/3896/2783 2792/3922/2798 2793/3924/2799
f 2771/3899/2777 2770/3898/2776 2785/3923/2791 2786/3925/2792
f 2779/3900/2785 2778/3897/2784 2793/3924/2799 2794/3926/2800
f 2772/3901/2778 2771/3899/2777 2786/3925/2792 2787/3927/2793
f 2780/3902/2786 2779/3900/2785 2794/3926/2800 2795/3928/2801
f 2773/3903/2779 2772/3901/2778 2787/3927/2793 2788/3929/2794
f 2781/3904/2787 2780/3902/2786 2795/3928/2801 2796/3913/2802
f 2774/3905/2780 2773/3903/2779 2788/3929/2794 2789/3915/2795
f 2794/3926/2800 2793/3924/2799 2808/3930/2814 2809/3931/2815
f 2787/3927/2793 2786/3925/2792 2801/3932/2807 2802/3933/2808
f 2795/3928/2801 2794/3926/2800 2809/3931/2815 2810/3934/2816
f 2788/3929/2794 2787/3927/2793 2802/3933/2808 2803/3935/2809
f 2796/3913/2802 2795/3928/2801 2810/3934/2816 2811/3936/2817
f 2789/3915/2795 2788/3929/2794 2803/3935/2809 2804/3937/2810
f 2797/3914/2803 2796/3913/2802 2811/3936/2817 2812/3938/2818
f 2790/3916/2796 2789/3915/2795 2804/3937/2810 2805/3939/2811
f 2783/3918/2789 2587/3940/2593 2798/3941/2804
f 2813/3942/2819 2797/3914/2803 2812/3938/2818
f 2791/3920/2797 2790/3916/2796 2805/3939/2811 2806/3943/2812
f 2784/3921/2790 2783/3918/2789 2798/3941/2804 2799/3944/2805
f 2792/3922/2798 2791/3920/2797 2806/3943/2812 2807/3945/2813
f 2785/3923/2791 2784/3921/2790 2799/3944/2805 2800/3946/2806
f 2793/3924/2799 2792/3922/2798 2807/3945/2813 2808/3930/2814
f 2786/3925/2792 2785/3923/2791 2800/3946/2806 2801/3932/2807
f 2798/3941/2804 2587/3947/2593 2814/3948/2820
f 2813/3949/2819 2812/3938/2818 2828/3950/2834
f 2806/3943/2812 2805/3939/2811 2821/3951/2827 2822/3952/2828
f 2799/3944/2805 2798/3941/2804 2814/3948/2820 2815/3953/2821
f 2807/3945/2813 2806/3943/2812 2822/3952/2828 2823/3954/2829
f 2800/3946/2806 2799/3944/2805 2815/3953/2821 2816/3955/2822
f 2808/3930/2814 2807/3945/2813 2823/3954/2829 2824/3956/2830
f 2801/3932/2807 2800/3946/2806 2816/3955/2822 2817/3957/2823
f 2809/3931/2815 2808/3930/2814 2824/3956/2830 2825/3958/2831
f 2802/3933/2808 2801/3932/2807 2817/3957/2823 2818/3959/2824
f 2810/3934/2816 2809/3931/2815 2825/3958/2831 2826/3960/2832
f 2803/3935/2809 2802/3933/2808 2818/3959/2824 2819/3961/2825
f 2811/3936/2817 2810/3934/2816 2826/3960/2832 2827/3962/2833
f 2804/3937/2810 2803/3935/2809 2819/3961/2825 2820/3963/2826
f 2812/3938/2818 2811/3936/2817 2827/3962/2833 2828/3950/2834
f 2805/3939/2811 2804/3937/2810 2820/3963/2826 2821/3951/2827
f 2818/3959/2824 2817/3957/2823 2832/3964/2838 2833/3965/2839
f 2826/3960/2832 2825/3958/2831 2840/3966/2846 2841/3967/2847
f 2819/3961/2825 2818/3959/2824 2833/3965/2839 2834/3968/2840
f 2827/3962/2833 2826/3960/2832 2841/3967/2847 2842/3969/2848
f 2820/3963/2826 2819/3961/2825 2834/3968/2840 2835/3970/2841
f 2828/3950/2834 2827/3962/2833 2842/3969/2848 2843/3971/2849
f 2821/3951/2827 2820/3963/2826 2835/3970/2841 2836/3972/2842
f 2814/3948/2820 2587/3973/2593 2829/3974/2835
f 2813/3975/2819 2828/3950/2834 2843/3971/2849
f 2822/3952/2828 2821/3951/2827 2836/3972/2842 2837/3976/2843
f 2815/3953/2821 2814/3948/2820 2829/3974/2835 2830/3977/2836
f 2823/3954/2829 2822/3952/2828 2837/3976/2843 2838/3978/2844
f 2816/3955/2822 2815/3953/2821 2830/3977/2836 2831/3979/2837
f 2824/3956/2830 2823/3954/2829 2838/3978/2844 2839/3980/2845
f 2817/3957/2823 2816/3955/2822 2831/3979/2837 2832/3964/2838
f 2825/3958/2831 2824/3956/2830 2839/3980/2845 2840/3966/2846
f 2837/3976/2843 2836/3972/2842 2851/3981/2857 2852/3982/2858
f 2830/3977/2836 2829/3974/2835 2844/3983/2850 2845/3984/2851
f 2838/3978/2844 2837/3976/2843 2852/3982/2858 2853/3985/2859
f 2831/3979/2837 2830/3977/2836 2845/3984/2851 2846/3986/2852
f 2839/3980/2845 2838/3978/2844 2853/3985/2859 2854/3987/2860
f 2832/3964/2838 2831/3979/2837 2846/3986/2852 2847/3988/2853
f 2840/3966/2846 2839/3980/2845 2854/3987/2860 2855/3989/2861
f 2833/3965/2839 2832/3964/2838 2847/3988/2853 2848/3990/2854
f 2841/3967/2847 2840/3966/2846 2855/3989/2861 2856/3991/2862
f 2834/3968/2840 2833/3965/2839 2848/3990/2854 2849/3992/2855
f 2842/3969/2848 2841/3967/2847 2856/3991/2862 2857/3993/2863
f 2835/3970/2841 2834/3968/2840 2849/3992/2855 2850/3994/2856
f 2843/3971/2849 2842/3969/2848 2857/3993/2863 2858/3995/2864
f 2836/3972/2842 2835/3970/2841 2850/3994/2856 2851/3981/2857
f 2829/3974/2835 2587/3996/2593 2844/3983/2850
f 2813/3997/2819 2843/3971/2849 2858/3995/2864
f 2856/3991/2862 2855/3989/2861 2870/3998/2876 2871/3999/2877
f 2849/3992/2855 2848/3990/2854 2863/4000/2869 2864/4001/2870
f 2857/3993/2863 2856/3991/2862 2871/3999/2877 2872/4002/2878
f 2850/3994/2856 2849/3992/2855 2864/4001/2870 2865/4003/2871
f 2858/3995/2864 2857/3993/2863 2872/4002/2878 2873/4004/2879
f 2851/3981/2857 2850/3994/2856 2865/4003/2871 2866/4005/2872
f 2844/3983/2850 2587/4006/2593 2859/4007/2865
f 2813/4008/2819 2858/3995/2864 2873/4004/2879
f 2852/3982/2858 2851/3981/2857 2866/4005/2872 2867/4009/2873
f 2845/3984/2851 2844/3983/2850 2859/4007/2865 2860/4010/2866
f 2853/3985/2859 2852/3982/2858 2867/4009/2873 2868/4011/2874
f 2846/3986/2852 2845/3984/2851 2860/4010/2866 2861/4012/2867
f 2854/3987/2860 2853/3985/2859 2868/4011/2874 2869/4013/2875
f 2847/3988/2853 2846/3986/2852 2861/4012/2867 2862/4014/2868
f 2855/3989/2861 2854/3987/2860 2869/4013/2875 2870/3998/2876
f 2848/3990/2854 2847/3988/2853 2862/4014/2868 2863/4000/2869
f 2860/4015/2866 2859/4016/2865 2874/4017/2880 2875/4018/2881
f 2868/4019/2874 2867/4020/2873 2882/4021/2888 2883/4022/2889
f 2861/4023/2867 2860/4015/2866 2875/4018/2881 2876/4024/2882
f 2869/4025/2875 2868/4019/2874 2883/4022/2889 2884/4026/2890
f 2862/4027/2868 2861/4023/2867 2876/4024/2882 2877/4028/2883
f 2870/4029/2876 2869/4025/2875 2884/4026/2890 2885/4030/2891
f 2863/4031/2869 2862/4027/2868 2877/4028/2883 2878/4032/2884
f 2871/4033/2877 2870/4029/2876 2885/4030/2891 2886/4034/2892
f 2864/4035/2870 2863/4031/2869 2878/4032/2884 2879/4036/2885
f 2872/4037/2878 2871/4033/2877 2886/4034/2892 2887/4038/2893
f 2865/4039/2871 2864/4035/2870 2879/4036/2885 2880/4040/2886
f 2873/4041/2879 2872/4037/2878 2887/4038/2893 2888/4042/2894
f 2866/4043/2872 2865/4039/2871 2880/4040/2886 2881/4044/2887
f 2859/4016/2865 2587/4045/2593 2874/4017/2880
f 2813/4046/2819 2873/4041/2879 2888/4042/2894
f 2867/4020/2873 2866/4043/2872 2881/4044/2887 2882/4021/2888
f 2879/4036/2885 2878/4032/2884 2893/4047/2899 2894/4048/2900
f 2887/4038/2893 2886/4034/2892 2901/4049/2907 2902/4050/2908
f 2880/4040/2886 2879/4036/2885 2894/4048/2900 2895/4051/2901
f 2888/4042/2894 2887/4038/2893 2902/4050/2908 2903/4052/2909
f 2881/4044/2887 2880/4040/2886 2895/4051/2901 2896/4053/2902
f 2874/4017/2880 2587/4054/2593 2889/4055/2895
f 2813/4056/2819 2888/4042/2894 2903/4052/2909
f 2882/4021/2888 2881/4044/2887 2896/4053/2902 2897/4057/2903
f 2875/4018/2881 2874/4017/2880 2889/4055/2895 2890/4058/2896
f 2883/4022/2889 2882/4021/2888 2897/4057/2903 2898/4059/2904
f 2876/4024/2882 2875/4018/2881 2890/4058/2896 2891/4060/2897
f 2884/4026/2890 2883/4022/2889 2898/4059/2904 2899/4061/2905
f 2877/4028/2883 2876/4024/2882 2891/4060/2897 2892/4062/2898
f 2885/4030/2891 2884/4026/2890 2899/4061/2905 2900/4063/2906
f 2878/4032/2884 2877/4028/2883 2892/4062/2898 2893/4047/2899
f 2886/4034/2892 2885/4030/2891 2900/4063/2906 2901/4049/2907
f 2898/4059/2904 2897/4057/2903 2912/4064/2918 2913/4065/2919
f 2891/4060/2897 2890/4058/2896 2905/4066/2911 2906/4067/2912
f 2899/4061/2905 2898/4059/2904 2913/4065/2919 2914/4068/2920
f 2892/4062/2898 2891/4060/2897 2906/4067/2912 2907/4069/2913
f 2900/4063/2906 2899/4061/2905 2914/4068/2920 2915/4070/2921
f 2893/4047/2899 2892/4062/2898 2907/4069/2913 2908/4071/2914
f 2901/4049/2907 2900/4063/2906 2915/4070/2921 2916/4072/2922
f 2894/4048/2900 2893/4047/2899 2908/4071/2914 2909/4073/2915
f 2902/4050/2908 2901/4049/2907 2916/4072/2922 2917/4074/2923
f 2895/4051/2901 2894/4048/2900 2909/4073/2915 2910/4075/2916
f 2903/4052/2909 2902/4050/2908 2917/4074/2923 2918/4076/2924
f 2896/4053/2902 2895/4051/2901 2910/4075/2916 2911/4077/2917
f 2889/4055/2895 2587/4078/2593 2904/4079/2910
f 2813/4080/2819 2903/4052/2909 2918/4076/2924
f 2897/4057/2903 2896/4053/2902 2911/4077/2917 2912/4064/2918
f 2890/4058/2896 2889/4055/2895 2904/4079/2910 2905/4066/2911
f 2917/4074/2923 2916/4072/2922 2931/4081/2937 2932/4082/2938
f 2910/4075/2916 2909/4073/2915 2924/4083/2930 2925/4084/2931
f 2918/4076/2924 2917/4074/2923 2932/4082/2938 2933/4085/2939
f 2911/4077/2917 2910/4075/2916 2925/4084/2931 2926/4086/2932
f 2904/4079/2910 2587/4087/2593 2919/4088/2925
f 2813/4089/2819 2918/4076/2924 2933/4085/2939
f 2912/4064/2918 2911/4077/2917 2926/4086/2932 2927/4090/2933
f 2905/4066/2911 2904/4079/2910 2919/4088/2925 2920/4091/2926
f 2913/4065/2919 2912/4064/2918 2927/4090/2933 2928/4092/2934
f 2906/4067/2912 2905/4066/2911 2920/4091/2926 2921/4093/2927
f 2914/4068/2920 2913/4065/2919 2928/4092/2934 2929/4094/2935
f 2907/4069/2913 2906/4067/2912 2921/4093/2927 2922/4095/2928
f 2915/4070/2921 2914/4068/2920 2929/4094/2935 2930/4096/2936
f 2908/4071/2914 2907/4069/2913 2922/4095/2928 2923/4097/2929
f 2916/4072/2922 2915/4070/2921 2930/4096/2936 2931/4081/2937
f 2909/4073/2915 2908/4071/2914 2923/4097/2929 2924/4083/2930
f 2929/4094/2935 2928/4092/2934 2943/4098/2949 2944/4099/2950
f 2922/4095/2928 2921/4093/2927 2936/4100/2942 2937/4101/2943
f 2930/4096/2936 2929/4094/2935 2944/4099/2950 2945/4102/2951
f 2923/4097/2929 2922/4095/2928 2937/4101/2943 2938/4103/2944
f 2931/4081/2937 2930/4096/2936 2945/4102/2951 2946/4104/2952
f 2924/4083/2930 2923/4097/2929 2938/4103/2944 2939/4105/2945
f 2932/4082/2938 2931/4081/2937 2946/4104/2952 2947/4106/2953
f 2925/4084/2931 2924/4083/2930 2939/4105/2945 2940/4107/2946
f 2933/4085/2939 2932/4082/2938 2947/4106/2953 2948/4108/2954
f 2926/4086/2932 2925/4084/2931 2940/4107/2946 2941/4109/2947
f 2919/4088/2925 2587/4110/2593 2934/4111/2940
f 2813/4112/2819 2933/4085/2939 2948/4108/2954
f 2927/4090/2933 2926/4086/2932 2941/4109/2947 2942/4113/2948
f 2920/4091/2926 2919/4088/2925 2934/4111/2940 2935/4114/2941
f 2928/4092/2934 2927/4090/2933 2942/4113/2948 2943/4098/2949
f 2921/4093/2927 2920/4091/2926 2935/4114/2941 2936/4100/2942
f 2948/4108/2954 2947/4106/2953 2962/4115/2968 2963/4116/2969
f 2941/4109/2947 2940/4107/2946 2955/4117/2961 2956/4118/2962
f 2934/4111/2940 2587/4119/2593 2949/4120/2955
f 2813/4121/2819 2948/4108/2954 2963/4116/2969
f 2942/4113/2948 2941/4109/2947 2956/4118/2962 2957/4122/2963
f 2935/4114/2941 2934/4111/2940 2949/4120/2955 2950/4123/2956
f 2943/4098/2949 2942/4113/2948 2957/4122/2963 2958/4124/2964
f 2936/4100/2942 2935/4114/2941 2950/4123/2956 2951/4125/2957
f 2944/4099/2950 2943/4098/2949 2958/4124/2964 2959/4126/2965
f 2937/4101/2943 2936/4100/2942 2951/4125/2957 2952/4127/2958
f 2945/4102/2951 2944/4099/2950 2959/4126/2965 2960/4128/2966
f 2938/4103/2944 2937/4101/2943 2952/4127/2958 2953/4129/2959
f 2946/4104/2952 2945/4102/2951 2960/4128/2966 2961/4130/2967
f 2939/4105/2945 2938/4103/2944 2953/4129/2959 2954/4131/2960
f 2947/4106/2953 2946/4104/2952 2961/4130/2967 2962/4115/2968
f 2940/4107/2946 2939/4105/2945 2954/4131/2960 2955/4117/2961
f 2952/4127/2958 2951/4125/2957 2966/4132/2972 2967/4133/2973
f 2960/4128/2966 2959/4126/2965 2974/4134/2980 2975/4135/2981
f 2953/4129/2959 2952/4127/2958 2967/4133/2973 2968/4136/2974
f 2961/4130/2967 2960/4128/2966 2975/4135/2981 2976/4137/2982
f 2954/4131/2960 2953/4129/2959 2968/4136/2974 2969/4138/2975
f 2962/4115/2968 2961/4130/2967 2976/4137/2982 2977/4139/2983
f 2955/4117/2961 2954/4131/2960 2969/4138/2975 2970/4140/2976
f 2963/4116/2969 2962/4115/2968 2977/4139/2983 2978/4141/2984
f 2956/4118/2962 2955/4117/2961 2970/4140/2976 2971/4142/2977
f 2949/4120/2955 2587/4143/2593 2964/4144/2970
f 2813/4145/2819 2963/4116/2969 2978/4141/2984
f 2957/4122/2963 2956/4118/2962 2971/4142/2977 2972/4146/2978
f 2950/4123/2956 2949/4120/2955 2964/4144/2970 2965/4147/2971
f 2958/4124/2964 2957/4122/2963 2972/4146/2978 2973/4148/2979
f 2951/4125/2957 2950/4123/2956 2965/4147/2971 2966/4132/2972
f 2959/4126/2965 2958/4124/2964 2973/4148/2979 2974/4134/2980
f 2971/4142/2977 2970/4140/2976 2508/3597/2514 2509/3596/2515
f 2964/4144/2970 2587/4149/2593 2979/3600/2985
f 2813/4150/2819 2978/4141/2984 2987/3592/2993
f 2972/4146/2978 2971/4142/2977 2509/3596/2515 2510/3604/2516
f 2965/4147/2971 2964/4144/2970 2979/3600/2985 2980/3606/2986
f 2973/4148/2979 2972/4146/2978 2510/3604/2516 2983/3608/2989
f 2966/4132/2972 2965/4147/2971 2980/3606/2986 2506/3610/2512
f 2974/4134/2980 2973/4148/2979 2983/3608/2989 2511/3612/2517
f 2967/4133/2973 2966/4132/2972 2506/3610/2512 2981/3614/2987
f 2975/4135/2981 2974/4134/2980 2511/3612/2517 2984/3616/2990
f 2968/4136/2974 2967/4133/2973 2981/3614/2987 2507/3618/2513
f 2976/4137/2982 2975/4135/2981 2984/3616/2990 2985/3620/2991
f 2969/4138/2975 2968/4136/2974 2507/3618/2513 2982/3622/2988
f 2977/4139/2983 2976/4137/2982 2985/3620/2991 2986/3593/2992
f 2970/4140/2976 2969/4138/2975 2982/3622/2988 2508/3597/2514
f 2978/4141/2984 2977/4139/2983 2986/3593/2992 2987/3592/2993
